series_id,year,reference_date,dimension,category,category_source,value,value_kind,unit,source_file,source_sheet,built_at
foreign_employment,2016,平成28年10月末現在,総数,　全国計,　全国計,172798,事業所数,所,2016_648474.xlsx,（別表２）,2026-09-07T13:45:09Z
foreign_employment,2016,平成28年10月末現在,総数,　全国計,　全国計,16389,うち派遣・請負事業所,所,2016_648474.xlsx,（別表２）,2026-09-07T13:45:09Z
foreign_employment,2016,平成28年10月末現在,総数,　全国計,　全国計,1083769,外国人労働者数,人,2016_648474.xlsx,（別表２）,2026-09-07T13:45:09Z
foreign_employment,2016,平成28年10月末現在,総数,　全国計,　全国計,237542,うち派遣・請負労働者,人,2016_648474.xlsx,（別表２）,2026-09-07T13:45:09Z
foreign_employment,2016,平成28年10月末現在,都道府県,北海道,北海道,3217,事業所数,所,2016_648474.xlsx,（別表２）,2026-09-07T13:45:09Z
foreign_employment,2016,平成28年10月末現在,都道府県,北海道,北海道,130,うち派遣・請負事業所,所,2016_648474.xlsx,（別表２）,2026-09-07T13:45:09Z
foreign_employment,2016,平成28年10月末現在,都道府県,北海道,北海道,15081,外国人労働者数,人,2016_648474.xlsx,（別表２）,2026-09-07T13:45:09Z
foreign_employment,2016,平成28年10月末現在,都道府県,北海道,北海道,635,うち派遣・請負労働者,人,2016_648474.xlsx,（別表２）,2026-09-07T13:45:09Z
foreign_employment,2016,平成28年10月末現在,都道府県,青森,青森,483,事業所数,所,2016_648474.xlsx,（別表２）,2026-09-07T13:45:09Z
foreign_employment,2016,平成28年10月末現在,都道府県,青森,青森,12,うち派遣・請負事業所,所,2016_648474.xlsx,（別表２）,2026-09-07T13:45:09Z
foreign_employment,2016,平成28年10月末現在,都道府県,青森,青森,2141,外国人労働者数,人,2016_648474.xlsx,（別表２）,2026-09-07T13:45:09Z
foreign_employment,2016,平成28年10月末現在,都道府県,青森,青森,17,うち派遣・請負労働者,人,2016_648474.xlsx,（別表２）,2026-09-07T13:45:09Z
foreign_employment,2016,平成28年10月末現在,都道府県,岩手,岩手,664,事業所数,所,2016_648474.xlsx,（別表２）,2026-09-07T13:45:09Z
foreign_employment,2016,平成28年10月末現在,都道府県,岩手,岩手,34,うち派遣・請負事業所,所,2016_648474.xlsx,（別表２）,2026-09-07T13:45:09Z
foreign_employment,2016,平成28年10月末現在,都道府県,岩手,岩手,3418,外国人労働者数,人,2016_648474.xlsx,（別表２）,2026-09-07T13:45:09Z
foreign_employment,2016,平成28年10月末現在,都道府県,岩手,岩手,128,うち派遣・請負労働者,人,2016_648474.xlsx,（別表２）,2026-09-07T13:45:09Z
foreign_employment,2016,平成28年10月末現在,都道府県,宮城,宮城,1372,事業所数,所,2016_648474.xlsx,（別表２）,2026-09-07T13:45:09Z
foreign_employment,2016,平成28年10月末現在,都道府県,宮城,宮城,84,うち派遣・請負事業所,所,2016_648474.xlsx,（別表２）,2026-09-07T13:45:09Z
foreign_employment,2016,平成28年10月末現在,都道府県,宮城,宮城,7804,外国人労働者数,人,2016_648474.xlsx,（別表２）,2026-09-07T13:45:09Z
foreign_employment,2016,平成28年10月末現在,都道府県,宮城,宮城,1227,うち派遣・請負労働者,人,2016_648474.xlsx,（別表２）,2026-09-07T13:45:09Z
foreign_employment,2016,平成28年10月末現在,都道府県,秋田,秋田,366,事業所数,所,2016_648474.xlsx,（別表２）,2026-09-07T13:45:09Z
foreign_employment,2016,平成28年10月末現在,都道府県,秋田,秋田,7,うち派遣・請負事業所,所,2016_648474.xlsx,（別表２）,2026-09-07T13:45:09Z
foreign_employment,2016,平成28年10月末現在,都道府県,秋田,秋田,1549,外国人労働者数,人,2016_648474.xlsx,（別表２）,2026-09-07T13:45:09Z
foreign_employment,2016,平成28年10月末現在,都道府県,秋田,秋田,19,うち派遣・請負労働者,人,2016_648474.xlsx,（別表２）,2026-09-07T13:45:09Z
foreign_employment,2016,平成28年10月末現在,都道府県,山形,山形,707,事業所数,所,2016_648474.xlsx,（別表２）,2026-09-07T13:45:09Z
foreign_employment,2016,平成28年10月末現在,都道府県,山形,山形,41,うち派遣・請負事業所,所,2016_648474.xlsx,（別表２）,2026-09-07T13:45:09Z
foreign_employment,2016,平成28年10月末現在,都道府県,山形,山形,2798,外国人労働者数,人,2016_648474.xlsx,（別表２）,2026-09-07T13:45:09Z
foreign_employment,2016,平成28年10月末現在,都道府県,山形,山形,221,うち派遣・請負労働者,人,2016_648474.xlsx,（別表２）,2026-09-07T13:45:09Z
foreign_employment,2016,平成28年10月末現在,都道府県,福島,福島,1251,事業所数,所,2016_648474.xlsx,（別表２）,2026-09-07T13:45:09Z
foreign_employment,2016,平成28年10月末現在,都道府県,福島,福島,156,うち派遣・請負事業所,所,2016_648474.xlsx,（別表２）,2026-09-07T13:45:09Z
foreign_employment,2016,平成28年10月末現在,都道府県,福島,福島,5833,外国人労働者数,人,2016_648474.xlsx,（別表２）,2026-09-07T13:45:09Z
foreign_employment,2016,平成28年10月末現在,都道府県,福島,福島,947,うち派遣・請負労働者,人,2016_648474.xlsx,（別表２）,2026-09-07T13:45:09Z
foreign_employment,2016,平成28年10月末現在,都道府県,茨城,茨城,4841,事業所数,所,2016_648474.xlsx,（別表２）,2026-09-07T13:45:09Z
foreign_employment,2016,平成28年10月末現在,都道府県,茨城,茨城,379,うち派遣・請負事業所,所,2016_648474.xlsx,（別表２）,2026-09-07T13:45:09Z
foreign_employment,2016,平成28年10月末現在,都道府県,茨城,茨城,27624,外国人労働者数,人,2016_648474.xlsx,（別表２）,2026-09-07T13:45:09Z
foreign_employment,2016,平成28年10月末現在,都道府県,茨城,茨城,5471,うち派遣・請負労働者,人,2016_648474.xlsx,（別表２）,2026-09-07T13:45:09Z
foreign_employment,2016,平成28年10月末現在,都道府県,栃木,栃木,2356,事業所数,所,2016_648474.xlsx,（別表２）,2026-09-07T13:45:09Z
foreign_employment,2016,平成28年10月末現在,都道府県,栃木,栃木,357,うち派遣・請負事業所,所,2016_648474.xlsx,（別表２）,2026-09-07T13:45:09Z
foreign_employment,2016,平成28年10月末現在,都道府県,栃木,栃木,18366,外国人労働者数,人,2016_648474.xlsx,（別表２）,2026-09-07T13:45:09Z
foreign_employment,2016,平成28年10月末現在,都道府県,栃木,栃木,7450,うち派遣・請負労働者,人,2016_648474.xlsx,（別表２）,2026-09-07T13:45:09Z
foreign_employment,2016,平成28年10月末現在,都道府県,群馬,群馬,3056,事業所数,所,2016_648474.xlsx,（別表２）,2026-09-07T13:45:09Z
foreign_employment,2016,平成28年10月末現在,都道府県,群馬,群馬,442,うち派遣・請負事業所,所,2016_648474.xlsx,（別表２）,2026-09-07T13:45:09Z
foreign_employment,2016,平成28年10月末現在,都道府県,群馬,群馬,24906,外国人労働者数,人,2016_648474.xlsx,（別表２）,2026-09-07T13:45:09Z
foreign_employment,2016,平成28年10月末現在,都道府県,群馬,群馬,9064,うち派遣・請負労働者,人,2016_648474.xlsx,（別表２）,2026-09-07T13:45:09Z
foreign_employment,2016,平成28年10月末現在,都道府県,埼玉,埼玉,7636,事業所数,所,2016_648474.xlsx,（別表２）,2026-09-07T13:45:09Z
foreign_employment,2016,平成28年10月末現在,都道府県,埼玉,埼玉,703,うち派遣・請負事業所,所,2016_648474.xlsx,（別表２）,2026-09-07T13:45:09Z
foreign_employment,2016,平成28年10月末現在,都道府県,埼玉,埼玉,44008,外国人労働者数,人,2016_648474.xlsx,（別表２）,2026-09-07T13:45:09Z
foreign_employment,2016,平成28年10月末現在,都道府県,埼玉,埼玉,8987,うち派遣・請負労働者,人,2016_648474.xlsx,（別表２）,2026-09-07T13:45:09Z
foreign_employment,2016,平成28年10月末現在,都道府県,千葉,千葉,7098,事業所数,所,2016_648474.xlsx,（別表２）,2026-09-07T13:45:09Z
foreign_employment,2016,平成28年10月末現在,都道府県,千葉,千葉,443,うち派遣・請負事業所,所,2016_648474.xlsx,（別表２）,2026-09-07T13:45:09Z
foreign_employment,2016,平成28年10月末現在,都道府県,千葉,千葉,39842,外国人労働者数,人,2016_648474.xlsx,（別表２）,2026-09-07T13:45:09Z
foreign_employment,2016,平成28年10月末現在,都道府県,千葉,千葉,4928,うち派遣・請負労働者,人,2016_648474.xlsx,（別表２）,2026-09-07T13:45:09Z
foreign_employment,2016,平成28年10月末現在,都道府県,東京,東京,47777,事業所数,所,2016_648474.xlsx,（別表２）,2026-09-07T13:45:09Z
foreign_employment,2016,平成28年10月末現在,都道府県,東京,東京,4514,うち派遣・請負事業所,所,2016_648474.xlsx,（別表２）,2026-09-07T13:45:09Z
foreign_employment,2016,平成28年10月末現在,都道府県,東京,東京,333141,外国人労働者数,人,2016_648474.xlsx,（別表２）,2026-09-07T13:45:09Z
foreign_employment,2016,平成28年10月末現在,都道府県,東京,東京,69030,うち派遣・請負労働者,人,2016_648474.xlsx,（別表２）,2026-09-07T13:45:09Z
foreign_employment,2016,平成28年10月末現在,都道府県,神奈川,神奈川,11061,事業所数,所,2016_648474.xlsx,（別表２）,2026-09-07T13:45:09Z
foreign_employment,2016,平成28年10月末現在,都道府県,神奈川,神奈川,1131,うち派遣・請負事業所,所,2016_648474.xlsx,（別表２）,2026-09-07T13:45:09Z
foreign_employment,2016,平成28年10月末現在,都道府県,神奈川,神奈川,60148,外国人労働者数,人,2016_648474.xlsx,（別表２）,2026-09-07T13:45:09Z
foreign_employment,2016,平成28年10月末現在,都道府県,神奈川,神奈川,11559,うち派遣・請負労働者,人,2016_648474.xlsx,（別表２）,2026-09-07T13:45:09Z
foreign_employment,2016,平成28年10月末現在,都道府県,新潟,新潟,1498,事業所数,所,2016_648474.xlsx,（別表２）,2026-09-07T13:45:09Z
foreign_employment,2016,平成28年10月末現在,都道府県,新潟,新潟,99,うち派遣・請負事業所,所,2016_648474.xlsx,（別表２）,2026-09-07T13:45:09Z
foreign_employment,2016,平成28年10月末現在,都道府県,新潟,新潟,6545,外国人労働者数,人,2016_648474.xlsx,（別表２）,2026-09-07T13:45:09Z
foreign_employment,2016,平成28年10月末現在,都道府県,新潟,新潟,573,うち派遣・請負労働者,人,2016_648474.xlsx,（別表２）,2026-09-07T13:45:09Z
foreign_employment,2016,平成28年10月末現在,都道府県,富山,富山,1607,事業所数,所,2016_648474.xlsx,（別表２）,2026-09-07T13:45:09Z
foreign_employment,2016,平成28年10月末現在,都道府県,富山,富山,120,うち派遣・請負事業所,所,2016_648474.xlsx,（別表２）,2026-09-07T13:45:09Z
foreign_employment,2016,平成28年10月末現在,都道府県,富山,富山,8836,外国人労働者数,人,2016_648474.xlsx,（別表２）,2026-09-07T13:45:09Z
foreign_employment,2016,平成28年10月末現在,都道府県,富山,富山,2299,うち派遣・請負労働者,人,2016_648474.xlsx,（別表２）,2026-09-07T13:45:09Z
foreign_employment,2016,平成28年10月末現在,都道府県,石川,石川,1328,事業所数,所,2016_648474.xlsx,（別表２）,2026-09-07T13:45:09Z
foreign_employment,2016,平成28年10月末現在,都道府県,石川,石川,183,うち派遣・請負事業所,所,2016_648474.xlsx,（別表２）,2026-09-07T13:45:09Z
foreign_employment,2016,平成28年10月末現在,都道府県,石川,石川,7020,外国人労働者数,人,2016_648474.xlsx,（別表２）,2026-09-07T13:45:09Z
foreign_employment,2016,平成28年10月末現在,都道府県,石川,石川,1603,うち派遣・請負労働者,人,2016_648474.xlsx,（別表２）,2026-09-07T13:45:09Z
foreign_employment,2016,平成28年10月末現在,都道府県,福井,福井,1086,事業所数,所,2016_648474.xlsx,（別表２）,2026-09-07T13:45:09Z
foreign_employment,2016,平成28年10月末現在,都道府県,福井,福井,70,うち派遣・請負事業所,所,2016_648474.xlsx,（別表２）,2026-09-07T13:45:09Z
foreign_employment,2016,平成28年10月末現在,都道府県,福井,福井,6460,外国人労働者数,人,2016_648474.xlsx,（別表２）,2026-09-07T13:45:09Z
foreign_employment,2016,平成28年10月末現在,都道府県,福井,福井,1889,うち派遣・請負労働者,人,2016_648474.xlsx,（別表２）,2026-09-07T13:45:09Z
foreign_employment,2016,平成28年10月末現在,都道府県,山梨,山梨,985,事業所数,所,2016_648474.xlsx,（別表２）,2026-09-07T13:45:09Z
foreign_employment,2016,平成28年10月末現在,都道府県,山梨,山梨,112,うち派遣・請負事業所,所,2016_648474.xlsx,（別表２）,2026-09-07T13:45:09Z
foreign_employment,2016,平成28年10月末現在,都道府県,山梨,山梨,5178,外国人労働者数,人,2016_648474.xlsx,（別表２）,2026-09-07T13:45:09Z
foreign_employment,2016,平成28年10月末現在,都道府県,山梨,山梨,1628,うち派遣・請負労働者,人,2016_648474.xlsx,（別表２）,2026-09-07T13:45:09Z
foreign_employment,2016,平成28年10月末現在,都道府県,長野,長野,2920,事業所数,所,2016_648474.xlsx,（別表２）,2026-09-07T13:45:09Z
foreign_employment,2016,平成28年10月末現在,都道府県,長野,長野,212,うち派遣・請負事業所,所,2016_648474.xlsx,（別表２）,2026-09-07T13:45:09Z
foreign_employment,2016,平成28年10月末現在,都道府県,長野,長野,14145,外国人労働者数,人,2016_648474.xlsx,（別表２）,2026-09-07T13:45:09Z
foreign_employment,2016,平成28年10月末現在,都道府県,長野,長野,2951,うち派遣・請負労働者,人,2016_648474.xlsx,（別表２）,2026-09-07T13:45:09Z
foreign_employment,2016,平成28年10月末現在,都道府県,岐阜,岐阜,3462,事業所数,所,2016_648474.xlsx,（別表２）,2026-09-07T13:45:09Z
foreign_employment,2016,平成28年10月末現在,都道府県,岐阜,岐阜,310,うち派遣・請負事業所,所,2016_648474.xlsx,（別表２）,2026-09-07T13:45:09Z
foreign_employment,2016,平成28年10月末現在,都道府県,岐阜,岐阜,25054,外国人労働者数,人,2016_648474.xlsx,（別表２）,2026-09-07T13:45:09Z
foreign_employment,2016,平成28年10月末現在,都道府県,岐阜,岐阜,7640,うち派遣・請負労働者,人,2016_648474.xlsx,（別表２）,2026-09-07T13:45:09Z
foreign_employment,2016,平成28年10月末現在,都道府県,静岡,静岡,5755,事業所数,所,2016_648474.xlsx,（別表２）,2026-09-07T13:45:09Z
foreign_employment,2016,平成28年10月末現在,都道府県,静岡,静岡,1230,うち派遣・請負事業所,所,2016_648474.xlsx,（別表２）,2026-09-07T13:45:09Z
foreign_employment,2016,平成28年10月末現在,都道府県,静岡,静岡,46574,外国人労働者数,人,2016_648474.xlsx,（別表２）,2026-09-07T13:45:09Z
foreign_employment,2016,平成28年10月末現在,都道府県,静岡,静岡,22115,うち派遣・請負労働者,人,2016_648474.xlsx,（別表２）,2026-09-07T13:45:09Z
foreign_employment,2016,平成28年10月末現在,都道府県,愛知,愛知,13893,事業所数,所,2016_648474.xlsx,（別表２）,2026-09-07T13:45:09Z
foreign_employment,2016,平成28年10月末現在,都道府県,愛知,愛知,2048,うち派遣・請負事業所,所,2016_648474.xlsx,（別表２）,2026-09-07T13:45:09Z
foreign_employment,2016,平成28年10月末現在,都道府県,愛知,愛知,110765,外国人労働者数,人,2016_648474.xlsx,（別表２）,2026-09-07T13:45:09Z
foreign_employment,2016,平成28年10月末現在,都道府県,愛知,愛知,34065,うち派遣・請負労働者,人,2016_648474.xlsx,（別表２）,2026-09-07T13:45:09Z
foreign_employment,2016,平成28年10月末現在,都道府県,三重,三重,2819,事業所数,所,2016_648474.xlsx,（別表２）,2026-09-07T13:45:09Z
foreign_employment,2016,平成28年10月末現在,都道府県,三重,三重,390,うち派遣・請負事業所,所,2016_648474.xlsx,（別表２）,2026-09-07T13:45:09Z
foreign_employment,2016,平成28年10月末現在,都道府県,三重,三重,20995,外国人労働者数,人,2016_648474.xlsx,（別表２）,2026-09-07T13:45:09Z
foreign_employment,2016,平成28年10月末現在,都道府県,三重,三重,6957,うち派遣・請負労働者,人,2016_648474.xlsx,（別表２）,2026-09-07T13:45:09Z
foreign_employment,2016,平成28年10月末現在,都道府県,滋賀,滋賀,1534,事業所数,所,2016_648474.xlsx,（別表２）,2026-09-07T13:45:09Z
foreign_employment,2016,平成28年10月末現在,都道府県,滋賀,滋賀,383,うち派遣・請負事業所,所,2016_648474.xlsx,（別表２）,2026-09-07T13:45:09Z
foreign_employment,2016,平成28年10月末現在,都道府県,滋賀,滋賀,13687,外国人労働者数,人,2016_648474.xlsx,（別表２）,2026-09-07T13:45:09Z
foreign_employment,2016,平成28年10月末現在,都道府県,滋賀,滋賀,6828,うち派遣・請負労働者,人,2016_648474.xlsx,（別表２）,2026-09-07T13:45:09Z
foreign_employment,2016,平成28年10月末現在,都道府県,京都,京都,2362,事業所数,所,2016_648474.xlsx,（別表２）,2026-09-07T13:45:09Z
foreign_employment,2016,平成28年10月末現在,都道府県,京都,京都,181,うち派遣・請負事業所,所,2016_648474.xlsx,（別表２）,2026-09-07T13:45:09Z
foreign_employment,2016,平成28年10月末現在,都道府県,京都,京都,12198,外国人労働者数,人,2016_648474.xlsx,（別表２）,2026-09-07T13:45:09Z
foreign_employment,2016,平成28年10月末現在,都道府県,京都,京都,1386,うち派遣・請負労働者,人,2016_648474.xlsx,（別表２）,2026-09-07T13:45:09Z
foreign_employment,2016,平成28年10月末現在,都道府県,大阪,大阪,11322,事業所数,所,2016_648474.xlsx,（別表２）,2026-09-07T13:45:09Z
foreign_employment,2016,平成28年10月末現在,都道府県,大阪,大阪,586,うち派遣・請負事業所,所,2016_648474.xlsx,（別表２）,2026-09-07T13:45:09Z
foreign_employment,2016,平成28年10月末現在,都道府県,大阪,大阪,59008,外国人労働者数,人,2016_648474.xlsx,（別表２）,2026-09-07T13:45:09Z
foreign_employment,2016,平成28年10月末現在,都道府県,大阪,大阪,8834,うち派遣・請負労働者,人,2016_648474.xlsx,（別表２）,2026-09-07T13:45:09Z
foreign_employment,2016,平成28年10月末現在,都道府県,兵庫,兵庫,4947,事業所数,所,2016_648474.xlsx,（別表２）,2026-09-07T13:45:09Z
foreign_employment,2016,平成28年10月末現在,都道府県,兵庫,兵庫,346,うち派遣・請負事業所,所,2016_648474.xlsx,（別表２）,2026-09-07T13:45:09Z
foreign_employment,2016,平成28年10月末現在,都道府県,兵庫,兵庫,23683,外国人労働者数,人,2016_648474.xlsx,（別表２）,2026-09-07T13:45:09Z
foreign_employment,2016,平成28年10月末現在,都道府県,兵庫,兵庫,2444,うち派遣・請負労働者,人,2016_648474.xlsx,（別表２）,2026-09-07T13:45:09Z
foreign_employment,2016,平成28年10月末現在,都道府県,奈良,奈良,737,事業所数,所,2016_648474.xlsx,（別表２）,2026-09-07T13:45:09Z
foreign_employment,2016,平成28年10月末現在,都道府県,奈良,奈良,23,うち派遣・請負事業所,所,2016_648474.xlsx,（別表２）,2026-09-07T13:45:09Z
foreign_employment,2016,平成28年10月末現在,都道府県,奈良,奈良,2910,外国人労働者数,人,2016_648474.xlsx,（別表２）,2026-09-07T13:45:09Z
foreign_employment,2016,平成28年10月末現在,都道府県,奈良,奈良,220,うち派遣・請負労働者,人,2016_648474.xlsx,（別表２）,2026-09-07T13:45:09Z
foreign_employment,2016,平成28年10月末現在,都道府県,和歌山,和歌山,547,事業所数,所,2016_648474.xlsx,（別表２）,2026-09-07T13:45:09Z
foreign_employment,2016,平成28年10月末現在,都道府県,和歌山,和歌山,47,うち派遣・請負事業所,所,2016_648474.xlsx,（別表２）,2026-09-07T13:45:09Z
foreign_employment,2016,平成28年10月末現在,都道府県,和歌山,和歌山,1998,外国人労働者数,人,2016_648474.xlsx,（別表２）,2026-09-07T13:45:09Z
foreign_employment,2016,平成28年10月末現在,都道府県,和歌山,和歌山,208,うち派遣・請負労働者,人,2016_648474.xlsx,（別表２）,2026-09-07T13:45:09Z
foreign_employment,2016,平成28年10月末現在,都道府県,鳥取,鳥取,464,事業所数,所,2016_648474.xlsx,（別表２）,2026-09-07T13:45:09Z
foreign_employment,2016,平成28年10月末現在,都道府県,鳥取,鳥取,13,うち派遣・請負事業所,所,2016_648474.xlsx,（別表２）,2026-09-07T13:45:09Z
foreign_employment,2016,平成28年10月末現在,都道府県,鳥取,鳥取,2109,外国人労働者数,人,2016_648474.xlsx,（別表２）,2026-09-07T13:45:09Z
foreign_employment,2016,平成28年10月末現在,都道府県,鳥取,鳥取,31,うち派遣・請負労働者,人,2016_648474.xlsx,（別表２）,2026-09-07T13:45:09Z
foreign_employment,2016,平成28年10月末現在,都道府県,島根,島根,530,事業所数,所,2016_648474.xlsx,（別表２）,2026-09-07T13:45:09Z
foreign_employment,2016,平成28年10月末現在,都道府県,島根,島根,18,うち派遣・請負事業所,所,2016_648474.xlsx,（別表２）,2026-09-07T13:45:09Z
foreign_employment,2016,平成28年10月末現在,都道府県,島根,島根,3198,外国人労働者数,人,2016_648474.xlsx,（別表２）,2026-09-07T13:45:09Z
foreign_employment,2016,平成28年10月末現在,都道府県,島根,島根,921,うち派遣・請負労働者,人,2016_648474.xlsx,（別表２）,2026-09-07T13:45:09Z
foreign_employment,2016,平成28年10月末現在,都道府県,岡山,岡山,1746,事業所数,所,2016_648474.xlsx,（別表２）,2026-09-07T13:45:09Z
foreign_employment,2016,平成28年10月末現在,都道府県,岡山,岡山,55,うち派遣・請負事業所,所,2016_648474.xlsx,（別表２）,2026-09-07T13:45:09Z
foreign_employment,2016,平成28年10月末現在,都道府県,岡山,岡山,11281,外国人労働者数,人,2016_648474.xlsx,（別表２）,2026-09-07T13:45:09Z
foreign_employment,2016,平成28年10月末現在,都道府県,岡山,岡山,831,うち派遣・請負労働者,人,2016_648474.xlsx,（別表２）,2026-09-07T13:45:09Z
foreign_employment,2016,平成28年10月末現在,都道府県,広島,広島,3530,事業所数,所,2016_648474.xlsx,（別表２）,2026-09-07T13:45:09Z
foreign_employment,2016,平成28年10月末現在,都道府県,広島,広島,312,うち派遣・請負事業所,所,2016_648474.xlsx,（別表２）,2026-09-07T13:45:09Z
foreign_employment,2016,平成28年10月末現在,都道府県,広島,広島,24593,外国人労働者数,人,2016_648474.xlsx,（別表２）,2026-09-07T13:45:09Z
foreign_employment,2016,平成28年10月末現在,都道府県,広島,広島,2989,うち派遣・請負労働者,人,2016_648474.xlsx,（別表２）,2026-09-07T13:45:09Z
foreign_employment,2016,平成28年10月末現在,都道府県,山口,山口,998,事業所数,所,2016_648474.xlsx,（別表２）,2026-09-07T13:45:09Z
foreign_employment,2016,平成28年10月末現在,都道府県,山口,山口,82,うち派遣・請負事業所,所,2016_648474.xlsx,（別表２）,2026-09-07T13:45:09Z
foreign_employment,2016,平成28年10月末現在,都道府県,山口,山口,6184,外国人労働者数,人,2016_648474.xlsx,（別表２）,2026-09-07T13:45:09Z
foreign_employment,2016,平成28年10月末現在,都道府県,山口,山口,538,うち派遣・請負労働者,人,2016_648474.xlsx,（別表２）,2026-09-07T13:45:09Z
foreign_employment,2016,平成28年10月末現在,都道府県,徳島,徳島,781,事業所数,所,2016_648474.xlsx,（別表２）,2026-09-07T13:45:09Z
foreign_employment,2016,平成28年10月末現在,都道府県,徳島,徳島,45,うち派遣・請負事業所,所,2016_648474.xlsx,（別表２）,2026-09-07T13:45:09Z
foreign_employment,2016,平成28年10月末現在,都道府県,徳島,徳島,3630,外国人労働者数,人,2016_648474.xlsx,（別表２）,2026-09-07T13:45:09Z
foreign_employment,2016,平成28年10月末現在,都道府県,徳島,徳島,239,うち派遣・請負労働者,人,2016_648474.xlsx,（別表２）,2026-09-07T13:45:09Z
foreign_employment,2016,平成28年10月末現在,都道府県,香川,香川,1243,事業所数,所,2016_648474.xlsx,（別表２）,2026-09-07T13:45:09Z
foreign_employment,2016,平成28年10月末現在,都道府県,香川,香川,89,うち派遣・請負事業所,所,2016_648474.xlsx,（別表２）,2026-09-07T13:45:09Z
foreign_employment,2016,平成28年10月末現在,都道府県,香川,香川,6687,外国人労働者数,人,2016_648474.xlsx,（別表２）,2026-09-07T13:45:09Z
foreign_employment,2016,平成28年10月末現在,都道府県,香川,香川,566,うち派遣・請負労働者,人,2016_648474.xlsx,（別表２）,2026-09-07T13:45:09Z
foreign_employment,2016,平成28年10月末現在,都道府県,愛媛,愛媛,1371,事業所数,所,2016_648474.xlsx,（別表２）,2026-09-07T13:45:09Z
foreign_employment,2016,平成28年10月末現在,都道府県,愛媛,愛媛,180,うち派遣・請負事業所,所,2016_648474.xlsx,（別表２）,2026-09-07T13:45:09Z
foreign_employment,2016,平成28年10月末現在,都道府県,愛媛,愛媛,7248,外国人労働者数,人,2016_648474.xlsx,（別表２）,2026-09-07T13:45:09Z
foreign_employment,2016,平成28年10月末現在,都道府県,愛媛,愛媛,1151,うち派遣・請負労働者,人,2016_648474.xlsx,（別表２）,2026-09-07T13:45:09Z
foreign_employment,2016,平成28年10月末現在,都道府県,高知,高知,583,事業所数,所,2016_648474.xlsx,（別表２）,2026-09-07T13:45:09Z
foreign_employment,2016,平成28年10月末現在,都道府県,高知,高知,27,うち派遣・請負事業所,所,2016_648474.xlsx,（別表２）,2026-09-07T13:45:09Z
foreign_employment,2016,平成28年10月末現在,都道府県,高知,高知,2100,外国人労働者数,人,2016_648474.xlsx,（別表２）,2026-09-07T13:45:09Z
foreign_employment,2016,平成28年10月末現在,都道府県,高知,高知,136,うち派遣・請負労働者,人,2016_648474.xlsx,（別表２）,2026-09-07T13:45:09Z
foreign_employment,2016,平成28年10月末現在,都道府県,福岡,福岡,5640,事業所数,所,2016_648474.xlsx,（別表２）,2026-09-07T13:45:09Z
foreign_employment,2016,平成28年10月末現在,都道府県,福岡,福岡,426,うち派遣・請負事業所,所,2016_648474.xlsx,（別表２）,2026-09-07T13:45:09Z
foreign_employment,2016,平成28年10月末現在,都道府県,福岡,福岡,31541,外国人労働者数,人,2016_648474.xlsx,（別表２）,2026-09-07T13:45:09Z
foreign_employment,2016,平成28年10月末現在,都道府県,福岡,福岡,5992,うち派遣・請負労働者,人,2016_648474.xlsx,（別表２）,2026-09-07T13:45:09Z
foreign_employment,2016,平成28年10月末現在,都道府県,佐賀,佐賀,597,事業所数,所,2016_648474.xlsx,（別表２）,2026-09-07T13:45:09Z
foreign_employment,2016,平成28年10月末現在,都道府県,佐賀,佐賀,14,うち派遣・請負事業所,所,2016_648474.xlsx,（別表２）,2026-09-07T13:45:09Z
foreign_employment,2016,平成28年10月末現在,都道府県,佐賀,佐賀,4003,外国人労働者数,人,2016_648474.xlsx,（別表２）,2026-09-07T13:45:09Z
foreign_employment,2016,平成28年10月末現在,都道府県,佐賀,佐賀,443,うち派遣・請負労働者,人,2016_648474.xlsx,（別表２）,2026-09-07T13:45:09Z
foreign_employment,2016,平成28年10月末現在,都道府県,長崎,長崎,1014,事業所数,所,2016_648474.xlsx,（別表２）,2026-09-07T13:45:09Z
foreign_employment,2016,平成28年10月末現在,都道府県,長崎,長崎,60,うち派遣・請負事業所,所,2016_648474.xlsx,（別表２）,2026-09-07T13:45:09Z
foreign_employment,2016,平成28年10月末現在,都道府県,長崎,長崎,5410,外国人労働者数,人,2016_648474.xlsx,（別表２）,2026-09-07T13:45:09Z
foreign_employment,2016,平成28年10月末現在,都道府県,長崎,長崎,279,うち派遣・請負労働者,人,2016_648474.xlsx,（別表２）,2026-09-07T13:45:09Z
foreign_employment,2016,平成28年10月末現在,都道府県,熊本,熊本,1692,事業所数,所,2016_648474.xlsx,（別表２）,2026-09-07T13:45:09Z
foreign_employment,2016,平成28年10月末現在,都道府県,熊本,熊本,50,うち派遣・請負事業所,所,2016_648474.xlsx,（別表２）,2026-09-07T13:45:09Z
foreign_employment,2016,平成28年10月末現在,都道府県,熊本,熊本,6422,外国人労働者数,人,2016_648474.xlsx,（別表２）,2026-09-07T13:45:09Z
foreign_employment,2016,平成28年10月末現在,都道府県,熊本,熊本,277,うち派遣・請負労働者,人,2016_648474.xlsx,（別表２）,2026-09-07T13:45:09Z
foreign_employment,2016,平成28年10月末現在,都道府県,大分,大分,1011,事業所数,所,2016_648474.xlsx,（別表２）,2026-09-07T13:45:09Z
foreign_employment,2016,平成28年10月末現在,都道府県,大分,大分,69,うち派遣・請負事業所,所,2016_648474.xlsx,（別表２）,2026-09-07T13:45:09Z
foreign_employment,2016,平成28年10月末現在,都道府県,大分,大分,4689,外国人労働者数,人,2016_648474.xlsx,（別表２）,2026-09-07T13:45:09Z
foreign_employment,2016,平成28年10月末現在,都道府県,大分,大分,396,うち派遣・請負労働者,人,2016_648474.xlsx,（別表２）,2026-09-07T13:45:09Z
foreign_employment,2016,平成28年10月末現在,都道府県,宮崎,宮崎,593,事業所数,所,2016_648474.xlsx,（別表２）,2026-09-07T13:45:09Z
foreign_employment,2016,平成28年10月末現在,都道府県,宮崎,宮崎,5,うち派遣・請負事業所,所,2016_648474.xlsx,（別表２）,2026-09-07T13:45:09Z
foreign_employment,2016,平成28年10月末現在,都道府県,宮崎,宮崎,2602,外国人労働者数,人,2016_648474.xlsx,（別表２）,2026-09-07T13:45:09Z
foreign_employment,2016,平成28年10月末現在,都道府県,宮崎,宮崎,25,うち派遣・請負労働者,人,2016_648474.xlsx,（別表２）,2026-09-07T13:45:09Z
foreign_employment,2016,平成28年10月末現在,都道府県,鹿児島,鹿児島,1039,事業所数,所,2016_648474.xlsx,（別表２）,2026-09-07T13:45:09Z
foreign_employment,2016,平成28年10月末現在,都道府県,鹿児島,鹿児島,66,うち派遣・請負事業所,所,2016_648474.xlsx,（別表２）,2026-09-07T13:45:09Z
foreign_employment,2016,平成28年10月末現在,都道府県,鹿児島,鹿児島,4386,外国人労働者数,人,2016_648474.xlsx,（別表２）,2026-09-07T13:45:09Z
foreign_employment,2016,平成28年10月末現在,都道府県,鹿児島,鹿児島,229,うち派遣・請負労働者,人,2016_648474.xlsx,（別表２）,2026-09-07T13:45:09Z
foreign_employment,2016,平成28年10月末現在,都道府県,沖縄,沖縄,1279,事業所数,所,2016_648474.xlsx,（別表２）,2026-09-07T13:45:09Z
foreign_employment,2016,平成28年10月末現在,都道府県,沖縄,沖縄,105,うち派遣・請負事業所,所,2016_648474.xlsx,（別表２）,2026-09-07T13:45:09Z
foreign_employment,2016,平成28年10月末現在,都道府県,沖縄,沖縄,5971,外国人労働者数,人,2016_648474.xlsx,（別表２）,2026-09-07T13:45:09Z
foreign_employment,2016,平成28年10月末現在,都道府県,沖縄,沖縄,1176,うち派遣・請負労働者,人,2016_648474.xlsx,（別表２）,2026-09-07T13:45:09Z
foreign_employment,2016,平成28年10月末現在,産業,全産業計,全産業計,172798,事業所数,所,2016_648474.xlsx,（別表４）,2026-09-07T13:45:09Z
foreign_employment,2016,平成28年10月末現在,産業,全産業計,全産業計,16389,うち派遣・請負事業所,所,2016_648474.xlsx,（別表４）,2026-09-07T13:45:09Z
foreign_employment,2016,平成28年10月末現在,産業,全産業計,全産業計,1083769,外国人労働者数,人,2016_648474.xlsx,（別表４）,2026-09-07T13:45:09Z
foreign_employment,2016,平成28年10月末現在,産業,全産業計,全産業計,237542,うち派遣・請負労働者,人,2016_648474.xlsx,（別表４）,2026-09-07T13:45:09Z
foreign_employment,2016,平成28年10月末現在,産業,農業、林業,農業、林業,7531,事業所数,所,2016_648474.xlsx,（別表４）,2026-09-07T13:45:09Z
foreign_employment,2016,平成28年10月末現在,産業,農業、林業,農業、林業,197,うち派遣・請負事業所,所,2016_648474.xlsx,（別表４）,2026-09-07T13:45:09Z
foreign_employment,2016,平成28年10月末現在,産業,農業、林業,農業、林業,23776,外国人労働者数,人,2016_648474.xlsx,（別表４）,2026-09-07T13:45:09Z
foreign_employment,2016,平成28年10月末現在,産業,農業、林業,農業、林業,1032,うち派遣・請負労働者,人,2016_648474.xlsx,（別表４）,2026-09-07T13:45:09Z
foreign_employment,2016,平成28年10月末現在,産業,漁業,漁業,676,事業所数,所,2016_648474.xlsx,（別表４）,2026-09-07T13:45:09Z
foreign_employment,2016,平成28年10月末現在,産業,漁業,漁業,3,うち派遣・請負事業所,所,2016_648474.xlsx,（別表４）,2026-09-07T13:45:09Z
foreign_employment,2016,平成28年10月末現在,産業,漁業,漁業,2388,外国人労働者数,人,2016_648474.xlsx,（別表４）,2026-09-07T13:45:09Z
foreign_employment,2016,平成28年10月末現在,産業,漁業,漁業,21,うち派遣・請負労働者,人,2016_648474.xlsx,（別表４）,2026-09-07T13:45:09Z
foreign_employment,2016,平成28年10月末現在,産業,鉱業、採石業、砂利採取業,鉱業、採石業、砂利採取業,63,事業所数,所,2016_648474.xlsx,（別表４）,2026-09-07T13:45:09Z
foreign_employment,2016,平成28年10月末現在,産業,鉱業、採石業、砂利採取業,鉱業、採石業、砂利採取業,4,うち派遣・請負事業所,所,2016_648474.xlsx,（別表４）,2026-09-07T13:45:09Z
foreign_employment,2016,平成28年10月末現在,産業,鉱業、採石業、砂利採取業,鉱業、採石業、砂利採取業,198,外国人労働者数,人,2016_648474.xlsx,（別表４）,2026-09-07T13:45:09Z
foreign_employment,2016,平成28年10月末現在,産業,鉱業、採石業、砂利採取業,鉱業、採石業、砂利採取業,6,うち派遣・請負労働者,人,2016_648474.xlsx,（別表４）,2026-09-07T13:45:09Z
foreign_employment,2016,平成28年10月末現在,産業,建設業,建設業,12911,事業所数,所,2016_648474.xlsx,（別表４）,2026-09-07T13:45:09Z
foreign_employment,2016,平成28年10月末現在,産業,建設業,建設業,1095,うち派遣・請負事業所,所,2016_648474.xlsx,（別表４）,2026-09-07T13:45:09Z
foreign_employment,2016,平成28年10月末現在,産業,建設業,建設業,41104,外国人労働者数,人,2016_648474.xlsx,（別表４）,2026-09-07T13:45:09Z
foreign_employment,2016,平成28年10月末現在,産業,建設業,建設業,4357,うち派遣・請負労働者,人,2016_648474.xlsx,（別表４）,2026-09-07T13:45:09Z
foreign_employment,2016,平成28年10月末現在,産業,製造業,製造業,40542,事業所数,所,2016_648474.xlsx,（別表４）,2026-09-07T13:45:09Z
foreign_employment,2016,平成28年10月末現在,産業,製造業,製造業,4243,うち派遣・請負事業所,所,2016_648474.xlsx,（別表４）,2026-09-07T13:45:09Z
foreign_employment,2016,平成28年10月末現在,産業,製造業,製造業,338535,外国人労働者数,人,2016_648474.xlsx,（別表４）,2026-09-07T13:45:09Z
foreign_employment,2016,平成28年10月末現在,産業,製造業,製造業,61275,うち派遣・請負労働者,人,2016_648474.xlsx,（別表４）,2026-09-07T13:45:09Z
foreign_employment,2016,平成28年10月末現在,産業,電気・ガス・熱供給・水道業,電気・ガス・熱供給・水道業,106,事業所数,所,2016_648474.xlsx,（別表４）,2026-09-07T13:45:09Z
foreign_employment,2016,平成28年10月末現在,産業,電気・ガス・熱供給・水道業,電気・ガス・熱供給・水道業,12,うち派遣・請負事業所,所,2016_648474.xlsx,（別表４）,2026-09-07T13:45:09Z
foreign_employment,2016,平成28年10月末現在,産業,電気・ガス・熱供給・水道業,電気・ガス・熱供給・水道業,270,外国人労働者数,人,2016_648474.xlsx,（別表４）,2026-09-07T13:45:09Z
foreign_employment,2016,平成28年10月末現在,産業,電気・ガス・熱供給・水道業,電気・ガス・熱供給・水道業,44,うち派遣・請負労働者,人,2016_648474.xlsx,（別表４）,2026-09-07T13:45:09Z
foreign_employment,2016,平成28年10月末現在,産業,情報通信業,情報通信業,8248,事業所数,所,2016_648474.xlsx,（別表４）,2026-09-07T13:45:09Z
foreign_employment,2016,平成28年10月末現在,産業,情報通信業,情報通信業,1038,うち派遣・請負事業所,所,2016_648474.xlsx,（別表４）,2026-09-07T13:45:09Z
foreign_employment,2016,平成28年10月末現在,産業,情報通信業,情報通信業,43758,外国人労働者数,人,2016_648474.xlsx,（別表４）,2026-09-07T13:45:09Z
foreign_employment,2016,平成28年10月末現在,産業,情報通信業,情報通信業,9066,うち派遣・請負労働者,人,2016_648474.xlsx,（別表４）,2026-09-07T13:45:09Z
foreign_employment,2016,平成28年10月末現在,産業,運輸業、郵便業,運輸業、郵便業,4970,事業所数,所,2016_648474.xlsx,（別表４）,2026-09-07T13:45:09Z
foreign_employment,2016,平成28年10月末現在,産業,運輸業、郵便業,運輸業、郵便業,506,うち派遣・請負事業所,所,2016_648474.xlsx,（別表４）,2026-09-07T13:45:09Z
foreign_employment,2016,平成28年10月末現在,産業,運輸業、郵便業,運輸業、郵便業,44423,外国人労働者数,人,2016_648474.xlsx,（別表４）,2026-09-07T13:45:09Z
foreign_employment,2016,平成28年10月末現在,産業,運輸業、郵便業,運輸業、郵便業,16073,うち派遣・請負労働者,人,2016_648474.xlsx,（別表４）,2026-09-07T13:45:09Z
foreign_employment,2016,平成28年10月末現在,産業,卸売業、小売業,卸売業、小売業,29249,事業所数,所,2016_648474.xlsx,（別表４）,2026-09-07T13:45:09Z
foreign_employment,2016,平成28年10月末現在,産業,卸売業、小売業,卸売業、小売業,1275,うち派遣・請負事業所,所,2016_648474.xlsx,（別表４）,2026-09-07T13:45:09Z
foreign_employment,2016,平成28年10月末現在,産業,卸売業、小売業,卸売業、小売業,139309,外国人労働者数,人,2016_648474.xlsx,（別表４）,2026-09-07T13:45:09Z
foreign_employment,2016,平成28年10月末現在,産業,卸売業、小売業,卸売業、小売業,8107,うち派遣・請負労働者,人,2016_648474.xlsx,（別表４）,2026-09-07T13:45:09Z
foreign_employment,2016,平成28年10月末現在,産業,金融業、保険業,金融業、保険業,1173,事業所数,所,2016_648474.xlsx,（別表４）,2026-09-07T13:45:09Z
foreign_employment,2016,平成28年10月末現在,産業,金融業、保険業,金融業、保険業,85,うち派遣・請負事業所,所,2016_648474.xlsx,（別表４）,2026-09-07T13:45:09Z
foreign_employment,2016,平成28年10月末現在,産業,金融業、保険業,金融業、保険業,9112,外国人労働者数,人,2016_648474.xlsx,（別表４）,2026-09-07T13:45:09Z
foreign_employment,2016,平成28年10月末現在,産業,金融業、保険業,金融業、保険業,1439,うち派遣・請負労働者,人,2016_648474.xlsx,（別表４）,2026-09-07T13:45:09Z
foreign_employment,2016,平成28年10月末現在,産業,不動産業、物品賃貸業,不動産業、物品賃貸業,1978,事業所数,所,2016_648474.xlsx,（別表４）,2026-09-07T13:45:09Z
foreign_employment,2016,平成28年10月末現在,産業,不動産業、物品賃貸業,不動産業、物品賃貸業,112,うち派遣・請負事業所,所,2016_648474.xlsx,（別表４）,2026-09-07T13:45:09Z
foreign_employment,2016,平成28年10月末現在,産業,不動産業、物品賃貸業,不動産業、物品賃貸業,8084,外国人労働者数,人,2016_648474.xlsx,（別表４）,2026-09-07T13:45:09Z
foreign_employment,2016,平成28年10月末現在,産業,不動産業、物品賃貸業,不動産業、物品賃貸業,1129,うち派遣・請負労働者,人,2016_648474.xlsx,（別表４）,2026-09-07T13:45:09Z
foreign_employment,2016,平成28年10月末現在,産業,学術研究、専門・技術サービス業,学術研究、専門・技術サービス業,6946,事業所数,所,2016_648474.xlsx,（別表４）,2026-09-07T13:45:09Z
foreign_employment,2016,平成28年10月末現在,産業,学術研究、専門・技術サービス業,学術研究、専門・技術サービス業,767,うち派遣・請負事業所,所,2016_648474.xlsx,（別表４）,2026-09-07T13:45:09Z
foreign_employment,2016,平成28年10月末現在,産業,学術研究、専門・技術サービス業,学術研究、専門・技術サービス業,37892,外国人労働者数,人,2016_648474.xlsx,（別表４）,2026-09-07T13:45:09Z
foreign_employment,2016,平成28年10月末現在,産業,学術研究、専門・技術サービス業,学術研究、専門・技術サービス業,11727,うち派遣・請負労働者,人,2016_648474.xlsx,（別表４）,2026-09-07T13:45:09Z
foreign_employment,2016,平成28年10月末現在,産業,宿泊業、飲食サービス業,宿泊業、飲食サービス業,24732,事業所数,所,2016_648474.xlsx,（別表４）,2026-09-07T13:45:09Z
foreign_employment,2016,平成28年10月末現在,産業,宿泊業、飲食サービス業,宿泊業、飲食サービス業,644,うち派遣・請負事業所,所,2016_648474.xlsx,（別表４）,2026-09-07T13:45:09Z
foreign_employment,2016,平成28年10月末現在,産業,宿泊業、飲食サービス業,宿泊業、飲食サービス業,130908,外国人労働者数,人,2016_648474.xlsx,（別表４）,2026-09-07T13:45:09Z
foreign_employment,2016,平成28年10月末現在,産業,宿泊業、飲食サービス業,宿泊業、飲食サービス業,5578,うち派遣・請負労働者,人,2016_648474.xlsx,（別表４）,2026-09-07T13:45:09Z
foreign_employment,2016,平成28年10月末現在,産業,生活関連サービス業、娯楽業,生活関連サービス業、娯楽業,3472,事業所数,所,2016_648474.xlsx,（別表４）,2026-09-07T13:45:09Z
foreign_employment,2016,平成28年10月末現在,産業,生活関連サービス業、娯楽業,生活関連サービス業、娯楽業,241,うち派遣・請負事業所,所,2016_648474.xlsx,（別表４）,2026-09-07T13:45:09Z
foreign_employment,2016,平成28年10月末現在,産業,生活関連サービス業、娯楽業,生活関連サービス業、娯楽業,16402,外国人労働者数,人,2016_648474.xlsx,（別表４）,2026-09-07T13:45:09Z
foreign_employment,2016,平成28年10月末現在,産業,生活関連サービス業、娯楽業,生活関連サービス業、娯楽業,2286,うち派遣・請負労働者,人,2016_648474.xlsx,（別表４）,2026-09-07T13:45:09Z
foreign_employment,2016,平成28年10月末現在,産業,教育、学習支援業,教育、学習支援業,5491,事業所数,所,2016_648474.xlsx,（別表４）,2026-09-07T13:45:09Z
foreign_employment,2016,平成28年10月末現在,産業,教育、学習支援業,教育、学習支援業,285,うち派遣・請負事業所,所,2016_648474.xlsx,（別表４）,2026-09-07T13:45:09Z
foreign_employment,2016,平成28年10月末現在,産業,教育、学習支援業,教育、学習支援業,59963,外国人労働者数,人,2016_648474.xlsx,（別表４）,2026-09-07T13:45:09Z
foreign_employment,2016,平成28年10月末現在,産業,教育、学習支援業,教育、学習支援業,6171,うち派遣・請負労働者,人,2016_648474.xlsx,（別表４）,2026-09-07T13:45:09Z
foreign_employment,2016,平成28年10月末現在,産業,医療、福祉,医療、福祉,7470,事業所数,所,2016_648474.xlsx,（別表４）,2026-09-07T13:45:09Z
foreign_employment,2016,平成28年10月末現在,産業,医療、福祉,医療、福祉,409,うち派遣・請負事業所,所,2016_648474.xlsx,（別表４）,2026-09-07T13:45:09Z
foreign_employment,2016,平成28年10月末現在,産業,医療、福祉,医療、福祉,17434,外国人労働者数,人,2016_648474.xlsx,（別表４）,2026-09-07T13:45:09Z
foreign_employment,2016,平成28年10月末現在,産業,医療、福祉,医療、福祉,1278,うち派遣・請負労働者,人,2016_648474.xlsx,（別表４）,2026-09-07T13:45:09Z
foreign_employment,2016,平成28年10月末現在,産業,複合サービス事業,複合サービス事業,869,事業所数,所,2016_648474.xlsx,（別表４）,2026-09-07T13:45:09Z
foreign_employment,2016,平成28年10月末現在,産業,複合サービス事業,複合サービス事業,57,うち派遣・請負事業所,所,2016_648474.xlsx,（別表４）,2026-09-07T13:45:09Z
foreign_employment,2016,平成28年10月末現在,産業,複合サービス事業,複合サービス事業,2899,外国人労働者数,人,2016_648474.xlsx,（別表４）,2026-09-07T13:45:09Z
foreign_employment,2016,平成28年10月末現在,産業,複合サービス事業,複合サービス事業,469,うち派遣・請負労働者,人,2016_648474.xlsx,（別表４）,2026-09-07T13:45:09Z
foreign_employment,2016,平成28年10月末現在,産業,サービス業（他に分類されないもの）,サービス業（他に分類されないもの）,13705,事業所数,所,2016_648474.xlsx,（別表４）,2026-09-07T13:45:09Z
foreign_employment,2016,平成28年10月末現在,産業,サービス業（他に分類されないもの）,サービス業（他に分類されないもの）,5226,うち派遣・請負事業所,所,2016_648474.xlsx,（別表４）,2026-09-07T13:45:09Z
foreign_employment,2016,平成28年10月末現在,産業,サービス業（他に分類されないもの）,サービス業（他に分類されないもの）,153994,外国人労働者数,人,2016_648474.xlsx,（別表４）,2026-09-07T13:45:09Z
foreign_employment,2016,平成28年10月末現在,産業,サービス業（他に分類されないもの）,サービス業（他に分類されないもの）,105817,うち派遣・請負労働者,人,2016_648474.xlsx,（別表４）,2026-09-07T13:45:09Z
foreign_employment,2016,平成28年10月末現在,産業,公務（他に分類されるものを除く）,公務（他に分類されるものを除く）,1796,事業所数,所,2016_648474.xlsx,（別表４）,2026-09-07T13:45:09Z
foreign_employment,2016,平成28年10月末現在,産業,公務（他に分類されるものを除く）,公務（他に分類されるものを除く）,85,うち派遣・請負事業所,所,2016_648474.xlsx,（別表４）,2026-09-07T13:45:09Z
foreign_employment,2016,平成28年10月末現在,産業,公務（他に分類されるものを除く）,公務（他に分類されるものを除く）,9421,外国人労働者数,人,2016_648474.xlsx,（別表４）,2026-09-07T13:45:09Z
foreign_employment,2016,平成28年10月末現在,産業,公務（他に分類されるものを除く）,公務（他に分類されるものを除く）,718,うち派遣・請負労働者,人,2016_648474.xlsx,（別表４）,2026-09-07T13:45:09Z
foreign_employment,2016,平成28年10月末現在,産業,分類不能の産業,分類不能の産業,870,事業所数,所,2016_648474.xlsx,（別表４）,2026-09-07T13:45:09Z
foreign_employment,2016,平成28年10月末現在,産業,分類不能の産業,分類不能の産業,105,うち派遣・請負事業所,所,2016_648474.xlsx,（別表４）,2026-09-07T13:45:09Z
foreign_employment,2016,平成28年10月末現在,産業,分類不能の産業,分類不能の産業,3899,外国人労働者数,人,2016_648474.xlsx,（別表４）,2026-09-07T13:45:09Z
foreign_employment,2016,平成28年10月末現在,産業,分類不能の産業,分類不能の産業,949,うち派遣・請負労働者,人,2016_648474.xlsx,（別表４）,2026-09-07T13:45:09Z
foreign_employment,2016,平成28年10月末現在,在留資格,①専門的・技術的分野の在留資格,①専門的・技術的分野の在留資格,200994,外国人労働者数,人,2016_648474.xlsx,（別表６）,2026-09-07T13:45:09Z
foreign_employment,2016,平成28年10月末現在,在留資格,②特定活動,②特定活動,18652,外国人労働者数,人,2016_648474.xlsx,（別表６）,2026-09-07T13:45:09Z
foreign_employment,2016,平成28年10月末現在,在留資格,③技能実習,③技能実習,211108,外国人労働者数,人,2016_648474.xlsx,（別表６）,2026-09-07T13:45:09Z
foreign_employment,2016,平成28年10月末現在,在留資格,④資格外活動,④資格外活動,239577,外国人労働者数,人,2016_648474.xlsx,（別表６）,2026-09-07T13:45:09Z
foreign_employment,2016,平成28年10月末現在,在留資格,⑤身分に基づく在留資格　,⑤身分に基づく在留資格　,413389,外国人労働者数,人,2016_648474.xlsx,（別表６）,2026-09-07T13:45:09Z
foreign_employment,2016,平成28年10月末現在,在留資格,⑥不明,⑥不明,49,外国人労働者数,人,2016_648474.xlsx,（別表６）,2026-09-07T13:45:09Z
foreign_employment,2017,平成29年10月末現在,総数,全国計,全国計,194595,事業所数,所,2017_8957097520ff.xlsx,（別表２）,2026-09-07T13:45:09Z
foreign_employment,2017,平成29年10月末現在,総数,全国計,全国計,17312,うち派遣・請負事業所,所,2017_8957097520ff.xlsx,（別表２）,2026-09-07T13:45:09Z
foreign_employment,2017,平成29年10月末現在,総数,全国計,全国計,1278670,外国人労働者数,人,2017_8957097520ff.xlsx,（別表２）,2026-09-07T13:45:09Z
foreign_employment,2017,平成29年10月末現在,総数,全国計,全国計,273648,うち派遣・請負労働者,人,2017_8957097520ff.xlsx,（別表２）,2026-09-07T13:45:09Z
foreign_employment,2017,平成29年10月末現在,都道府県,北海道,北海道,3783,事業所数,所,2017_8957097520ff.xlsx,（別表２）,2026-09-07T13:45:09Z
foreign_employment,2017,平成29年10月末現在,都道府県,北海道,北海道,151,うち派遣・請負事業所,所,2017_8957097520ff.xlsx,（別表２）,2026-09-07T13:45:09Z
foreign_employment,2017,平成29年10月末現在,都道府県,北海道,北海道,17756,外国人労働者数,人,2017_8957097520ff.xlsx,（別表２）,2026-09-07T13:45:09Z
foreign_employment,2017,平成29年10月末現在,都道府県,北海道,北海道,804,うち派遣・請負労働者,人,2017_8957097520ff.xlsx,（別表２）,2026-09-07T13:45:09Z
foreign_employment,2017,平成29年10月末現在,都道府県,青森,青森,534,事業所数,所,2017_8957097520ff.xlsx,（別表２）,2026-09-07T13:45:09Z
foreign_employment,2017,平成29年10月末現在,都道府県,青森,青森,11,うち派遣・請負事業所,所,2017_8957097520ff.xlsx,（別表２）,2026-09-07T13:45:09Z
foreign_employment,2017,平成29年10月末現在,都道府県,青森,青森,2614,外国人労働者数,人,2017_8957097520ff.xlsx,（別表２）,2026-09-07T13:45:09Z
foreign_employment,2017,平成29年10月末現在,都道府県,青森,青森,20,うち派遣・請負労働者,人,2017_8957097520ff.xlsx,（別表２）,2026-09-07T13:45:09Z
foreign_employment,2017,平成29年10月末現在,都道府県,岩手,岩手,733,事業所数,所,2017_8957097520ff.xlsx,（別表２）,2026-09-07T13:45:09Z
foreign_employment,2017,平成29年10月末現在,都道府県,岩手,岩手,37,うち派遣・請負事業所,所,2017_8957097520ff.xlsx,（別表２）,2026-09-07T13:45:09Z
foreign_employment,2017,平成29年10月末現在,都道府県,岩手,岩手,3999,外国人労働者数,人,2017_8957097520ff.xlsx,（別表２）,2026-09-07T13:45:09Z
foreign_employment,2017,平成29年10月末現在,都道府県,岩手,岩手,146,うち派遣・請負労働者,人,2017_8957097520ff.xlsx,（別表２）,2026-09-07T13:45:09Z
foreign_employment,2017,平成29年10月末現在,都道府県,宮城,宮城,1698,事業所数,所,2017_8957097520ff.xlsx,（別表２）,2026-09-07T13:45:09Z
foreign_employment,2017,平成29年10月末現在,都道府県,宮城,宮城,95,うち派遣・請負事業所,所,2017_8957097520ff.xlsx,（別表２）,2026-09-07T13:45:09Z
foreign_employment,2017,平成29年10月末現在,都道府県,宮城,宮城,9337,外国人労働者数,人,2017_8957097520ff.xlsx,（別表２）,2026-09-07T13:45:09Z
foreign_employment,2017,平成29年10月末現在,都道府県,宮城,宮城,744,うち派遣・請負労働者,人,2017_8957097520ff.xlsx,（別表２）,2026-09-07T13:45:09Z
foreign_employment,2017,平成29年10月末現在,都道府県,秋田,秋田,401,事業所数,所,2017_8957097520ff.xlsx,（別表２）,2026-09-07T13:45:09Z
foreign_employment,2017,平成29年10月末現在,都道府県,秋田,秋田,7,うち派遣・請負事業所,所,2017_8957097520ff.xlsx,（別表２）,2026-09-07T13:45:09Z
foreign_employment,2017,平成29年10月末現在,都道府県,秋田,秋田,1679,外国人労働者数,人,2017_8957097520ff.xlsx,（別表２）,2026-09-07T13:45:09Z
foreign_employment,2017,平成29年10月末現在,都道府県,秋田,秋田,16,うち派遣・請負労働者,人,2017_8957097520ff.xlsx,（別表２）,2026-09-07T13:45:09Z
foreign_employment,2017,平成29年10月末現在,都道府県,山形,山形,777,事業所数,所,2017_8957097520ff.xlsx,（別表２）,2026-09-07T13:45:09Z
foreign_employment,2017,平成29年10月末現在,都道府県,山形,山形,49,うち派遣・請負事業所,所,2017_8957097520ff.xlsx,（別表２）,2026-09-07T13:45:09Z
foreign_employment,2017,平成29年10月末現在,都道府県,山形,山形,3221,外国人労働者数,人,2017_8957097520ff.xlsx,（別表２）,2026-09-07T13:45:09Z
foreign_employment,2017,平成29年10月末現在,都道府県,山形,山形,272,うち派遣・請負労働者,人,2017_8957097520ff.xlsx,（別表２）,2026-09-07T13:45:09Z
foreign_employment,2017,平成29年10月末現在,都道府県,福島,福島,1401,事業所数,所,2017_8957097520ff.xlsx,（別表２）,2026-09-07T13:45:09Z
foreign_employment,2017,平成29年10月末現在,都道府県,福島,福島,151,うち派遣・請負事業所,所,2017_8957097520ff.xlsx,（別表２）,2026-09-07T13:45:09Z
foreign_employment,2017,平成29年10月末現在,都道府県,福島,福島,6914,外国人労働者数,人,2017_8957097520ff.xlsx,（別表２）,2026-09-07T13:45:09Z
foreign_employment,2017,平成29年10月末現在,都道府県,福島,福島,1057,うち派遣・請負労働者,人,2017_8957097520ff.xlsx,（別表２）,2026-09-07T13:45:09Z
foreign_employment,2017,平成29年10月末現在,都道府県,茨城,茨城,5259,事業所数,所,2017_8957097520ff.xlsx,（別表２）,2026-09-07T13:45:09Z
foreign_employment,2017,平成29年10月末現在,都道府県,茨城,茨城,399,うち派遣・請負事業所,所,2017_8957097520ff.xlsx,（別表２）,2026-09-07T13:45:09Z
foreign_employment,2017,平成29年10月末現在,都道府県,茨城,茨城,31365,外国人労働者数,人,2017_8957097520ff.xlsx,（別表２）,2026-09-07T13:45:09Z
foreign_employment,2017,平成29年10月末現在,都道府県,茨城,茨城,6363,うち派遣・請負労働者,人,2017_8957097520ff.xlsx,（別表２）,2026-09-07T13:45:09Z
foreign_employment,2017,平成29年10月末現在,都道府県,栃木,栃木,2533,事業所数,所,2017_8957097520ff.xlsx,（別表２）,2026-09-07T13:45:09Z
foreign_employment,2017,平成29年10月末現在,都道府県,栃木,栃木,369,うち派遣・請負事業所,所,2017_8957097520ff.xlsx,（別表２）,2026-09-07T13:45:09Z
foreign_employment,2017,平成29年10月末現在,都道府県,栃木,栃木,21235,外国人労働者数,人,2017_8957097520ff.xlsx,（別表２）,2026-09-07T13:45:09Z
foreign_employment,2017,平成29年10月末現在,都道府県,栃木,栃木,8288,うち派遣・請負労働者,人,2017_8957097520ff.xlsx,（別表２）,2026-09-07T13:45:09Z
foreign_employment,2017,平成29年10月末現在,都道府県,群馬,群馬,3466,事業所数,所,2017_8957097520ff.xlsx,（別表２）,2026-09-07T13:45:09Z
foreign_employment,2017,平成29年10月末現在,都道府県,群馬,群馬,475,うち派遣・請負事業所,所,2017_8957097520ff.xlsx,（別表２）,2026-09-07T13:45:09Z
foreign_employment,2017,平成29年10月末現在,都道府県,群馬,群馬,29319,外国人労働者数,人,2017_8957097520ff.xlsx,（別表２）,2026-09-07T13:45:09Z
foreign_employment,2017,平成29年10月末現在,都道府県,群馬,群馬,11591,うち派遣・請負労働者,人,2017_8957097520ff.xlsx,（別表２）,2026-09-07T13:45:09Z
foreign_employment,2017,平成29年10月末現在,都道府県,埼玉,埼玉,9103,事業所数,所,2017_8957097520ff.xlsx,（別表２）,2026-09-07T13:45:09Z
foreign_employment,2017,平成29年10月末現在,都道府県,埼玉,埼玉,741,うち派遣・請負事業所,所,2017_8957097520ff.xlsx,（別表２）,2026-09-07T13:45:09Z
foreign_employment,2017,平成29年10月末現在,都道府県,埼玉,埼玉,55534,外国人労働者数,人,2017_8957097520ff.xlsx,（別表２）,2026-09-07T13:45:09Z
foreign_employment,2017,平成29年10月末現在,都道府県,埼玉,埼玉,11224,うち派遣・請負労働者,人,2017_8957097520ff.xlsx,（別表２）,2026-09-07T13:45:09Z
foreign_employment,2017,平成29年10月末現在,都道府県,千葉,千葉,7949,事業所数,所,2017_8957097520ff.xlsx,（別表２）,2026-09-07T13:45:09Z
foreign_employment,2017,平成29年10月末現在,都道府県,千葉,千葉,469,うち派遣・請負事業所,所,2017_8957097520ff.xlsx,（別表２）,2026-09-07T13:45:09Z
foreign_employment,2017,平成29年10月末現在,都道府県,千葉,千葉,49335,外国人労働者数,人,2017_8957097520ff.xlsx,（別表２）,2026-09-07T13:45:09Z
foreign_employment,2017,平成29年10月末現在,都道府県,千葉,千葉,5839,うち派遣・請負労働者,人,2017_8957097520ff.xlsx,（別表２）,2026-09-07T13:45:09Z
foreign_employment,2017,平成29年10月末現在,都道府県,東京,東京,54020,事業所数,所,2017_8957097520ff.xlsx,（別表２）,2026-09-07T13:45:09Z
foreign_employment,2017,平成29年10月末現在,都道府県,東京,東京,4795,うち派遣・請負事業所,所,2017_8957097520ff.xlsx,（別表２）,2026-09-07T13:45:09Z
foreign_employment,2017,平成29年10月末現在,都道府県,東京,東京,394834,外国人労働者数,人,2017_8957097520ff.xlsx,（別表２）,2026-09-07T13:45:09Z
foreign_employment,2017,平成29年10月末現在,都道府県,東京,東京,76741,うち派遣・請負労働者,人,2017_8957097520ff.xlsx,（別表２）,2026-09-07T13:45:09Z
foreign_employment,2017,平成29年10月末現在,都道府県,神奈川,神奈川,12602,事業所数,所,2017_8957097520ff.xlsx,（別表２）,2026-09-07T13:45:09Z
foreign_employment,2017,平成29年10月末現在,都道府県,神奈川,神奈川,1166,うち派遣・請負事業所,所,2017_8957097520ff.xlsx,（別表２）,2026-09-07T13:45:09Z
foreign_employment,2017,平成29年10月末現在,都道府県,神奈川,神奈川,69400,外国人労働者数,人,2017_8957097520ff.xlsx,（別表２）,2026-09-07T13:45:09Z
foreign_employment,2017,平成29年10月末現在,都道府県,神奈川,神奈川,13306,うち派遣・請負労働者,人,2017_8957097520ff.xlsx,（別表２）,2026-09-07T13:45:09Z
foreign_employment,2017,平成29年10月末現在,都道府県,新潟,新潟,1655,事業所数,所,2017_8957097520ff.xlsx,（別表２）,2026-09-07T13:45:09Z
foreign_employment,2017,平成29年10月末現在,都道府県,新潟,新潟,110,うち派遣・請負事業所,所,2017_8957097520ff.xlsx,（別表２）,2026-09-07T13:45:09Z
foreign_employment,2017,平成29年10月末現在,都道府県,新潟,新潟,7530,外国人労働者数,人,2017_8957097520ff.xlsx,（別表２）,2026-09-07T13:45:09Z
foreign_employment,2017,平成29年10月末現在,都道府県,新潟,新潟,702,うち派遣・請負労働者,人,2017_8957097520ff.xlsx,（別表２）,2026-09-07T13:45:09Z
foreign_employment,2017,平成29年10月末現在,都道府県,富山,富山,1712,事業所数,所,2017_8957097520ff.xlsx,（別表２）,2026-09-07T13:45:09Z
foreign_employment,2017,平成29年10月末現在,都道府県,富山,富山,121,うち派遣・請負事業所,所,2017_8957097520ff.xlsx,（別表２）,2026-09-07T13:45:09Z
foreign_employment,2017,平成29年10月末現在,都道府県,富山,富山,9863,外国人労働者数,人,2017_8957097520ff.xlsx,（別表２）,2026-09-07T13:45:09Z
foreign_employment,2017,平成29年10月末現在,都道府県,富山,富山,2520,うち派遣・請負労働者,人,2017_8957097520ff.xlsx,（別表２）,2026-09-07T13:45:09Z
foreign_employment,2017,平成29年10月末現在,都道府県,石川,石川,1484,事業所数,所,2017_8957097520ff.xlsx,（別表２）,2026-09-07T13:45:09Z
foreign_employment,2017,平成29年10月末現在,都道府県,石川,石川,197,うち派遣・請負事業所,所,2017_8957097520ff.xlsx,（別表２）,2026-09-07T13:45:09Z
foreign_employment,2017,平成29年10月末現在,都道府県,石川,石川,8599,外国人労働者数,人,2017_8957097520ff.xlsx,（別表２）,2026-09-07T13:45:09Z
foreign_employment,2017,平成29年10月末現在,都道府県,石川,石川,1962,うち派遣・請負労働者,人,2017_8957097520ff.xlsx,（別表２）,2026-09-07T13:45:09Z
foreign_employment,2017,平成29年10月末現在,都道府県,福井,福井,1207,事業所数,所,2017_8957097520ff.xlsx,（別表２）,2026-09-07T13:45:09Z
foreign_employment,2017,平成29年10月末現在,都道府県,福井,福井,77,うち派遣・請負事業所,所,2017_8957097520ff.xlsx,（別表２）,2026-09-07T13:45:09Z
foreign_employment,2017,平成29年10月末現在,都道府県,福井,福井,7770,外国人労働者数,人,2017_8957097520ff.xlsx,（別表２）,2026-09-07T13:45:09Z
foreign_employment,2017,平成29年10月末現在,都道府県,福井,福井,2529,うち派遣・請負労働者,人,2017_8957097520ff.xlsx,（別表２）,2026-09-07T13:45:09Z
foreign_employment,2017,平成29年10月末現在,都道府県,山梨,山梨,1058,事業所数,所,2017_8957097520ff.xlsx,（別表２）,2026-09-07T13:45:09Z
foreign_employment,2017,平成29年10月末現在,都道府県,山梨,山梨,101,うち派遣・請負事業所,所,2017_8957097520ff.xlsx,（別表２）,2026-09-07T13:45:09Z
foreign_employment,2017,平成29年10月末現在,都道府県,山梨,山梨,5823,外国人労働者数,人,2017_8957097520ff.xlsx,（別表２）,2026-09-07T13:45:09Z
foreign_employment,2017,平成29年10月末現在,都道府県,山梨,山梨,1675,うち派遣・請負労働者,人,2017_8957097520ff.xlsx,（別表２）,2026-09-07T13:45:09Z
foreign_employment,2017,平成29年10月末現在,都道府県,長野,長野,3114,事業所数,所,2017_8957097520ff.xlsx,（別表２）,2026-09-07T13:45:09Z
foreign_employment,2017,平成29年10月末現在,都道府県,長野,長野,219,うち派遣・請負事業所,所,2017_8957097520ff.xlsx,（別表２）,2026-09-07T13:45:09Z
foreign_employment,2017,平成29年10月末現在,都道府県,長野,長野,15786,外国人労働者数,人,2017_8957097520ff.xlsx,（別表２）,2026-09-07T13:45:09Z
foreign_employment,2017,平成29年10月末現在,都道府県,長野,長野,3427,うち派遣・請負労働者,人,2017_8957097520ff.xlsx,（別表２）,2026-09-07T13:45:09Z
foreign_employment,2017,平成29年10月末現在,都道府県,岐阜,岐阜,3612,事業所数,所,2017_8957097520ff.xlsx,（別表２）,2026-09-07T13:45:09Z
foreign_employment,2017,平成29年10月末現在,都道府県,岐阜,岐阜,313,うち派遣・請負事業所,所,2017_8957097520ff.xlsx,（別表２）,2026-09-07T13:45:09Z
foreign_employment,2017,平成29年10月末現在,都道府県,岐阜,岐阜,27711,外国人労働者数,人,2017_8957097520ff.xlsx,（別表２）,2026-09-07T13:45:09Z
foreign_employment,2017,平成29年10月末現在,都道府県,岐阜,岐阜,8696,うち派遣・請負労働者,人,2017_8957097520ff.xlsx,（別表２）,2026-09-07T13:45:09Z
foreign_employment,2017,平成29年10月末現在,都道府県,静岡,静岡,6288,事業所数,所,2017_8957097520ff.xlsx,（別表２）,2026-09-07T13:45:09Z
foreign_employment,2017,平成29年10月末現在,都道府県,静岡,静岡,1280,うち派遣・請負事業所,所,2017_8957097520ff.xlsx,（別表２）,2026-09-07T13:45:09Z
foreign_employment,2017,平成29年10月末現在,都道府県,静岡,静岡,51832,外国人労働者数,人,2017_8957097520ff.xlsx,（別表２）,2026-09-07T13:45:09Z
foreign_employment,2017,平成29年10月末現在,都道府県,静岡,静岡,24283,うち派遣・請負労働者,人,2017_8957097520ff.xlsx,（別表２）,2026-09-07T13:45:09Z
foreign_employment,2017,平成29年10月末現在,都道府県,愛知,愛知,15625,事業所数,所,2017_8957097520ff.xlsx,（別表２）,2026-09-07T13:45:09Z
foreign_employment,2017,平成29年10月末現在,都道府県,愛知,愛知,2155,うち派遣・請負事業所,所,2017_8957097520ff.xlsx,（別表２）,2026-09-07T13:45:09Z
foreign_employment,2017,平成29年10月末現在,都道府県,愛知,愛知,129155,外国人労働者数,人,2017_8957097520ff.xlsx,（別表２）,2026-09-07T13:45:09Z
foreign_employment,2017,平成29年10月末現在,都道府県,愛知,愛知,40171,うち派遣・請負労働者,人,2017_8957097520ff.xlsx,（別表２）,2026-09-07T13:45:09Z
foreign_employment,2017,平成29年10月末現在,都道府県,三重,三重,3039,事業所数,所,2017_8957097520ff.xlsx,（別表２）,2026-09-07T13:45:09Z
foreign_employment,2017,平成29年10月末現在,都道府県,三重,三重,409,うち派遣・請負事業所,所,2017_8957097520ff.xlsx,（別表２）,2026-09-07T13:45:09Z
foreign_employment,2017,平成29年10月末現在,都道府県,三重,三重,24220,外国人労働者数,人,2017_8957097520ff.xlsx,（別表２）,2026-09-07T13:45:09Z
foreign_employment,2017,平成29年10月末現在,都道府県,三重,三重,8230,うち派遣・請負労働者,人,2017_8957097520ff.xlsx,（別表２）,2026-09-07T13:45:09Z
foreign_employment,2017,平成29年10月末現在,都道府県,滋賀,滋賀,1668,事業所数,所,2017_8957097520ff.xlsx,（別表２）,2026-09-07T13:45:09Z
foreign_employment,2017,平成29年10月末現在,都道府県,滋賀,滋賀,405,うち派遣・請負事業所,所,2017_8957097520ff.xlsx,（別表２）,2026-09-07T13:45:09Z
foreign_employment,2017,平成29年10月末現在,都道府県,滋賀,滋賀,15621,外国人労働者数,人,2017_8957097520ff.xlsx,（別表２）,2026-09-07T13:45:09Z
foreign_employment,2017,平成29年10月末現在,都道府県,滋賀,滋賀,7548,うち派遣・請負労働者,人,2017_8957097520ff.xlsx,（別表２）,2026-09-07T13:45:09Z
foreign_employment,2017,平成29年10月末現在,都道府県,京都,京都,2704,事業所数,所,2017_8957097520ff.xlsx,（別表２）,2026-09-07T13:45:09Z
foreign_employment,2017,平成29年10月末現在,都道府県,京都,京都,204,うち派遣・請負事業所,所,2017_8957097520ff.xlsx,（別表２）,2026-09-07T13:45:09Z
foreign_employment,2017,平成29年10月末現在,都道府県,京都,京都,14478,外国人労働者数,人,2017_8957097520ff.xlsx,（別表２）,2026-09-07T13:45:09Z
foreign_employment,2017,平成29年10月末現在,都道府県,京都,京都,1865,うち派遣・請負労働者,人,2017_8957097520ff.xlsx,（別表２）,2026-09-07T13:45:09Z
foreign_employment,2017,平成29年10月末現在,都道府県,大阪,大阪,12926,事業所数,所,2017_8957097520ff.xlsx,（別表２）,2026-09-07T13:45:09Z
foreign_employment,2017,平成29年10月末現在,都道府県,大阪,大阪,633,うち派遣・請負事業所,所,2017_8957097520ff.xlsx,（別表２）,2026-09-07T13:45:09Z
foreign_employment,2017,平成29年10月末現在,都道府県,大阪,大阪,72226,外国人労働者数,人,2017_8957097520ff.xlsx,（別表２）,2026-09-07T13:45:09Z
foreign_employment,2017,平成29年10月末現在,都道府県,大阪,大阪,10379,うち派遣・請負労働者,人,2017_8957097520ff.xlsx,（別表２）,2026-09-07T13:45:09Z
foreign_employment,2017,平成29年10月末現在,都道府県,兵庫,兵庫,5762,事業所数,所,2017_8957097520ff.xlsx,（別表２）,2026-09-07T13:45:09Z
foreign_employment,2017,平成29年10月末現在,都道府県,兵庫,兵庫,382,うち派遣・請負事業所,所,2017_8957097520ff.xlsx,（別表２）,2026-09-07T13:45:09Z
foreign_employment,2017,平成29年10月末現在,都道府県,兵庫,兵庫,29621,外国人労働者数,人,2017_8957097520ff.xlsx,（別表２）,2026-09-07T13:45:09Z
foreign_employment,2017,平成29年10月末現在,都道府県,兵庫,兵庫,3557,うち派遣・請負労働者,人,2017_8957097520ff.xlsx,（別表２）,2026-09-07T13:45:09Z
foreign_employment,2017,平成29年10月末現在,都道府県,奈良,奈良,827,事業所数,所,2017_8957097520ff.xlsx,（別表２）,2026-09-07T13:45:09Z
foreign_employment,2017,平成29年10月末現在,都道府県,奈良,奈良,25,うち派遣・請負事業所,所,2017_8957097520ff.xlsx,（別表２）,2026-09-07T13:45:09Z
foreign_employment,2017,平成29年10月末現在,都道府県,奈良,奈良,3533,外国人労働者数,人,2017_8957097520ff.xlsx,（別表２）,2026-09-07T13:45:09Z
foreign_employment,2017,平成29年10月末現在,都道府県,奈良,奈良,367,うち派遣・請負労働者,人,2017_8957097520ff.xlsx,（別表２）,2026-09-07T13:45:09Z
foreign_employment,2017,平成29年10月末現在,都道府県,和歌山,和歌山,617,事業所数,所,2017_8957097520ff.xlsx,（別表２）,2026-09-07T13:45:09Z
foreign_employment,2017,平成29年10月末現在,都道府県,和歌山,和歌山,47,うち派遣・請負事業所,所,2017_8957097520ff.xlsx,（別表２）,2026-09-07T13:45:09Z
foreign_employment,2017,平成29年10月末現在,都道府県,和歌山,和歌山,2260,外国人労働者数,人,2017_8957097520ff.xlsx,（別表２）,2026-09-07T13:45:09Z
foreign_employment,2017,平成29年10月末現在,都道府県,和歌山,和歌山,176,うち派遣・請負労働者,人,2017_8957097520ff.xlsx,（別表２）,2026-09-07T13:45:09Z
foreign_employment,2017,平成29年10月末現在,都道府県,鳥取,鳥取,514,事業所数,所,2017_8957097520ff.xlsx,（別表２）,2026-09-07T13:45:09Z
foreign_employment,2017,平成29年10月末現在,都道府県,鳥取,鳥取,16,うち派遣・請負事業所,所,2017_8957097520ff.xlsx,（別表２）,2026-09-07T13:45:09Z
foreign_employment,2017,平成29年10月末現在,都道府県,鳥取,鳥取,2324,外国人労働者数,人,2017_8957097520ff.xlsx,（別表２）,2026-09-07T13:45:09Z
foreign_employment,2017,平成29年10月末現在,都道府県,鳥取,鳥取,54,うち派遣・請負労働者,人,2017_8957097520ff.xlsx,（別表２）,2026-09-07T13:45:09Z
foreign_employment,2017,平成29年10月末現在,都道府県,島根,島根,560,事業所数,所,2017_8957097520ff.xlsx,（別表２）,2026-09-07T13:45:09Z
foreign_employment,2017,平成29年10月末現在,都道府県,島根,島根,17,うち派遣・請負事業所,所,2017_8957097520ff.xlsx,（別表２）,2026-09-07T13:45:09Z
foreign_employment,2017,平成29年10月末現在,都道府県,島根,島根,3777,外国人労働者数,人,2017_8957097520ff.xlsx,（別表２）,2026-09-07T13:45:09Z
foreign_employment,2017,平成29年10月末現在,都道府県,島根,島根,1078,うち派遣・請負労働者,人,2017_8957097520ff.xlsx,（別表２）,2026-09-07T13:45:09Z
foreign_employment,2017,平成29年10月末現在,都道府県,岡山,岡山,2007,事業所数,所,2017_8957097520ff.xlsx,（別表２）,2026-09-07T13:45:09Z
foreign_employment,2017,平成29年10月末現在,都道府県,岡山,岡山,62,うち派遣・請負事業所,所,2017_8957097520ff.xlsx,（別表２）,2026-09-07T13:45:09Z
foreign_employment,2017,平成29年10月末現在,都道府県,岡山,岡山,13727,外国人労働者数,人,2017_8957097520ff.xlsx,（別表２）,2026-09-07T13:45:09Z
foreign_employment,2017,平成29年10月末現在,都道府県,岡山,岡山,1206,うち派遣・請負労働者,人,2017_8957097520ff.xlsx,（別表２）,2026-09-07T13:45:09Z
foreign_employment,2017,平成29年10月末現在,都道府県,広島,広島,3938,事業所数,所,2017_8957097520ff.xlsx,（別表２）,2026-09-07T13:45:09Z
foreign_employment,2017,平成29年10月末現在,都道府県,広島,広島,326,うち派遣・請負事業所,所,2017_8957097520ff.xlsx,（別表２）,2026-09-07T13:45:09Z
foreign_employment,2017,平成29年10月末現在,都道府県,広島,広島,28358,外国人労働者数,人,2017_8957097520ff.xlsx,（別表２）,2026-09-07T13:45:09Z
foreign_employment,2017,平成29年10月末現在,都道府県,広島,広島,3233,うち派遣・請負労働者,人,2017_8957097520ff.xlsx,（別表２）,2026-09-07T13:45:09Z
foreign_employment,2017,平成29年10月末現在,都道府県,山口,山口,1090,事業所数,所,2017_8957097520ff.xlsx,（別表２）,2026-09-07T13:45:09Z
foreign_employment,2017,平成29年10月末現在,都道府県,山口,山口,89,うち派遣・請負事業所,所,2017_8957097520ff.xlsx,（別表２）,2026-09-07T13:45:09Z
foreign_employment,2017,平成29年10月末現在,都道府県,山口,山口,6635,外国人労働者数,人,2017_8957097520ff.xlsx,（別表２）,2026-09-07T13:45:09Z
foreign_employment,2017,平成29年10月末現在,都道府県,山口,山口,620,うち派遣・請負労働者,人,2017_8957097520ff.xlsx,（別表２）,2026-09-07T13:45:09Z
foreign_employment,2017,平成29年10月末現在,都道府県,徳島,徳島,847,事業所数,所,2017_8957097520ff.xlsx,（別表２）,2026-09-07T13:45:09Z
foreign_employment,2017,平成29年10月末現在,都道府県,徳島,徳島,43,うち派遣・請負事業所,所,2017_8957097520ff.xlsx,（別表２）,2026-09-07T13:45:09Z
foreign_employment,2017,平成29年10月末現在,都道府県,徳島,徳島,4024,外国人労働者数,人,2017_8957097520ff.xlsx,（別表２）,2026-09-07T13:45:09Z
foreign_employment,2017,平成29年10月末現在,都道府県,徳島,徳島,212,うち派遣・請負労働者,人,2017_8957097520ff.xlsx,（別表２）,2026-09-07T13:45:09Z
foreign_employment,2017,平成29年10月末現在,都道府県,香川,香川,1369,事業所数,所,2017_8957097520ff.xlsx,（別表２）,2026-09-07T13:45:09Z
foreign_employment,2017,平成29年10月末現在,都道府県,香川,香川,93,うち派遣・請負事業所,所,2017_8957097520ff.xlsx,（別表２）,2026-09-07T13:45:09Z
foreign_employment,2017,平成29年10月末現在,都道府県,香川,香川,7825,外国人労働者数,人,2017_8957097520ff.xlsx,（別表２）,2026-09-07T13:45:09Z
foreign_employment,2017,平成29年10月末現在,都道府県,香川,香川,655,うち派遣・請負労働者,人,2017_8957097520ff.xlsx,（別表２）,2026-09-07T13:45:09Z
foreign_employment,2017,平成29年10月末現在,都道府県,愛媛,愛媛,1432,事業所数,所,2017_8957097520ff.xlsx,（別表２）,2026-09-07T13:45:09Z
foreign_employment,2017,平成29年10月末現在,都道府県,愛媛,愛媛,190,うち派遣・請負事業所,所,2017_8957097520ff.xlsx,（別表２）,2026-09-07T13:45:09Z
foreign_employment,2017,平成29年10月末現在,都道府県,愛媛,愛媛,7812,外国人労働者数,人,2017_8957097520ff.xlsx,（別表２）,2026-09-07T13:45:09Z
foreign_employment,2017,平成29年10月末現在,都道府県,愛媛,愛媛,1161,うち派遣・請負労働者,人,2017_8957097520ff.xlsx,（別表２）,2026-09-07T13:45:09Z
foreign_employment,2017,平成29年10月末現在,都道府県,高知,高知,646,事業所数,所,2017_8957097520ff.xlsx,（別表２）,2026-09-07T13:45:09Z
foreign_employment,2017,平成29年10月末現在,都道府県,高知,高知,28,うち派遣・請負事業所,所,2017_8957097520ff.xlsx,（別表２）,2026-09-07T13:45:09Z
foreign_employment,2017,平成29年10月末現在,都道府県,高知,高知,2414,外国人労働者数,人,2017_8957097520ff.xlsx,（別表２）,2026-09-07T13:45:09Z
foreign_employment,2017,平成29年10月末現在,都道府県,高知,高知,154,うち派遣・請負労働者,人,2017_8957097520ff.xlsx,（別表２）,2026-09-07T13:45:09Z
foreign_employment,2017,平成29年10月末現在,都道府県,福岡,福岡,6621,事業所数,所,2017_8957097520ff.xlsx,（別表２）,2026-09-07T13:45:09Z
foreign_employment,2017,平成29年10月末現在,都道府県,福岡,福岡,478,うち派遣・請負事業所,所,2017_8957097520ff.xlsx,（別表２）,2026-09-07T13:45:09Z
foreign_employment,2017,平成29年10月末現在,都道府県,福岡,福岡,39428,外国人労働者数,人,2017_8957097520ff.xlsx,（別表２）,2026-09-07T13:45:09Z
foreign_employment,2017,平成29年10月末現在,都道府県,福岡,福岡,7428,うち派遣・請負労働者,人,2017_8957097520ff.xlsx,（別表２）,2026-09-07T13:45:09Z
foreign_employment,2017,平成29年10月末現在,都道府県,佐賀,佐賀,664,事業所数,所,2017_8957097520ff.xlsx,（別表２）,2026-09-07T13:45:09Z
foreign_employment,2017,平成29年10月末現在,都道府県,佐賀,佐賀,17,うち派遣・請負事業所,所,2017_8957097520ff.xlsx,（別表２）,2026-09-07T13:45:09Z
foreign_employment,2017,平成29年10月末現在,都道府県,佐賀,佐賀,4678,外国人労働者数,人,2017_8957097520ff.xlsx,（別表２）,2026-09-07T13:45:09Z
foreign_employment,2017,平成29年10月末現在,都道府県,佐賀,佐賀,505,うち派遣・請負労働者,人,2017_8957097520ff.xlsx,（別表２）,2026-09-07T13:45:09Z
foreign_employment,2017,平成29年10月末現在,都道府県,長崎,長崎,1033,事業所数,所,2017_8957097520ff.xlsx,（別表２）,2026-09-07T13:45:09Z
foreign_employment,2017,平成29年10月末現在,都道府県,長崎,長崎,56,うち派遣・請負事業所,所,2017_8957097520ff.xlsx,（別表２）,2026-09-07T13:45:09Z
foreign_employment,2017,平成29年10月末現在,都道府県,長崎,長崎,5555,外国人労働者数,人,2017_8957097520ff.xlsx,（別表２）,2026-09-07T13:45:09Z
foreign_employment,2017,平成29年10月末現在,都道府県,長崎,長崎,291,うち派遣・請負労働者,人,2017_8957097520ff.xlsx,（別表２）,2026-09-07T13:45:09Z
foreign_employment,2017,平成29年10月末現在,都道府県,熊本,熊本,1986,事業所数,所,2017_8957097520ff.xlsx,（別表２）,2026-09-07T13:45:09Z
foreign_employment,2017,平成29年10月末現在,都道府県,熊本,熊本,62,うち派遣・請負事業所,所,2017_8957097520ff.xlsx,（別表２）,2026-09-07T13:45:09Z
foreign_employment,2017,平成29年10月末現在,都道府県,熊本,熊本,7743,外国人労働者数,人,2017_8957097520ff.xlsx,（別表２）,2026-09-07T13:45:09Z
foreign_employment,2017,平成29年10月末現在,都道府県,熊本,熊本,383,うち派遣・請負労働者,人,2017_8957097520ff.xlsx,（別表２）,2026-09-07T13:45:09Z
foreign_employment,2017,平成29年10月末現在,都道府県,大分,大分,1023,事業所数,所,2017_8957097520ff.xlsx,（別表２）,2026-09-07T13:45:09Z
foreign_employment,2017,平成29年10月末現在,都道府県,大分,大分,53,うち派遣・請負事業所,所,2017_8957097520ff.xlsx,（別表２）,2026-09-07T13:45:09Z
foreign_employment,2017,平成29年10月末現在,都道府県,大分,大分,5458,外国人労働者数,人,2017_8957097520ff.xlsx,（別表２）,2026-09-07T13:45:09Z
foreign_employment,2017,平成29年10月末現在,都道府県,大分,大分,452,うち派遣・請負労働者,人,2017_8957097520ff.xlsx,（別表２）,2026-09-07T13:45:09Z
foreign_employment,2017,平成29年10月末現在,都道府県,宮崎,宮崎,695,事業所数,所,2017_8957097520ff.xlsx,（別表２）,2026-09-07T13:45:09Z
foreign_employment,2017,平成29年10月末現在,都道府県,宮崎,宮崎,11,うち派遣・請負事業所,所,2017_8957097520ff.xlsx,（別表２）,2026-09-07T13:45:09Z
foreign_employment,2017,平成29年10月末現在,都道府県,宮崎,宮崎,3490,外国人労働者数,人,2017_8957097520ff.xlsx,（別表２）,2026-09-07T13:45:09Z
foreign_employment,2017,平成29年10月末現在,都道府県,宮崎,宮崎,79,うち派遣・請負労働者,人,2017_8957097520ff.xlsx,（別表２）,2026-09-07T13:45:09Z
foreign_employment,2017,平成29年10月末現在,都道府県,鹿児島,鹿児島,1168,事業所数,所,2017_8957097520ff.xlsx,（別表２）,2026-09-07T13:45:09Z
foreign_employment,2017,平成29年10月末現在,都道府県,鹿児島,鹿児島,70,うち派遣・請負事業所,所,2017_8957097520ff.xlsx,（別表２）,2026-09-07T13:45:09Z
foreign_employment,2017,平成29年10月末現在,都道府県,鹿児島,鹿児島,5542,外国人労働者数,人,2017_8957097520ff.xlsx,（別表２）,2026-09-07T13:45:09Z
foreign_employment,2017,平成29年10月末現在,都道府県,鹿児島,鹿児島,350,うち派遣・請負労働者,人,2017_8957097520ff.xlsx,（別表２）,2026-09-07T13:45:09Z
foreign_employment,2017,平成29年10月末現在,都道府県,沖縄,沖縄,1445,事業所数,所,2017_8957097520ff.xlsx,（別表２）,2026-09-07T13:45:09Z
foreign_employment,2017,平成29年10月末現在,都道府県,沖縄,沖縄,108,うち派遣・請負事業所,所,2017_8957097520ff.xlsx,（別表２）,2026-09-07T13:45:09Z
foreign_employment,2017,平成29年10月末現在,都道府県,沖縄,沖縄,7310,外国人労働者数,人,2017_8957097520ff.xlsx,（別表２）,2026-09-07T13:45:09Z
foreign_employment,2017,平成29年10月末現在,都道府県,沖縄,沖縄,1289,うち派遣・請負労働者,人,2017_8957097520ff.xlsx,（別表２）,2026-09-07T13:45:09Z
foreign_employment,2017,平成29年10月末現在,産業,全産業計,全産業計,194595,事業所数,所,2017_8957097520ff.xlsx,（別表４）,2026-09-07T13:45:09Z
foreign_employment,2017,平成29年10月末現在,産業,全産業計,全産業計,17312,うち派遣・請負事業所,所,2017_8957097520ff.xlsx,（別表４）,2026-09-07T13:45:09Z
foreign_employment,2017,平成29年10月末現在,産業,全産業計,全産業計,1278670,外国人労働者数,人,2017_8957097520ff.xlsx,（別表４）,2026-09-07T13:45:09Z
foreign_employment,2017,平成29年10月末現在,産業,全産業計,全産業計,273648,うち派遣・請負労働者,人,2017_8957097520ff.xlsx,（別表４）,2026-09-07T13:45:09Z
foreign_employment,2017,平成29年10月末現在,産業,農業、林業,農業、林業,8199,事業所数,所,2017_8957097520ff.xlsx,（別表４）,2026-09-07T13:45:09Z
foreign_employment,2017,平成29年10月末現在,産業,農業、林業,農業、林業,194,うち派遣・請負事業所,所,2017_8957097520ff.xlsx,（別表４）,2026-09-07T13:45:09Z
foreign_employment,2017,平成29年10月末現在,産業,農業、林業,農業、林業,27248,外国人労働者数,人,2017_8957097520ff.xlsx,（別表４）,2026-09-07T13:45:09Z
foreign_employment,2017,平成29年10月末現在,産業,農業、林業,農業、林業,1155,うち派遣・請負労働者,人,2017_8957097520ff.xlsx,（別表４）,2026-09-07T13:45:09Z
foreign_employment,2017,平成29年10月末現在,産業,漁業,漁業,736,事業所数,所,2017_8957097520ff.xlsx,（別表４）,2026-09-07T13:45:09Z
foreign_employment,2017,平成29年10月末現在,産業,漁業,漁業,5,うち派遣・請負事業所,所,2017_8957097520ff.xlsx,（別表４）,2026-09-07T13:45:09Z
foreign_employment,2017,平成29年10月末現在,産業,漁業,漁業,2756,外国人労働者数,人,2017_8957097520ff.xlsx,（別表４）,2026-09-07T13:45:09Z
foreign_employment,2017,平成29年10月末現在,産業,漁業,漁業,25,うち派遣・請負労働者,人,2017_8957097520ff.xlsx,（別表４）,2026-09-07T13:45:09Z
foreign_employment,2017,平成29年10月末現在,産業,鉱業、採石業、砂利採取業,鉱業、採石業、砂利採取業,73,事業所数,所,2017_8957097520ff.xlsx,（別表４）,2026-09-07T13:45:09Z
foreign_employment,2017,平成29年10月末現在,産業,鉱業、採石業、砂利採取業,鉱業、採石業、砂利採取業,4,うち派遣・請負事業所,所,2017_8957097520ff.xlsx,（別表４）,2026-09-07T13:45:09Z
foreign_employment,2017,平成29年10月末現在,産業,鉱業、採石業、砂利採取業,鉱業、採石業、砂利採取業,228,外国人労働者数,人,2017_8957097520ff.xlsx,（別表４）,2026-09-07T13:45:09Z
foreign_employment,2017,平成29年10月末現在,産業,鉱業、採石業、砂利採取業,鉱業、採石業、砂利採取業,7,うち派遣・請負労働者,人,2017_8957097520ff.xlsx,（別表４）,2026-09-07T13:45:09Z
foreign_employment,2017,平成29年10月末現在,産業,建設業,建設業,16711,事業所数,所,2017_8957097520ff.xlsx,（別表４）,2026-09-07T13:45:09Z
foreign_employment,2017,平成29年10月末現在,産業,建設業,建設業,1227,うち派遣・請負事業所,所,2017_8957097520ff.xlsx,（別表４）,2026-09-07T13:45:09Z
foreign_employment,2017,平成29年10月末現在,産業,建設業,建設業,55168,外国人労働者数,人,2017_8957097520ff.xlsx,（別表４）,2026-09-07T13:45:09Z
foreign_employment,2017,平成29年10月末現在,産業,建設業,建設業,5111,うち派遣・請負労働者,人,2017_8957097520ff.xlsx,（別表４）,2026-09-07T13:45:09Z
foreign_employment,2017,平成29年10月末現在,産業,製造業,製造業,43293,事業所数,所,2017_8957097520ff.xlsx,（別表４）,2026-09-07T13:45:09Z
foreign_employment,2017,平成29年10月末現在,産業,製造業,製造業,4325,うち派遣・請負事業所,所,2017_8957097520ff.xlsx,（別表４）,2026-09-07T13:45:09Z
foreign_employment,2017,平成29年10月末現在,産業,製造業,製造業,385997,外国人労働者数,人,2017_8957097520ff.xlsx,（別表４）,2026-09-07T13:45:09Z
foreign_employment,2017,平成29年10月末現在,産業,製造業,製造業,66903,うち派遣・請負労働者,人,2017_8957097520ff.xlsx,（別表４）,2026-09-07T13:45:09Z
foreign_employment,2017,平成29年10月末現在,産業,電気・ガス・熱供給・水道業,電気・ガス・熱供給・水道業,126,事業所数,所,2017_8957097520ff.xlsx,（別表４）,2026-09-07T13:45:09Z
foreign_employment,2017,平成29年10月末現在,産業,電気・ガス・熱供給・水道業,電気・ガス・熱供給・水道業,12,うち派遣・請負事業所,所,2017_8957097520ff.xlsx,（別表４）,2026-09-07T13:45:09Z
foreign_employment,2017,平成29年10月末現在,産業,電気・ガス・熱供給・水道業,電気・ガス・熱供給・水道業,360,外国人労働者数,人,2017_8957097520ff.xlsx,（別表４）,2026-09-07T13:45:09Z
foreign_employment,2017,平成29年10月末現在,産業,電気・ガス・熱供給・水道業,電気・ガス・熱供給・水道業,43,うち派遣・請負労働者,人,2017_8957097520ff.xlsx,（別表４）,2026-09-07T13:45:09Z
foreign_employment,2017,平成29年10月末現在,産業,情報通信業,情報通信業,9247,事業所数,所,2017_8957097520ff.xlsx,（別表４）,2026-09-07T13:45:09Z
foreign_employment,2017,平成29年10月末現在,産業,情報通信業,情報通信業,1153,うち派遣・請負事業所,所,2017_8957097520ff.xlsx,（別表４）,2026-09-07T13:45:09Z
foreign_employment,2017,平成29年10月末現在,産業,情報通信業,情報通信業,52038,外国人労働者数,人,2017_8957097520ff.xlsx,（別表４）,2026-09-07T13:45:09Z
foreign_employment,2017,平成29年10月末現在,産業,情報通信業,情報通信業,10484,うち派遣・請負労働者,人,2017_8957097520ff.xlsx,（別表４）,2026-09-07T13:45:09Z
foreign_employment,2017,平成29年10月末現在,産業,運輸業、郵便業,運輸業、郵便業,5700,事業所数,所,2017_8957097520ff.xlsx,（別表４）,2026-09-07T13:45:09Z
foreign_employment,2017,平成29年10月末現在,産業,運輸業、郵便業,運輸業、郵便業,521,うち派遣・請負事業所,所,2017_8957097520ff.xlsx,（別表４）,2026-09-07T13:45:09Z
foreign_employment,2017,平成29年10月末現在,産業,運輸業、郵便業,運輸業、郵便業,53867,外国人労働者数,人,2017_8957097520ff.xlsx,（別表４）,2026-09-07T13:45:09Z
foreign_employment,2017,平成29年10月末現在,産業,運輸業、郵便業,運輸業、郵便業,16866,うち派遣・請負労働者,人,2017_8957097520ff.xlsx,（別表４）,2026-09-07T13:45:09Z
foreign_employment,2017,平成29年10月末現在,産業,卸売業、小売業,卸売業、小売業,33229,事業所数,所,2017_8957097520ff.xlsx,（別表４）,2026-09-07T13:45:09Z
foreign_employment,2017,平成29年10月末現在,産業,卸売業、小売業,卸売業、小売業,1270,うち派遣・請負事業所,所,2017_8957097520ff.xlsx,（別表４）,2026-09-07T13:45:09Z
foreign_employment,2017,平成29年10月末現在,産業,卸売業、小売業,卸売業、小売業,166182,外国人労働者数,人,2017_8957097520ff.xlsx,（別表４）,2026-09-07T13:45:09Z
foreign_employment,2017,平成29年10月末現在,産業,卸売業、小売業,卸売業、小売業,8752,うち派遣・請負労働者,人,2017_8957097520ff.xlsx,（別表４）,2026-09-07T13:45:09Z
foreign_employment,2017,平成29年10月末現在,産業,金融業、保険業,金融業、保険業,1327,事業所数,所,2017_8957097520ff.xlsx,（別表４）,2026-09-07T13:45:09Z
foreign_employment,2017,平成29年10月末現在,産業,金融業、保険業,金融業、保険業,84,うち派遣・請負事業所,所,2017_8957097520ff.xlsx,（別表４）,2026-09-07T13:45:09Z
foreign_employment,2017,平成29年10月末現在,産業,金融業、保険業,金融業、保険業,10155,外国人労働者数,人,2017_8957097520ff.xlsx,（別表４）,2026-09-07T13:45:09Z
foreign_employment,2017,平成29年10月末現在,産業,金融業、保険業,金融業、保険業,1171,うち派遣・請負労働者,人,2017_8957097520ff.xlsx,（別表４）,2026-09-07T13:45:09Z
foreign_employment,2017,平成29年10月末現在,産業,不動産業、物品賃貸業,不動産業、物品賃貸業,2370,事業所数,所,2017_8957097520ff.xlsx,（別表４）,2026-09-07T13:45:09Z
foreign_employment,2017,平成29年10月末現在,産業,不動産業、物品賃貸業,不動産業、物品賃貸業,120,うち派遣・請負事業所,所,2017_8957097520ff.xlsx,（別表４）,2026-09-07T13:45:09Z
foreign_employment,2017,平成29年10月末現在,産業,不動産業、物品賃貸業,不動産業、物品賃貸業,9648,外国人労働者数,人,2017_8957097520ff.xlsx,（別表４）,2026-09-07T13:45:09Z
foreign_employment,2017,平成29年10月末現在,産業,不動産業、物品賃貸業,不動産業、物品賃貸業,1170,うち派遣・請負労働者,人,2017_8957097520ff.xlsx,（別表４）,2026-09-07T13:45:09Z
foreign_employment,2017,平成29年10月末現在,産業,学術研究、専門・技術サービス業,学術研究、専門・技術サービス業,7909,事業所数,所,2017_8957097520ff.xlsx,（別表４）,2026-09-07T13:45:09Z
foreign_employment,2017,平成29年10月末現在,産業,学術研究、専門・技術サービス業,学術研究、専門・技術サービス業,779,うち派遣・請負事業所,所,2017_8957097520ff.xlsx,（別表４）,2026-09-07T13:45:09Z
foreign_employment,2017,平成29年10月末現在,産業,学術研究、専門・技術サービス業,学術研究、専門・技術サービス業,44056,外国人労働者数,人,2017_8957097520ff.xlsx,（別表４）,2026-09-07T13:45:09Z
foreign_employment,2017,平成29年10月末現在,産業,学術研究、専門・技術サービス業,学術研究、専門・技術サービス業,12655,うち派遣・請負労働者,人,2017_8957097520ff.xlsx,（別表４）,2026-09-07T13:45:09Z
foreign_employment,2017,平成29年10月末現在,産業,宿泊業、飲食サービス業,宿泊業、飲食サービス業,27779,事業所数,所,2017_8957097520ff.xlsx,（別表４）,2026-09-07T13:45:09Z
foreign_employment,2017,平成29年10月末現在,産業,宿泊業、飲食サービス業,宿泊業、飲食サービス業,663,うち派遣・請負事業所,所,2017_8957097520ff.xlsx,（別表４）,2026-09-07T13:45:09Z
foreign_employment,2017,平成29年10月末現在,産業,宿泊業、飲食サービス業,宿泊業、飲食サービス業,157866,外国人労働者数,人,2017_8957097520ff.xlsx,（別表４）,2026-09-07T13:45:09Z
foreign_employment,2017,平成29年10月末現在,産業,宿泊業、飲食サービス業,宿泊業、飲食サービス業,6594,うち派遣・請負労働者,人,2017_8957097520ff.xlsx,（別表４）,2026-09-07T13:45:09Z
foreign_employment,2017,平成29年10月末現在,産業,生活関連サービス業、娯楽業,生活関連サービス業、娯楽業,3995,事業所数,所,2017_8957097520ff.xlsx,（別表４）,2026-09-07T13:45:09Z
foreign_employment,2017,平成29年10月末現在,産業,生活関連サービス業、娯楽業,生活関連サービス業、娯楽業,247,うち派遣・請負事業所,所,2017_8957097520ff.xlsx,（別表４）,2026-09-07T13:45:09Z
foreign_employment,2017,平成29年10月末現在,産業,生活関連サービス業、娯楽業,生活関連サービス業、娯楽業,17973,外国人労働者数,人,2017_8957097520ff.xlsx,（別表４）,2026-09-07T13:45:09Z
foreign_employment,2017,平成29年10月末現在,産業,生活関連サービス業、娯楽業,生活関連サービス業、娯楽業,1604,うち派遣・請負労働者,人,2017_8957097520ff.xlsx,（別表４）,2026-09-07T13:45:09Z
foreign_employment,2017,平成29年10月末現在,産業,教育、学習支援業,教育、学習支援業,5856,事業所数,所,2017_8957097520ff.xlsx,（別表４）,2026-09-07T13:45:09Z
foreign_employment,2017,平成29年10月末現在,産業,教育、学習支援業,教育、学習支援業,278,うち派遣・請負事業所,所,2017_8957097520ff.xlsx,（別表４）,2026-09-07T13:45:09Z
foreign_employment,2017,平成29年10月末現在,産業,教育、学習支援業,教育、学習支援業,65309,外国人労働者数,人,2017_8957097520ff.xlsx,（別表４）,2026-09-07T13:45:09Z
foreign_employment,2017,平成29年10月末現在,産業,教育、学習支援業,教育、学習支援業,6467,うち派遣・請負労働者,人,2017_8957097520ff.xlsx,（別表４）,2026-09-07T13:45:09Z
foreign_employment,2017,平成29年10月末現在,産業,医療、福祉,医療、福祉,8719,事業所数,所,2017_8957097520ff.xlsx,（別表４）,2026-09-07T13:45:09Z
foreign_employment,2017,平成29年10月末現在,産業,医療、福祉,医療、福祉,417,うち派遣・請負事業所,所,2017_8957097520ff.xlsx,（別表４）,2026-09-07T13:45:09Z
foreign_employment,2017,平成29年10月末現在,産業,医療、福祉,医療、福祉,21734,外国人労働者数,人,2017_8957097520ff.xlsx,（別表４）,2026-09-07T13:45:09Z
foreign_employment,2017,平成29年10月末現在,産業,医療、福祉,医療、福祉,1453,うち派遣・請負労働者,人,2017_8957097520ff.xlsx,（別表４）,2026-09-07T13:45:09Z
foreign_employment,2017,平成29年10月末現在,産業,複合サービス事業,複合サービス事業,993,事業所数,所,2017_8957097520ff.xlsx,（別表４）,2026-09-07T13:45:09Z
foreign_employment,2017,平成29年10月末現在,産業,複合サービス事業,複合サービス事業,60,うち派遣・請負事業所,所,2017_8957097520ff.xlsx,（別表４）,2026-09-07T13:45:09Z
foreign_employment,2017,平成29年10月末現在,産業,複合サービス事業,複合サービス事業,3537,外国人労働者数,人,2017_8957097520ff.xlsx,（別表４）,2026-09-07T13:45:09Z
foreign_employment,2017,平成29年10月末現在,産業,複合サービス事業,複合サービス事業,572,うち派遣・請負労働者,人,2017_8957097520ff.xlsx,（別表４）,2026-09-07T13:45:09Z
foreign_employment,2017,平成29年10月末現在,産業,サービス業（他に分類されないもの）,サービス業（他に分類されないもの）,15528,事業所数,所,2017_8957097520ff.xlsx,（別表４）,2026-09-07T13:45:09Z
foreign_employment,2017,平成29年10月末現在,産業,サービス業（他に分類されないもの）,サービス業（他に分類されないもの）,5770,うち派遣・請負事業所,所,2017_8957097520ff.xlsx,（別表４）,2026-09-07T13:45:09Z
foreign_employment,2017,平成29年10月末現在,産業,サービス業（他に分類されないもの）,サービス業（他に分類されないもの）,189858,外国人労働者数,人,2017_8957097520ff.xlsx,（別表４）,2026-09-07T13:45:09Z
foreign_employment,2017,平成29年10月末現在,産業,サービス業（他に分類されないもの）,サービス業（他に分類されないもの）,130851,うち派遣・請負労働者,人,2017_8957097520ff.xlsx,（別表４）,2026-09-07T13:45:09Z
foreign_employment,2017,平成29年10月末現在,産業,公務（他に分類されるものを除く）,公務（他に分類されるものを除く）,1875,事業所数,所,2017_8957097520ff.xlsx,（別表４）,2026-09-07T13:45:09Z
foreign_employment,2017,平成29年10月末現在,産業,公務（他に分類されるものを除く）,公務（他に分類されるものを除く）,85,うち派遣・請負事業所,所,2017_8957097520ff.xlsx,（別表４）,2026-09-07T13:45:09Z
foreign_employment,2017,平成29年10月末現在,産業,公務（他に分類されるものを除く）,公務（他に分類されるものを除く）,10146,外国人労働者数,人,2017_8957097520ff.xlsx,（別表４）,2026-09-07T13:45:09Z
foreign_employment,2017,平成29年10月末現在,産業,公務（他に分類されるものを除く）,公務（他に分類されるものを除く）,793,うち派遣・請負労働者,人,2017_8957097520ff.xlsx,（別表４）,2026-09-07T13:45:09Z
foreign_employment,2017,平成29年10月末現在,産業,分類不能の産業,分類不能の産業,930,事業所数,所,2017_8957097520ff.xlsx,（別表４）,2026-09-07T13:45:09Z
foreign_employment,2017,平成29年10月末現在,産業,分類不能の産業,分類不能の産業,98,うち派遣・請負事業所,所,2017_8957097520ff.xlsx,（別表４）,2026-09-07T13:45:09Z
foreign_employment,2017,平成29年10月末現在,産業,分類不能の産業,分類不能の産業,4544,外国人労働者数,人,2017_8957097520ff.xlsx,（別表４）,2026-09-07T13:45:09Z
foreign_employment,2017,平成29年10月末現在,産業,分類不能の産業,分類不能の産業,972,うち派遣・請負労働者,人,2017_8957097520ff.xlsx,（別表４）,2026-09-07T13:45:09Z
foreign_employment,2017,平成29年10月末現在,在留資格,①専門的・技術的分野の在留資格,①専門的・技術的分野の在留資格,238412,外国人労働者数,人,2017_8957097520ff.xlsx,（別表６）,2026-09-07T13:45:09Z
foreign_employment,2017,平成29年10月末現在,在留資格,②特定活動,②特定活動,26270,外国人労働者数,人,2017_8957097520ff.xlsx,（別表６）,2026-09-07T13:45:09Z
foreign_employment,2017,平成29年10月末現在,在留資格,③技能実習,③技能実習,257788,外国人労働者数,人,2017_8957097520ff.xlsx,（別表６）,2026-09-07T13:45:09Z
foreign_employment,2017,平成29年10月末現在,在留資格,④資格外活動,④資格外活動,297012,外国人労働者数,人,2017_8957097520ff.xlsx,（別表６）,2026-09-07T13:45:09Z
foreign_employment,2017,平成29年10月末現在,在留資格,⑤身分に基づく在留資格　,⑤身分に基づく在留資格　,459132,外国人労働者数,人,2017_8957097520ff.xlsx,（別表６）,2026-09-07T13:45:09Z
foreign_employment,2017,平成29年10月末現在,在留資格,⑥不明,⑥不明,56,外国人労働者数,人,2017_8957097520ff.xlsx,（別表６）,2026-09-07T13:45:09Z
foreign_employment,2018,平成30年10月末現在,総数,全国計,全国計,216348,事業所数,所,2018_000592978.xlsx,別表２地域・事業所、労働者,2026-09-07T13:45:09Z
foreign_employment,2018,平成30年10月末現在,総数,全国計,全国計,17876,うち派遣・請負事業所,所,2018_000592978.xlsx,別表２地域・事業所、労働者,2026-09-07T13:45:09Z
foreign_employment,2018,平成30年10月末現在,総数,全国計,全国計,1460463,外国人労働者数,人,2018_000592978.xlsx,別表２地域・事業所、労働者,2026-09-07T13:45:09Z
foreign_employment,2018,平成30年10月末現在,総数,全国計,全国計,309470,うち派遣・請負労働者,人,2018_000592978.xlsx,別表２地域・事業所、労働者,2026-09-07T13:45:09Z
foreign_employment,2018,平成30年10月末現在,都道府県,北海道,北海道,4342,事業所数,所,2018_000592978.xlsx,別表２地域・事業所、労働者,2026-09-07T13:45:09Z
foreign_employment,2018,平成30年10月末現在,都道府県,北海道,北海道,160,うち派遣・請負事業所,所,2018_000592978.xlsx,別表２地域・事業所、労働者,2026-09-07T13:45:09Z
foreign_employment,2018,平成30年10月末現在,都道府県,北海道,北海道,21026,外国人労働者数,人,2018_000592978.xlsx,別表２地域・事業所、労働者,2026-09-07T13:45:09Z
foreign_employment,2018,平成30年10月末現在,都道府県,北海道,北海道,796,うち派遣・請負労働者,人,2018_000592978.xlsx,別表２地域・事業所、労働者,2026-09-07T13:45:09Z
foreign_employment,2018,平成30年10月末現在,都道府県,青森,青森,620,事業所数,所,2018_000592978.xlsx,別表２地域・事業所、労働者,2026-09-07T13:45:09Z
foreign_employment,2018,平成30年10月末現在,都道府県,青森,青森,12,うち派遣・請負事業所,所,2018_000592978.xlsx,別表２地域・事業所、労働者,2026-09-07T13:45:09Z
foreign_employment,2018,平成30年10月末現在,都道府県,青森,青森,3137,外国人労働者数,人,2018_000592978.xlsx,別表２地域・事業所、労働者,2026-09-07T13:45:09Z
foreign_employment,2018,平成30年10月末現在,都道府県,青森,青森,26,うち派遣・請負労働者,人,2018_000592978.xlsx,別表２地域・事業所、労働者,2026-09-07T13:45:09Z
foreign_employment,2018,平成30年10月末現在,都道府県,岩手,岩手,808,事業所数,所,2018_000592978.xlsx,別表２地域・事業所、労働者,2026-09-07T13:45:09Z
foreign_employment,2018,平成30年10月末現在,都道府県,岩手,岩手,43,うち派遣・請負事業所,所,2018_000592978.xlsx,別表２地域・事業所、労働者,2026-09-07T13:45:09Z
foreign_employment,2018,平成30年10月末現在,都道府県,岩手,岩手,4509,外国人労働者数,人,2018_000592978.xlsx,別表２地域・事業所、労働者,2026-09-07T13:45:09Z
foreign_employment,2018,平成30年10月末現在,都道府県,岩手,岩手,201,うち派遣・請負労働者,人,2018_000592978.xlsx,別表２地域・事業所、労働者,2026-09-07T13:45:09Z
foreign_employment,2018,平成30年10月末現在,都道府県,宮城,宮城,1880,事業所数,所,2018_000592978.xlsx,別表２地域・事業所、労働者,2026-09-07T13:45:09Z
foreign_employment,2018,平成30年10月末現在,都道府県,宮城,宮城,113,うち派遣・請負事業所,所,2018_000592978.xlsx,別表２地域・事業所、労働者,2026-09-07T13:45:09Z
foreign_employment,2018,平成30年10月末現在,都道府県,宮城,宮城,11001,外国人労働者数,人,2018_000592978.xlsx,別表２地域・事業所、労働者,2026-09-07T13:45:09Z
foreign_employment,2018,平成30年10月末現在,都道府県,宮城,宮城,909,うち派遣・請負労働者,人,2018_000592978.xlsx,別表２地域・事業所、労働者,2026-09-07T13:45:09Z
foreign_employment,2018,平成30年10月末現在,都道府県,秋田,秋田,431,事業所数,所,2018_000592978.xlsx,別表２地域・事業所、労働者,2026-09-07T13:45:09Z
foreign_employment,2018,平成30年10月末現在,都道府県,秋田,秋田,4,うち派遣・請負事業所,所,2018_000592978.xlsx,別表２地域・事業所、労働者,2026-09-07T13:45:09Z
foreign_employment,2018,平成30年10月末現在,都道府県,秋田,秋田,1953,外国人労働者数,人,2018_000592978.xlsx,別表２地域・事業所、労働者,2026-09-07T13:45:09Z
foreign_employment,2018,平成30年10月末現在,都道府県,秋田,秋田,9,うち派遣・請負労働者,人,2018_000592978.xlsx,別表２地域・事業所、労働者,2026-09-07T13:45:09Z
foreign_employment,2018,平成30年10月末現在,都道府県,山形,山形,862,事業所数,所,2018_000592978.xlsx,別表２地域・事業所、労働者,2026-09-07T13:45:09Z
foreign_employment,2018,平成30年10月末現在,都道府県,山形,山形,55,うち派遣・請負事業所,所,2018_000592978.xlsx,別表２地域・事業所、労働者,2026-09-07T13:45:09Z
foreign_employment,2018,平成30年10月末現在,都道府県,山形,山形,3754,外国人労働者数,人,2018_000592978.xlsx,別表２地域・事業所、労働者,2026-09-07T13:45:09Z
foreign_employment,2018,平成30年10月末現在,都道府県,山形,山形,320,うち派遣・請負労働者,人,2018_000592978.xlsx,別表２地域・事業所、労働者,2026-09-07T13:45:09Z
foreign_employment,2018,平成30年10月末現在,都道府県,福島,福島,1544,事業所数,所,2018_000592978.xlsx,別表２地域・事業所、労働者,2026-09-07T13:45:09Z
foreign_employment,2018,平成30年10月末現在,都道府県,福島,福島,159,うち派遣・請負事業所,所,2018_000592978.xlsx,別表２地域・事業所、労働者,2026-09-07T13:45:09Z
foreign_employment,2018,平成30年10月末現在,都道府県,福島,福島,8130,外国人労働者数,人,2018_000592978.xlsx,別表２地域・事業所、労働者,2026-09-07T13:45:09Z
foreign_employment,2018,平成30年10月末現在,都道府県,福島,福島,1221,うち派遣・請負労働者,人,2018_000592978.xlsx,別表２地域・事業所、労働者,2026-09-07T13:45:09Z
foreign_employment,2018,平成30年10月末現在,都道府県,茨城,茨城,5857,事業所数,所,2018_000592978.xlsx,別表２地域・事業所、労働者,2026-09-07T13:45:09Z
foreign_employment,2018,平成30年10月末現在,都道府県,茨城,茨城,416,うち派遣・請負事業所,所,2018_000592978.xlsx,別表２地域・事業所、労働者,2026-09-07T13:45:09Z
foreign_employment,2018,平成30年10月末現在,都道府県,茨城,茨城,35062,外国人労働者数,人,2018_000592978.xlsx,別表２地域・事業所、労働者,2026-09-07T13:45:09Z
foreign_employment,2018,平成30年10月末現在,都道府県,茨城,茨城,6899,うち派遣・請負労働者,人,2018_000592978.xlsx,別表２地域・事業所、労働者,2026-09-07T13:45:09Z
foreign_employment,2018,平成30年10月末現在,都道府県,栃木,栃木,2838,事業所数,所,2018_000592978.xlsx,別表２地域・事業所、労働者,2026-09-07T13:45:09Z
foreign_employment,2018,平成30年10月末現在,都道府県,栃木,栃木,392,うち派遣・請負事業所,所,2018_000592978.xlsx,別表２地域・事業所、労働者,2026-09-07T13:45:09Z
foreign_employment,2018,平成30年10月末現在,都道府県,栃木,栃木,24016,外国人労働者数,人,2018_000592978.xlsx,別表２地域・事業所、労働者,2026-09-07T13:45:09Z
foreign_employment,2018,平成30年10月末現在,都道府県,栃木,栃木,8965,うち派遣・請負労働者,人,2018_000592978.xlsx,別表２地域・事業所、労働者,2026-09-07T13:45:09Z
foreign_employment,2018,平成30年10月末現在,都道府県,群馬,群馬,3887,事業所数,所,2018_000592978.xlsx,別表２地域・事業所、労働者,2026-09-07T13:45:09Z
foreign_employment,2018,平成30年10月末現在,都道府県,群馬,群馬,503,うち派遣・請負事業所,所,2018_000592978.xlsx,別表２地域・事業所、労働者,2026-09-07T13:45:09Z
foreign_employment,2018,平成30年10月末現在,都道府県,群馬,群馬,34526,外国人労働者数,人,2018_000592978.xlsx,別表２地域・事業所、労働者,2026-09-07T13:45:09Z
foreign_employment,2018,平成30年10月末現在,都道府県,群馬,群馬,13775,うち派遣・請負労働者,人,2018_000592978.xlsx,別表２地域・事業所、労働者,2026-09-07T13:45:09Z
foreign_employment,2018,平成30年10月末現在,都道府県,埼玉,埼玉,10345,事業所数,所,2018_000592978.xlsx,別表２地域・事業所、労働者,2026-09-07T13:45:09Z
foreign_employment,2018,平成30年10月末現在,都道府県,埼玉,埼玉,748,うち派遣・請負事業所,所,2018_000592978.xlsx,別表２地域・事業所、労働者,2026-09-07T13:45:09Z
foreign_employment,2018,平成30年10月末現在,都道府県,埼玉,埼玉,65290,外国人労働者数,人,2018_000592978.xlsx,別表２地域・事業所、労働者,2026-09-07T13:45:09Z
foreign_employment,2018,平成30年10月末現在,都道府県,埼玉,埼玉,13083,うち派遣・請負労働者,人,2018_000592978.xlsx,別表２地域・事業所、労働者,2026-09-07T13:45:09Z
foreign_employment,2018,平成30年10月末現在,都道府県,千葉,千葉,8865,事業所数,所,2018_000592978.xlsx,別表２地域・事業所、労働者,2026-09-07T13:45:09Z
foreign_employment,2018,平成30年10月末現在,都道府県,千葉,千葉,482,うち派遣・請負事業所,所,2018_000592978.xlsx,別表２地域・事業所、労働者,2026-09-07T13:45:09Z
foreign_employment,2018,平成30年10月末現在,都道府県,千葉,千葉,54492,外国人労働者数,人,2018_000592978.xlsx,別表２地域・事業所、労働者,2026-09-07T13:45:09Z
foreign_employment,2018,平成30年10月末現在,都道府県,千葉,千葉,7579,うち派遣・請負労働者,人,2018_000592978.xlsx,別表２地域・事業所、労働者,2026-09-07T13:45:09Z
foreign_employment,2018,平成30年10月末現在,都道府県,東京,東京,58878,事業所数,所,2018_000592978.xlsx,別表２地域・事業所、労働者,2026-09-07T13:45:09Z
foreign_employment,2018,平成30年10月末現在,都道府県,東京,東京,4716,うち派遣・請負事業所,所,2018_000592978.xlsx,別表２地域・事業所、労働者,2026-09-07T13:45:09Z
foreign_employment,2018,平成30年10月末現在,都道府県,東京,東京,438775,外国人労働者数,人,2018_000592978.xlsx,別表２地域・事業所、労働者,2026-09-07T13:45:09Z
foreign_employment,2018,平成30年10月末現在,都道府県,東京,東京,80438,うち派遣・請負労働者,人,2018_000592978.xlsx,別表２地域・事業所、労働者,2026-09-07T13:45:09Z
foreign_employment,2018,平成30年10月末現在,都道府県,神奈川,神奈川,13924,事業所数,所,2018_000592978.xlsx,別表２地域・事業所、労働者,2026-09-07T13:45:09Z
foreign_employment,2018,平成30年10月末現在,都道府県,神奈川,神奈川,1237,うち派遣・請負事業所,所,2018_000592978.xlsx,別表２地域・事業所、労働者,2026-09-07T13:45:09Z
foreign_employment,2018,平成30年10月末現在,都道府県,神奈川,神奈川,79223,外国人労働者数,人,2018_000592978.xlsx,別表２地域・事業所、労働者,2026-09-07T13:45:09Z
foreign_employment,2018,平成30年10月末現在,都道府県,神奈川,神奈川,15353,うち派遣・請負労働者,人,2018_000592978.xlsx,別表２地域・事業所、労働者,2026-09-07T13:45:09Z
foreign_employment,2018,平成30年10月末現在,都道府県,新潟,新潟,1806,事業所数,所,2018_000592978.xlsx,別表２地域・事業所、労働者,2026-09-07T13:45:09Z
foreign_employment,2018,平成30年10月末現在,都道府県,新潟,新潟,113,うち派遣・請負事業所,所,2018_000592978.xlsx,別表２地域・事業所、労働者,2026-09-07T13:45:09Z
foreign_employment,2018,平成30年10月末現在,都道府県,新潟,新潟,8918,外国人労働者数,人,2018_000592978.xlsx,別表２地域・事業所、労働者,2026-09-07T13:45:09Z
foreign_employment,2018,平成30年10月末現在,都道府県,新潟,新潟,926,うち派遣・請負労働者,人,2018_000592978.xlsx,別表２地域・事業所、労働者,2026-09-07T13:45:09Z
foreign_employment,2018,平成30年10月末現在,都道府県,富山,富山,1751,事業所数,所,2018_000592978.xlsx,別表２地域・事業所、労働者,2026-09-07T13:45:09Z
foreign_employment,2018,平成30年10月末現在,都道府県,富山,富山,121,うち派遣・請負事業所,所,2018_000592978.xlsx,別表２地域・事業所、労働者,2026-09-07T13:45:09Z
foreign_employment,2018,平成30年10月末現在,都道府県,富山,富山,10334,外国人労働者数,人,2018_000592978.xlsx,別表２地域・事業所、労働者,2026-09-07T13:45:09Z
foreign_employment,2018,平成30年10月末現在,都道府県,富山,富山,2078,うち派遣・請負労働者,人,2018_000592978.xlsx,別表２地域・事業所、労働者,2026-09-07T13:45:09Z
foreign_employment,2018,平成30年10月末現在,都道府県,石川,石川,1518,事業所数,所,2018_000592978.xlsx,別表２地域・事業所、労働者,2026-09-07T13:45:09Z
foreign_employment,2018,平成30年10月末現在,都道府県,石川,石川,194,うち派遣・請負事業所,所,2018_000592978.xlsx,別表２地域・事業所、労働者,2026-09-07T13:45:09Z
foreign_employment,2018,平成30年10月末現在,都道府県,石川,石川,9795,外国人労働者数,人,2018_000592978.xlsx,別表２地域・事業所、労働者,2026-09-07T13:45:09Z
foreign_employment,2018,平成30年10月末現在,都道府県,石川,石川,2585,うち派遣・請負労働者,人,2018_000592978.xlsx,別表２地域・事業所、労働者,2026-09-07T13:45:09Z
foreign_employment,2018,平成30年10月末現在,都道府県,福井,福井,1249,事業所数,所,2018_000592978.xlsx,別表２地域・事業所、労働者,2026-09-07T13:45:09Z
foreign_employment,2018,平成30年10月末現在,都道府県,福井,福井,72,うち派遣・請負事業所,所,2018_000592978.xlsx,別表２地域・事業所、労働者,2026-09-07T13:45:09Z
foreign_employment,2018,平成30年10月末現在,都道府県,福井,福井,8651,外国人労働者数,人,2018_000592978.xlsx,別表２地域・事業所、労働者,2026-09-07T13:45:09Z
foreign_employment,2018,平成30年10月末現在,都道府県,福井,福井,2890,うち派遣・請負労働者,人,2018_000592978.xlsx,別表２地域・事業所、労働者,2026-09-07T13:45:09Z
foreign_employment,2018,平成30年10月末現在,都道府県,山梨,山梨,1184,事業所数,所,2018_000592978.xlsx,別表２地域・事業所、労働者,2026-09-07T13:45:09Z
foreign_employment,2018,平成30年10月末現在,都道府県,山梨,山梨,113,うち派遣・請負事業所,所,2018_000592978.xlsx,別表２地域・事業所、労働者,2026-09-07T13:45:09Z
foreign_employment,2018,平成30年10月末現在,都道府県,山梨,山梨,6910,外国人労働者数,人,2018_000592978.xlsx,別表２地域・事業所、労働者,2026-09-07T13:45:09Z
foreign_employment,2018,平成30年10月末現在,都道府県,山梨,山梨,2255,うち派遣・請負労働者,人,2018_000592978.xlsx,別表２地域・事業所、労働者,2026-09-07T13:45:09Z
foreign_employment,2018,平成30年10月末現在,都道府県,長野,長野,3445,事業所数,所,2018_000592978.xlsx,別表２地域・事業所、労働者,2026-09-07T13:45:09Z
foreign_employment,2018,平成30年10月末現在,都道府県,長野,長野,228,うち派遣・請負事業所,所,2018_000592978.xlsx,別表２地域・事業所、労働者,2026-09-07T13:45:09Z
foreign_employment,2018,平成30年10月末現在,都道府県,長野,長野,17923,外国人労働者数,人,2018_000592978.xlsx,別表２地域・事業所、労働者,2026-09-07T13:45:09Z
foreign_employment,2018,平成30年10月末現在,都道府県,長野,長野,3738,うち派遣・請負労働者,人,2018_000592978.xlsx,別表２地域・事業所、労働者,2026-09-07T13:45:09Z
foreign_employment,2018,平成30年10月末現在,都道府県,岐阜,岐阜,3864,事業所数,所,2018_000592978.xlsx,別表２地域・事業所、労働者,2026-09-07T13:45:09Z
foreign_employment,2018,平成30年10月末現在,都道府県,岐阜,岐阜,306,うち派遣・請負事業所,所,2018_000592978.xlsx,別表２地域・事業所、労働者,2026-09-07T13:45:09Z
foreign_employment,2018,平成30年10月末現在,都道府県,岐阜,岐阜,31279,外国人労働者数,人,2018_000592978.xlsx,別表２地域・事業所、労働者,2026-09-07T13:45:09Z
foreign_employment,2018,平成30年10月末現在,都道府県,岐阜,岐阜,9966,うち派遣・請負労働者,人,2018_000592978.xlsx,別表２地域・事業所、労働者,2026-09-07T13:45:09Z
foreign_employment,2018,平成30年10月末現在,都道府県,静岡,静岡,6869,事業所数,所,2018_000592978.xlsx,別表２地域・事業所、労働者,2026-09-07T13:45:09Z
foreign_employment,2018,平成30年10月末現在,都道府県,静岡,静岡,1288,うち派遣・請負事業所,所,2018_000592978.xlsx,別表２地域・事業所、労働者,2026-09-07T13:45:09Z
foreign_employment,2018,平成30年10月末現在,都道府県,静岡,静岡,57353,外国人労働者数,人,2018_000592978.xlsx,別表２地域・事業所、労働者,2026-09-07T13:45:09Z
foreign_employment,2018,平成30年10月末現在,都道府県,静岡,静岡,26720,うち派遣・請負労働者,人,2018_000592978.xlsx,別表２地域・事業所、労働者,2026-09-07T13:45:09Z
foreign_employment,2018,平成30年10月末現在,都道府県,愛知,愛知,17437,事業所数,所,2018_000592978.xlsx,別表２地域・事業所、労働者,2026-09-07T13:45:09Z
foreign_employment,2018,平成30年10月末現在,都道府県,愛知,愛知,2241,うち派遣・請負事業所,所,2018_000592978.xlsx,別表２地域・事業所、労働者,2026-09-07T13:45:09Z
foreign_employment,2018,平成30年10月末現在,都道府県,愛知,愛知,151669,外国人労働者数,人,2018_000592978.xlsx,別表２地域・事業所、労働者,2026-09-07T13:45:09Z
foreign_employment,2018,平成30年10月末現在,都道府県,愛知,愛知,46960,うち派遣・請負労働者,人,2018_000592978.xlsx,別表２地域・事業所、労働者,2026-09-07T13:45:09Z
foreign_employment,2018,平成30年10月末現在,都道府県,三重,三重,3336,事業所数,所,2018_000592978.xlsx,別表２地域・事業所、労働者,2026-09-07T13:45:09Z
foreign_employment,2018,平成30年10月末現在,都道府県,三重,三重,433,うち派遣・請負事業所,所,2018_000592978.xlsx,別表２地域・事業所、労働者,2026-09-07T13:45:09Z
foreign_employment,2018,平成30年10月末現在,都道府県,三重,三重,27464,外国人労働者数,人,2018_000592978.xlsx,別表２地域・事業所、労働者,2026-09-07T13:45:09Z
foreign_employment,2018,平成30年10月末現在,都道府県,三重,三重,10031,うち派遣・請負労働者,人,2018_000592978.xlsx,別表２地域・事業所、労働者,2026-09-07T13:45:09Z
foreign_employment,2018,平成30年10月末現在,都道府県,滋賀,滋賀,1855,事業所数,所,2018_000592978.xlsx,別表２地域・事業所、労働者,2026-09-07T13:45:09Z
foreign_employment,2018,平成30年10月末現在,都道府県,滋賀,滋賀,432,うち派遣・請負事業所,所,2018_000592978.xlsx,別表２地域・事業所、労働者,2026-09-07T13:45:09Z
foreign_employment,2018,平成30年10月末現在,都道府県,滋賀,滋賀,17238,外国人労働者数,人,2018_000592978.xlsx,別表２地域・事業所、労働者,2026-09-07T13:45:09Z
foreign_employment,2018,平成30年10月末現在,都道府県,滋賀,滋賀,8063,うち派遣・請負労働者,人,2018_000592978.xlsx,別表２地域・事業所、労働者,2026-09-07T13:45:09Z
foreign_employment,2018,平成30年10月末現在,都道府県,京都,京都,3206,事業所数,所,2018_000592978.xlsx,別表２地域・事業所、労働者,2026-09-07T13:45:09Z
foreign_employment,2018,平成30年10月末現在,都道府県,京都,京都,211,うち派遣・請負事業所,所,2018_000592978.xlsx,別表２地域・事業所、労働者,2026-09-07T13:45:09Z
foreign_employment,2018,平成30年10月末現在,都道府県,京都,京都,17436,外国人労働者数,人,2018_000592978.xlsx,別表２地域・事業所、労働者,2026-09-07T13:45:09Z
foreign_employment,2018,平成30年10月末現在,都道府県,京都,京都,1940,うち派遣・請負労働者,人,2018_000592978.xlsx,別表２地域・事業所、労働者,2026-09-07T13:45:09Z
foreign_employment,2018,平成30年10月末現在,都道府県,大阪,大阪,15137,事業所数,所,2018_000592978.xlsx,別表２地域・事業所、労働者,2026-09-07T13:45:09Z
foreign_employment,2018,平成30年10月末現在,都道府県,大阪,大阪,726,うち派遣・請負事業所,所,2018_000592978.xlsx,別表２地域・事業所、労働者,2026-09-07T13:45:09Z
foreign_employment,2018,平成30年10月末現在,都道府県,大阪,大阪,90072,外国人労働者数,人,2018_000592978.xlsx,別表２地域・事業所、労働者,2026-09-07T13:45:09Z
foreign_employment,2018,平成30年10月末現在,都道府県,大阪,大阪,14573,うち派遣・請負労働者,人,2018_000592978.xlsx,別表２地域・事業所、労働者,2026-09-07T13:45:09Z
foreign_employment,2018,平成30年10月末現在,都道府県,兵庫,兵庫,6277,事業所数,所,2018_000592978.xlsx,別表２地域・事業所、労働者,2026-09-07T13:45:09Z
foreign_employment,2018,平成30年10月末現在,都道府県,兵庫,兵庫,411,うち派遣・請負事業所,所,2018_000592978.xlsx,別表２地域・事業所、労働者,2026-09-07T13:45:09Z
foreign_employment,2018,平成30年10月末現在,都道府県,兵庫,兵庫,34516,外国人労働者数,人,2018_000592978.xlsx,別表２地域・事業所、労働者,2026-09-07T13:45:09Z
foreign_employment,2018,平成30年10月末現在,都道府県,兵庫,兵庫,5106,うち派遣・請負労働者,人,2018_000592978.xlsx,別表２地域・事業所、労働者,2026-09-07T13:45:09Z
foreign_employment,2018,平成30年10月末現在,都道府県,奈良,奈良,897,事業所数,所,2018_000592978.xlsx,別表２地域・事業所、労働者,2026-09-07T13:45:09Z
foreign_employment,2018,平成30年10月末現在,都道府県,奈良,奈良,24,うち派遣・請負事業所,所,2018_000592978.xlsx,別表２地域・事業所、労働者,2026-09-07T13:45:09Z
foreign_employment,2018,平成30年10月末現在,都道府県,奈良,奈良,4116,外国人労働者数,人,2018_000592978.xlsx,別表２地域・事業所、労働者,2026-09-07T13:45:09Z
foreign_employment,2018,平成30年10月末現在,都道府県,奈良,奈良,489,うち派遣・請負労働者,人,2018_000592978.xlsx,別表２地域・事業所、労働者,2026-09-07T13:45:09Z
foreign_employment,2018,平成30年10月末現在,都道府県,和歌山,和歌山,616,事業所数,所,2018_000592978.xlsx,別表２地域・事業所、労働者,2026-09-07T13:45:09Z
foreign_employment,2018,平成30年10月末現在,都道府県,和歌山,和歌山,37,うち派遣・請負事業所,所,2018_000592978.xlsx,別表２地域・事業所、労働者,2026-09-07T13:45:09Z
foreign_employment,2018,平成30年10月末現在,都道府県,和歌山,和歌山,2395,外国人労働者数,人,2018_000592978.xlsx,別表２地域・事業所、労働者,2026-09-07T13:45:09Z
foreign_employment,2018,平成30年10月末現在,都道府県,和歌山,和歌山,171,うち派遣・請負労働者,人,2018_000592978.xlsx,別表２地域・事業所、労働者,2026-09-07T13:45:09Z
foreign_employment,2018,平成30年10月末現在,都道府県,鳥取,鳥取,608,事業所数,所,2018_000592978.xlsx,別表２地域・事業所、労働者,2026-09-07T13:45:09Z
foreign_employment,2018,平成30年10月末現在,都道府県,鳥取,鳥取,18,うち派遣・請負事業所,所,2018_000592978.xlsx,別表２地域・事業所、労働者,2026-09-07T13:45:09Z
foreign_employment,2018,平成30年10月末現在,都道府県,鳥取,鳥取,2755,外国人労働者数,人,2018_000592978.xlsx,別表２地域・事業所、労働者,2026-09-07T13:45:09Z
foreign_employment,2018,平成30年10月末現在,都道府県,鳥取,鳥取,67,うち派遣・請負労働者,人,2018_000592978.xlsx,別表２地域・事業所、労働者,2026-09-07T13:45:09Z
foreign_employment,2018,平成30年10月末現在,都道府県,島根,島根,636,事業所数,所,2018_000592978.xlsx,別表２地域・事業所、労働者,2026-09-07T13:45:09Z
foreign_employment,2018,平成30年10月末現在,都道府県,島根,島根,19,うち派遣・請負事業所,所,2018_000592978.xlsx,別表２地域・事業所、労働者,2026-09-07T13:45:09Z
foreign_employment,2018,平成30年10月末現在,都道府県,島根,島根,4297,外国人労働者数,人,2018_000592978.xlsx,別表２地域・事業所、労働者,2026-09-07T13:45:09Z
foreign_employment,2018,平成30年10月末現在,都道府県,島根,島根,1257,うち派遣・請負労働者,人,2018_000592978.xlsx,別表２地域・事業所、労働者,2026-09-07T13:45:09Z
foreign_employment,2018,平成30年10月末現在,都道府県,岡山,岡山,2296,事業所数,所,2018_000592978.xlsx,別表２地域・事業所、労働者,2026-09-07T13:45:09Z
foreign_employment,2018,平成30年10月末現在,都道府県,岡山,岡山,77,うち派遣・請負事業所,所,2018_000592978.xlsx,別表２地域・事業所、労働者,2026-09-07T13:45:09Z
foreign_employment,2018,平成30年10月末現在,都道府県,岡山,岡山,16297,外国人労働者数,人,2018_000592978.xlsx,別表２地域・事業所、労働者,2026-09-07T13:45:09Z
foreign_employment,2018,平成30年10月末現在,都道府県,岡山,岡山,1621,うち派遣・請負労働者,人,2018_000592978.xlsx,別表２地域・事業所、労働者,2026-09-07T13:45:09Z
foreign_employment,2018,平成30年10月末現在,都道府県,広島,広島,4387,事業所数,所,2018_000592978.xlsx,別表２地域・事業所、労働者,2026-09-07T13:45:09Z
foreign_employment,2018,平成30年10月末現在,都道府県,広島,広島,344,うち派遣・請負事業所,所,2018_000592978.xlsx,別表２地域・事業所、労働者,2026-09-07T13:45:09Z
foreign_employment,2018,平成30年10月末現在,都道府県,広島,広島,31851,外国人労働者数,人,2018_000592978.xlsx,別表２地域・事業所、労働者,2026-09-07T13:45:09Z
foreign_employment,2018,平成30年10月末現在,都道府県,広島,広島,3610,うち派遣・請負労働者,人,2018_000592978.xlsx,別表２地域・事業所、労働者,2026-09-07T13:45:09Z
foreign_employment,2018,平成30年10月末現在,都道府県,山口,山口,1281,事業所数,所,2018_000592978.xlsx,別表２地域・事業所、労働者,2026-09-07T13:45:09Z
foreign_employment,2018,平成30年10月末現在,都道府県,山口,山口,100,うち派遣・請負事業所,所,2018_000592978.xlsx,別表２地域・事業所、労働者,2026-09-07T13:45:09Z
foreign_employment,2018,平成30年10月末現在,都道府県,山口,山口,7723,外国人労働者数,人,2018_000592978.xlsx,別表２地域・事業所、労働者,2026-09-07T13:45:09Z
foreign_employment,2018,平成30年10月末現在,都道府県,山口,山口,787,うち派遣・請負労働者,人,2018_000592978.xlsx,別表２地域・事業所、労働者,2026-09-07T13:45:09Z
foreign_employment,2018,平成30年10月末現在,都道府県,徳島,徳島,934,事業所数,所,2018_000592978.xlsx,別表２地域・事業所、労働者,2026-09-07T13:45:09Z
foreign_employment,2018,平成30年10月末現在,都道府県,徳島,徳島,47,うち派遣・請負事業所,所,2018_000592978.xlsx,別表２地域・事業所、労働者,2026-09-07T13:45:09Z
foreign_employment,2018,平成30年10月末現在,都道府県,徳島,徳島,4389,外国人労働者数,人,2018_000592978.xlsx,別表２地域・事業所、労働者,2026-09-07T13:45:09Z
foreign_employment,2018,平成30年10月末現在,都道府県,徳島,徳島,221,うち派遣・請負労働者,人,2018_000592978.xlsx,別表２地域・事業所、労働者,2026-09-07T13:45:09Z
foreign_employment,2018,平成30年10月末現在,都道府県,香川,香川,1467,事業所数,所,2018_000592978.xlsx,別表２地域・事業所、労働者,2026-09-07T13:45:09Z
foreign_employment,2018,平成30年10月末現在,都道府県,香川,香川,100,うち派遣・請負事業所,所,2018_000592978.xlsx,別表２地域・事業所、労働者,2026-09-07T13:45:09Z
foreign_employment,2018,平成30年10月末現在,都道府県,香川,香川,8703,外国人労働者数,人,2018_000592978.xlsx,別表２地域・事業所、労働者,2026-09-07T13:45:09Z
foreign_employment,2018,平成30年10月末現在,都道府県,香川,香川,830,うち派遣・請負労働者,人,2018_000592978.xlsx,別表２地域・事業所、労働者,2026-09-07T13:45:09Z
foreign_employment,2018,平成30年10月末現在,都道府県,愛媛,愛媛,1515,事業所数,所,2018_000592978.xlsx,別表２地域・事業所、労働者,2026-09-07T13:45:09Z
foreign_employment,2018,平成30年10月末現在,都道府県,愛媛,愛媛,200,うち派遣・請負事業所,所,2018_000592978.xlsx,別表２地域・事業所、労働者,2026-09-07T13:45:09Z
foreign_employment,2018,平成30年10月末現在,都道府県,愛媛,愛媛,8376,外国人労働者数,人,2018_000592978.xlsx,別表２地域・事業所、労働者,2026-09-07T13:45:09Z
foreign_employment,2018,平成30年10月末現在,都道府県,愛媛,愛媛,1241,うち派遣・請負労働者,人,2018_000592978.xlsx,別表２地域・事業所、労働者,2026-09-07T13:45:09Z
foreign_employment,2018,平成30年10月末現在,都道府県,高知,高知,725,事業所数,所,2018_000592978.xlsx,別表２地域・事業所、労働者,2026-09-07T13:45:09Z
foreign_employment,2018,平成30年10月末現在,都道府県,高知,高知,35,うち派遣・請負事業所,所,2018_000592978.xlsx,別表２地域・事業所、労働者,2026-09-07T13:45:09Z
foreign_employment,2018,平成30年10月末現在,都道府県,高知,高知,2592,外国人労働者数,人,2018_000592978.xlsx,別表２地域・事業所、労働者,2026-09-07T13:45:09Z
foreign_employment,2018,平成30年10月末現在,都道府県,高知,高知,186,うち派遣・請負労働者,人,2018_000592978.xlsx,別表２地域・事業所、労働者,2026-09-07T13:45:09Z
foreign_employment,2018,平成30年10月末現在,都道府県,福岡,福岡,7625,事業所数,所,2018_000592978.xlsx,別表２地域・事業所、労働者,2026-09-07T13:45:09Z
foreign_employment,2018,平成30年10月末現在,都道府県,福岡,福岡,517,うち派遣・請負事業所,所,2018_000592978.xlsx,別表２地域・事業所、労働者,2026-09-07T13:45:09Z
foreign_employment,2018,平成30年10月末現在,都道府県,福岡,福岡,46273,外国人労働者数,人,2018_000592978.xlsx,別表２地域・事業所、労働者,2026-09-07T13:45:09Z
foreign_employment,2018,平成30年10月末現在,都道府県,福岡,福岡,7948,うち派遣・請負労働者,人,2018_000592978.xlsx,別表２地域・事業所、労働者,2026-09-07T13:45:09Z
foreign_employment,2018,平成30年10月末現在,都道府県,佐賀,佐賀,746,事業所数,所,2018_000592978.xlsx,別表２地域・事業所、労働者,2026-09-07T13:45:09Z
foreign_employment,2018,平成30年10月末現在,都道府県,佐賀,佐賀,22,うち派遣・請負事業所,所,2018_000592978.xlsx,別表２地域・事業所、労働者,2026-09-07T13:45:09Z
foreign_employment,2018,平成30年10月末現在,都道府県,佐賀,佐賀,5258,外国人労働者数,人,2018_000592978.xlsx,別表２地域・事業所、労働者,2026-09-07T13:45:09Z
foreign_employment,2018,平成30年10月末現在,都道府県,佐賀,佐賀,461,うち派遣・請負労働者,人,2018_000592978.xlsx,別表２地域・事業所、労働者,2026-09-07T13:45:09Z
foreign_employment,2018,平成30年10月末現在,都道府県,長崎,長崎,1174,事業所数,所,2018_000592978.xlsx,別表２地域・事業所、労働者,2026-09-07T13:45:09Z
foreign_employment,2018,平成30年10月末現在,都道府県,長崎,長崎,58,うち派遣・請負事業所,所,2018_000592978.xlsx,別表２地域・事業所、労働者,2026-09-07T13:45:09Z
foreign_employment,2018,平成30年10月末現在,都道府県,長崎,長崎,5433,外国人労働者数,人,2018_000592978.xlsx,別表２地域・事業所、労働者,2026-09-07T13:45:09Z
foreign_employment,2018,平成30年10月末現在,都道府県,長崎,長崎,274,うち派遣・請負労働者,人,2018_000592978.xlsx,別表２地域・事業所、労働者,2026-09-07T13:45:09Z
foreign_employment,2018,平成30年10月末現在,都道府県,熊本,熊本,2438,事業所数,所,2018_000592978.xlsx,別表２地域・事業所、労働者,2026-09-07T13:45:09Z
foreign_employment,2018,平成30年10月末現在,都道府県,熊本,熊本,93,うち派遣・請負事業所,所,2018_000592978.xlsx,別表２地域・事業所、労働者,2026-09-07T13:45:09Z
foreign_employment,2018,平成30年10月末現在,都道府県,熊本,熊本,10155,外国人労働者数,人,2018_000592978.xlsx,別表２地域・事業所、労働者,2026-09-07T13:45:09Z
foreign_employment,2018,平成30年10月末現在,都道府県,熊本,熊本,667,うち派遣・請負労働者,人,2018_000592978.xlsx,別表２地域・事業所、労働者,2026-09-07T13:45:09Z
foreign_employment,2018,平成30年10月末現在,都道府県,大分,大分,1144,事業所数,所,2018_000592978.xlsx,別表２地域・事業所、労働者,2026-09-07T13:45:09Z
foreign_employment,2018,平成30年10月末現在,都道府県,大分,大分,62,うち派遣・請負事業所,所,2018_000592978.xlsx,別表２地域・事業所、労働者,2026-09-07T13:45:09Z
foreign_employment,2018,平成30年10月末現在,都道府県,大分,大分,6254,外国人労働者数,人,2018_000592978.xlsx,別表２地域・事業所、労働者,2026-09-07T13:45:09Z
foreign_employment,2018,平成30年10月末現在,都道府県,大分,大分,562,うち派遣・請負労働者,人,2018_000592978.xlsx,別表２地域・事業所、労働者,2026-09-07T13:45:09Z
foreign_employment,2018,平成30年10月末現在,都道府県,宮崎,宮崎,860,事業所数,所,2018_000592978.xlsx,別表２地域・事業所、労働者,2026-09-07T13:45:09Z
foreign_employment,2018,平成30年10月末現在,都道府県,宮崎,宮崎,14,うち派遣・請負事業所,所,2018_000592978.xlsx,別表２地域・事業所、労働者,2026-09-07T13:45:09Z
foreign_employment,2018,平成30年10月末現在,都道府県,宮崎,宮崎,4144,外国人労働者数,人,2018_000592978.xlsx,別表２地域・事業所、労働者,2026-09-07T13:45:09Z
foreign_employment,2018,平成30年10月末現在,都道府県,宮崎,宮崎,77,うち派遣・請負労働者,人,2018_000592978.xlsx,別表２地域・事業所、労働者,2026-09-07T13:45:09Z
foreign_employment,2018,平成30年10月末現在,都道府県,鹿児島,鹿児島,1393,事業所数,所,2018_000592978.xlsx,別表２地域・事業所、労働者,2026-09-07T13:45:09Z
foreign_employment,2018,平成30年10月末現在,都道府県,鹿児島,鹿児島,73,うち派遣・請負事業所,所,2018_000592978.xlsx,別表２地域・事業所、労働者,2026-09-07T13:45:09Z
foreign_employment,2018,平成30年10月末現在,都道府県,鹿児島,鹿児島,6862,外国人労働者数,人,2018_000592978.xlsx,別表２地域・事業所、労働者,2026-09-07T13:45:09Z
foreign_employment,2018,平成30年10月末現在,都道府県,鹿児島,鹿児島,464,うち派遣・請負労働者,人,2018_000592978.xlsx,別表２地域・事業所、労働者,2026-09-07T13:45:09Z
foreign_employment,2018,平成30年10月末現在,都道府県,沖縄,沖縄,1591,事業所数,所,2018_000592978.xlsx,別表２地域・事業所、労働者,2026-09-07T13:45:09Z
foreign_employment,2018,平成30年10月末現在,都道府県,沖縄,沖縄,107,うち派遣・請負事業所,所,2018_000592978.xlsx,別表２地域・事業所、労働者,2026-09-07T13:45:09Z
foreign_employment,2018,平成30年10月末現在,都道府県,沖縄,沖縄,8138,外国人労働者数,人,2018_000592978.xlsx,別表２地域・事業所、労働者,2026-09-07T13:45:09Z
foreign_employment,2018,平成30年10月末現在,都道府県,沖縄,沖縄,1132,うち派遣・請負労働者,人,2018_000592978.xlsx,別表２地域・事業所、労働者,2026-09-07T13:45:09Z
foreign_employment,2018,平成30年10月末現在,産業,全産業計,全産業計,216348,事業所数,所,2018_000592978.xlsx,別表４産業・事業所、労働者,2026-09-07T13:45:09Z
foreign_employment,2018,平成30年10月末現在,産業,全産業計,全産業計,17876,うち派遣・請負事業所,所,2018_000592978.xlsx,別表４産業・事業所、労働者,2026-09-07T13:45:09Z
foreign_employment,2018,平成30年10月末現在,産業,全産業計,全産業計,1460463,外国人労働者数,人,2018_000592978.xlsx,別表４産業・事業所、労働者,2026-09-07T13:45:09Z
foreign_employment,2018,平成30年10月末現在,産業,全産業計,全産業計,309470,うち派遣・請負労働者,人,2018_000592978.xlsx,別表４産業・事業所、労働者,2026-09-07T13:45:09Z
foreign_employment,2018,平成30年10月末現在,産業,農業、林業,農業、林業,9227,事業所数,所,2018_000592978.xlsx,別表４産業・事業所、労働者,2026-09-07T13:45:09Z
foreign_employment,2018,平成30年10月末現在,産業,農業、林業,農業、林業,203,うち派遣・請負事業所,所,2018_000592978.xlsx,別表４産業・事業所、労働者,2026-09-07T13:45:09Z
foreign_employment,2018,平成30年10月末現在,産業,農業、林業,農業、林業,31189,外国人労働者数,人,2018_000592978.xlsx,別表４産業・事業所、労働者,2026-09-07T13:45:09Z
foreign_employment,2018,平成30年10月末現在,産業,農業、林業,農業、林業,993,うち派遣・請負労働者,人,2018_000592978.xlsx,別表４産業・事業所、労働者,2026-09-07T13:45:09Z
foreign_employment,2018,平成30年10月末現在,産業,漁業,漁業,834,事業所数,所,2018_000592978.xlsx,別表４産業・事業所、労働者,2026-09-07T13:45:09Z
foreign_employment,2018,平成30年10月末現在,産業,漁業,漁業,4,うち派遣・請負事業所,所,2018_000592978.xlsx,別表４産業・事業所、労働者,2026-09-07T13:45:09Z
foreign_employment,2018,平成30年10月末現在,産業,漁業,漁業,3275,外国人労働者数,人,2018_000592978.xlsx,別表４産業・事業所、労働者,2026-09-07T13:45:09Z
foreign_employment,2018,平成30年10月末現在,産業,漁業,漁業,26,うち派遣・請負労働者,人,2018_000592978.xlsx,別表４産業・事業所、労働者,2026-09-07T13:45:09Z
foreign_employment,2018,平成30年10月末現在,産業,鉱業、採石業、砂利採取業,鉱業、採石業、砂利採取業,64,事業所数,所,2018_000592978.xlsx,別表４産業・事業所、労働者,2026-09-07T13:45:09Z
foreign_employment,2018,平成30年10月末現在,産業,鉱業、採石業、砂利採取業,鉱業、採石業、砂利採取業,4,うち派遣・請負事業所,所,2018_000592978.xlsx,別表４産業・事業所、労働者,2026-09-07T13:45:09Z
foreign_employment,2018,平成30年10月末現在,産業,鉱業、採石業、砂利採取業,鉱業、採石業、砂利採取業,236,外国人労働者数,人,2018_000592978.xlsx,別表４産業・事業所、労働者,2026-09-07T13:45:09Z
foreign_employment,2018,平成30年10月末現在,産業,鉱業、採石業、砂利採取業,鉱業、採石業、砂利採取業,16,うち派遣・請負労働者,人,2018_000592978.xlsx,別表４産業・事業所、労働者,2026-09-07T13:45:09Z
foreign_employment,2018,平成30年10月末現在,産業,建設業,建設業,20264,事業所数,所,2018_000592978.xlsx,別表４産業・事業所、労働者,2026-09-07T13:45:09Z
foreign_employment,2018,平成30年10月末現在,産業,建設業,建設業,1254,うち派遣・請負事業所,所,2018_000592978.xlsx,別表４産業・事業所、労働者,2026-09-07T13:45:09Z
foreign_employment,2018,平成30年10月末現在,産業,建設業,建設業,68604,外国人労働者数,人,2018_000592978.xlsx,別表４産業・事業所、労働者,2026-09-07T13:45:09Z
foreign_employment,2018,平成30年10月末現在,産業,建設業,建設業,5710,うち派遣・請負労働者,人,2018_000592978.xlsx,別表４産業・事業所、労働者,2026-09-07T13:45:09Z
foreign_employment,2018,平成30年10月末現在,産業,製造業,製造業,46254,事業所数,所,2018_000592978.xlsx,別表４産業・事業所、労働者,2026-09-07T13:45:09Z
foreign_employment,2018,平成30年10月末現在,産業,製造業,製造業,4365,うち派遣・請負事業所,所,2018_000592978.xlsx,別表４産業・事業所、労働者,2026-09-07T13:45:09Z
foreign_employment,2018,平成30年10月末現在,産業,製造業,製造業,434342,外国人労働者数,人,2018_000592978.xlsx,別表４産業・事業所、労働者,2026-09-07T13:45:09Z
foreign_employment,2018,平成30年10月末現在,産業,製造業,製造業,73324,うち派遣・請負労働者,人,2018_000592978.xlsx,別表４産業・事業所、労働者,2026-09-07T13:45:09Z
foreign_employment,2018,平成30年10月末現在,産業,電気・ガス・熱供給・水道業,電気・ガス・熱供給・水道業,148,事業所数,所,2018_000592978.xlsx,別表４産業・事業所、労働者,2026-09-07T13:45:09Z
foreign_employment,2018,平成30年10月末現在,産業,電気・ガス・熱供給・水道業,電気・ガス・熱供給・水道業,11,うち派遣・請負事業所,所,2018_000592978.xlsx,別表４産業・事業所、労働者,2026-09-07T13:45:09Z
foreign_employment,2018,平成30年10月末現在,産業,電気・ガス・熱供給・水道業,電気・ガス・熱供給・水道業,443,外国人労働者数,人,2018_000592978.xlsx,別表４産業・事業所、労働者,2026-09-07T13:45:09Z
foreign_employment,2018,平成30年10月末現在,産業,電気・ガス・熱供給・水道業,電気・ガス・熱供給・水道業,47,うち派遣・請負労働者,人,2018_000592978.xlsx,別表４産業・事業所、労働者,2026-09-07T13:45:09Z
foreign_employment,2018,平成30年10月末現在,産業,情報通信業,情報通信業,10037,事業所数,所,2018_000592978.xlsx,別表４産業・事業所、労働者,2026-09-07T13:45:09Z
foreign_employment,2018,平成30年10月末現在,産業,情報通信業,情報通信業,1126,うち派遣・請負事業所,所,2018_000592978.xlsx,別表４産業・事業所、労働者,2026-09-07T13:45:09Z
foreign_employment,2018,平成30年10月末現在,産業,情報通信業,情報通信業,57620,外国人労働者数,人,2018_000592978.xlsx,別表４産業・事業所、労働者,2026-09-07T13:45:09Z
foreign_employment,2018,平成30年10月末現在,産業,情報通信業,情報通信業,11007,うち派遣・請負労働者,人,2018_000592978.xlsx,別表４産業・事業所、労働者,2026-09-07T13:45:09Z
foreign_employment,2018,平成30年10月末現在,産業,運輸業、郵便業,運輸業、郵便業,6442,事業所数,所,2018_000592978.xlsx,別表４産業・事業所、労働者,2026-09-07T13:45:09Z
foreign_employment,2018,平成30年10月末現在,産業,運輸業、郵便業,運輸業、郵便業,544,うち派遣・請負事業所,所,2018_000592978.xlsx,別表４産業・事業所、労働者,2026-09-07T13:45:09Z
foreign_employment,2018,平成30年10月末現在,産業,運輸業、郵便業,運輸業、郵便業,54961,外国人労働者数,人,2018_000592978.xlsx,別表４産業・事業所、労働者,2026-09-07T13:45:09Z
foreign_employment,2018,平成30年10月末現在,産業,運輸業、郵便業,運輸業、郵便業,13259,うち派遣・請負労働者,人,2018_000592978.xlsx,別表４産業・事業所、労働者,2026-09-07T13:45:09Z
foreign_employment,2018,平成30年10月末現在,産業,卸売業、小売業,卸売業、小売業,36813,事業所数,所,2018_000592978.xlsx,別表４産業・事業所、労働者,2026-09-07T13:45:09Z
foreign_employment,2018,平成30年10月末現在,産業,卸売業、小売業,卸売業、小売業,1282,うち派遣・請負事業所,所,2018_000592978.xlsx,別表４産業・事業所、労働者,2026-09-07T13:45:09Z
foreign_employment,2018,平成30年10月末現在,産業,卸売業、小売業,卸売業、小売業,186061,外国人労働者数,人,2018_000592978.xlsx,別表４産業・事業所、労働者,2026-09-07T13:45:09Z
foreign_employment,2018,平成30年10月末現在,産業,卸売業、小売業,卸売業、小売業,9142,うち派遣・請負労働者,人,2018_000592978.xlsx,別表４産業・事業所、労働者,2026-09-07T13:45:09Z
foreign_employment,2018,平成30年10月末現在,産業,金融業、保険業,金融業、保険業,1401,事業所数,所,2018_000592978.xlsx,別表４産業・事業所、労働者,2026-09-07T13:45:09Z
foreign_employment,2018,平成30年10月末現在,産業,金融業、保険業,金融業、保険業,77,うち派遣・請負事業所,所,2018_000592978.xlsx,別表４産業・事業所、労働者,2026-09-07T13:45:09Z
foreign_employment,2018,平成30年10月末現在,産業,金融業、保険業,金融業、保険業,10152,外国人労働者数,人,2018_000592978.xlsx,別表４産業・事業所、労働者,2026-09-07T13:45:09Z
foreign_employment,2018,平成30年10月末現在,産業,金融業、保険業,金融業、保険業,1066,うち派遣・請負労働者,人,2018_000592978.xlsx,別表４産業・事業所、労働者,2026-09-07T13:45:09Z
foreign_employment,2018,平成30年10月末現在,産業,不動産業、物品賃貸業,不動産業、物品賃貸業,2707,事業所数,所,2018_000592978.xlsx,別表４産業・事業所、労働者,2026-09-07T13:45:09Z
foreign_employment,2018,平成30年10月末現在,産業,不動産業、物品賃貸業,不動産業、物品賃貸業,124,うち派遣・請負事業所,所,2018_000592978.xlsx,別表４産業・事業所、労働者,2026-09-07T13:45:09Z
foreign_employment,2018,平成30年10月末現在,産業,不動産業、物品賃貸業,不動産業、物品賃貸業,11229,外国人労働者数,人,2018_000592978.xlsx,別表４産業・事業所、労働者,2026-09-07T13:45:09Z
foreign_employment,2018,平成30年10月末現在,産業,不動産業、物品賃貸業,不動産業、物品賃貸業,1522,うち派遣・請負労働者,人,2018_000592978.xlsx,別表４産業・事業所、労働者,2026-09-07T13:45:09Z
foreign_employment,2018,平成30年10月末現在,産業,学術研究、専門・技術サービス業,学術研究、専門・技術サービス業,8813,事業所数,所,2018_000592978.xlsx,別表４産業・事業所、労働者,2026-09-07T13:45:09Z
foreign_employment,2018,平成30年10月末現在,産業,学術研究、専門・技術サービス業,学術研究、専門・技術サービス業,777,うち派遣・請負事業所,所,2018_000592978.xlsx,別表４産業・事業所、労働者,2026-09-07T13:45:09Z
foreign_employment,2018,平成30年10月末現在,産業,学術研究、専門・技術サービス業,学術研究、専門・技術サービス業,49233,外国人労働者数,人,2018_000592978.xlsx,別表４産業・事業所、労働者,2026-09-07T13:45:09Z
foreign_employment,2018,平成30年10月末現在,産業,学術研究、専門・技術サービス業,学術研究、専門・技術サービス業,13811,うち派遣・請負労働者,人,2018_000592978.xlsx,別表４産業・事業所、労働者,2026-09-07T13:45:09Z
foreign_employment,2018,平成30年10月末現在,産業,宿泊業、飲食サービス業,宿泊業、飲食サービス業,31453,事業所数,所,2018_000592978.xlsx,別表４産業・事業所、労働者,2026-09-07T13:45:09Z
foreign_employment,2018,平成30年10月末現在,産業,宿泊業、飲食サービス業,宿泊業、飲食サービス業,668,うち派遣・請負事業所,所,2018_000592978.xlsx,別表４産業・事業所、労働者,2026-09-07T13:45:09Z
foreign_employment,2018,平成30年10月末現在,産業,宿泊業、飲食サービス業,宿泊業、飲食サービス業,185050,外国人労働者数,人,2018_000592978.xlsx,別表４産業・事業所、労働者,2026-09-07T13:45:09Z
foreign_employment,2018,平成30年10月末現在,産業,宿泊業、飲食サービス業,宿泊業、飲食サービス業,7239,うち派遣・請負労働者,人,2018_000592978.xlsx,別表４産業・事業所、労働者,2026-09-07T13:45:09Z
foreign_employment,2018,平成30年10月末現在,産業,生活関連サービス業、娯楽業,生活関連サービス業、娯楽業,4468,事業所数,所,2018_000592978.xlsx,別表４産業・事業所、労働者,2026-09-07T13:45:09Z
foreign_employment,2018,平成30年10月末現在,産業,生活関連サービス業、娯楽業,生活関連サービス業、娯楽業,245,うち派遣・請負事業所,所,2018_000592978.xlsx,別表４産業・事業所、労働者,2026-09-07T13:45:09Z
foreign_employment,2018,平成30年10月末現在,産業,生活関連サービス業、娯楽業,生活関連サービス業、娯楽業,21915,外国人労働者数,人,2018_000592978.xlsx,別表４産業・事業所、労働者,2026-09-07T13:45:09Z
foreign_employment,2018,平成30年10月末現在,産業,生活関連サービス業、娯楽業,生活関連サービス業、娯楽業,3640,うち派遣・請負労働者,人,2018_000592978.xlsx,別表４産業・事業所、労働者,2026-09-07T13:45:09Z
foreign_employment,2018,平成30年10月末現在,産業,教育、学習支援業,教育、学習支援業,6144,事業所数,所,2018_000592978.xlsx,別表４産業・事業所、労働者,2026-09-07T13:45:09Z
foreign_employment,2018,平成30年10月末現在,産業,教育、学習支援業,教育、学習支援業,280,うち派遣・請負事業所,所,2018_000592978.xlsx,別表４産業・事業所、労働者,2026-09-07T13:45:09Z
foreign_employment,2018,平成30年10月末現在,産業,教育、学習支援業,教育、学習支援業,69764,外国人労働者数,人,2018_000592978.xlsx,別表４産業・事業所、労働者,2026-09-07T13:45:09Z
foreign_employment,2018,平成30年10月末現在,産業,教育、学習支援業,教育、学習支援業,6252,うち派遣・請負労働者,人,2018_000592978.xlsx,別表４産業・事業所、労働者,2026-09-07T13:45:09Z
foreign_employment,2018,平成30年10月末現在,産業,医療、福祉,医療、福祉,9913,事業所数,所,2018_000592978.xlsx,別表４産業・事業所、労働者,2026-09-07T13:45:09Z
foreign_employment,2018,平成30年10月末現在,産業,医療、福祉,医療、福祉,407,うち派遣・請負事業所,所,2018_000592978.xlsx,別表４産業・事業所、労働者,2026-09-07T13:45:09Z
foreign_employment,2018,平成30年10月末現在,産業,医療、福祉,医療、福祉,26086,外国人労働者数,人,2018_000592978.xlsx,別表４産業・事業所、労働者,2026-09-07T13:45:09Z
foreign_employment,2018,平成30年10月末現在,産業,医療、福祉,医療、福祉,1601,うち派遣・請負労働者,人,2018_000592978.xlsx,別表４産業・事業所、労働者,2026-09-07T13:45:09Z
foreign_employment,2018,平成30年10月末現在,産業,複合サービス事業,複合サービス事業,1089,事業所数,所,2018_000592978.xlsx,別表４産業・事業所、労働者,2026-09-07T13:45:09Z
foreign_employment,2018,平成30年10月末現在,産業,複合サービス事業,複合サービス事業,61,うち派遣・請負事業所,所,2018_000592978.xlsx,別表４産業・事業所、労働者,2026-09-07T13:45:09Z
foreign_employment,2018,平成30年10月末現在,産業,複合サービス事業,複合サービス事業,4026,外国人労働者数,人,2018_000592978.xlsx,別表４産業・事業所、労働者,2026-09-07T13:45:09Z
foreign_employment,2018,平成30年10月末現在,産業,複合サービス事業,複合サービス事業,670,うち派遣・請負労働者,人,2018_000592978.xlsx,別表４産業・事業所、労働者,2026-09-07T13:45:09Z
foreign_employment,2018,平成30年10月末現在,産業,サービス業（他に分類されないもの）,サービス業（他に分類されないもの）,17419,事業所数,所,2018_000592978.xlsx,別表４産業・事業所、労働者,2026-09-07T13:45:09Z
foreign_employment,2018,平成30年10月末現在,産業,サービス業（他に分類されないもの）,サービス業（他に分類されないもの）,6262,うち派遣・請負事業所,所,2018_000592978.xlsx,別表４産業・事業所、労働者,2026-09-07T13:45:09Z
foreign_employment,2018,平成30年10月末現在,産業,サービス業（他に分類されないもの）,サービス業（他に分類されないもの）,230510,外国人労働者数,人,2018_000592978.xlsx,別表４産業・事業所、労働者,2026-09-07T13:45:09Z
foreign_employment,2018,平成30年10月末現在,産業,サービス業（他に分類されないもの）,サービス業（他に分類されないもの）,158273,うち派遣・請負労働者,人,2018_000592978.xlsx,別表４産業・事業所、労働者,2026-09-07T13:45:09Z
foreign_employment,2018,平成30年10月末現在,産業,公務（他に分類されるものを除く）,公務（他に分類されるものを除く）,1917,事業所数,所,2018_000592978.xlsx,別表４産業・事業所、労働者,2026-09-07T13:45:09Z
foreign_employment,2018,平成30年10月末現在,産業,公務（他に分類されるものを除く）,公務（他に分類されるものを除く）,83,うち派遣・請負事業所,所,2018_000592978.xlsx,別表４産業・事業所、労働者,2026-09-07T13:45:09Z
foreign_employment,2018,平成30年10月末現在,産業,公務（他に分類されるものを除く）,公務（他に分類されるものを除く）,10847,外国人労働者数,人,2018_000592978.xlsx,別表４産業・事業所、労働者,2026-09-07T13:45:09Z
foreign_employment,2018,平成30年10月末現在,産業,公務（他に分類されるものを除く）,公務（他に分類されるものを除く）,825,うち派遣・請負労働者,人,2018_000592978.xlsx,別表４産業・事業所、労働者,2026-09-07T13:45:09Z
foreign_employment,2018,平成30年10月末現在,産業,分類不能の産業,分類不能の産業,941,事業所数,所,2018_000592978.xlsx,別表４産業・事業所、労働者,2026-09-07T13:45:09Z
foreign_employment,2018,平成30年10月末現在,産業,分類不能の産業,分類不能の産業,99,うち派遣・請負事業所,所,2018_000592978.xlsx,別表４産業・事業所、労働者,2026-09-07T13:45:09Z
foreign_employment,2018,平成30年10月末現在,産業,分類不能の産業,分類不能の産業,4920,外国人労働者数,人,2018_000592978.xlsx,別表４産業・事業所、労働者,2026-09-07T13:45:09Z
foreign_employment,2018,平成30年10月末現在,産業,分類不能の産業,分類不能の産業,1047,うち派遣・請負労働者,人,2018_000592978.xlsx,別表４産業・事業所、労働者,2026-09-07T13:45:09Z
foreign_employment,2018,平成30年10月末現在,在留資格,"①専門的・技術的分野の
　在留資格","①専門的・技術的分野の
　在留資格",276770,外国人労働者数,人,2018_000592978.xlsx,別表６在留資格・産業,2026-09-07T13:45:09Z
foreign_employment,2018,平成30年10月末現在,在留資格,②特定活動,②特定活動,35615,外国人労働者数,人,2018_000592978.xlsx,別表６在留資格・産業,2026-09-07T13:45:09Z
foreign_employment,2018,平成30年10月末現在,在留資格,③技能実習,③技能実習,308489,外国人労働者数,人,2018_000592978.xlsx,別表６在留資格・産業,2026-09-07T13:45:09Z
foreign_employment,2018,平成30年10月末現在,在留資格,④資格外活動,④資格外活動,343791,外国人労働者数,人,2018_000592978.xlsx,別表６在留資格・産業,2026-09-07T13:45:09Z
foreign_employment,2018,平成30年10月末現在,在留資格,⑤身分に基づく在留資格　,⑤身分に基づく在留資格　,495668,外国人労働者数,人,2018_000592978.xlsx,別表６在留資格・産業,2026-09-07T13:45:09Z
foreign_employment,2018,平成30年10月末現在,在留資格,⑥不明,⑥不明,130,外国人労働者数,人,2018_000592978.xlsx,別表６在留資格・産業,2026-09-07T13:45:09Z
foreign_employment,2019,令和元年10月末現在,総数,全国計,全国計,242608,事業所数,所,2019_000590312.xlsx,別表２,2026-09-07T13:45:09Z
foreign_employment,2019,令和元年10月末現在,総数,全国計,全国計,18438,うち派遣・請負事業所,所,2019_000590312.xlsx,別表２,2026-09-07T13:45:09Z
foreign_employment,2019,令和元年10月末現在,総数,全国計,全国計,1658804,外国人労働者数,人,2019_000590312.xlsx,別表２,2026-09-07T13:45:09Z
foreign_employment,2019,令和元年10月末現在,総数,全国計,全国計,338104,うち派遣・請負労働者,人,2019_000590312.xlsx,別表２,2026-09-07T13:45:09Z
foreign_employment,2019,令和元年10月末現在,都道府県,北海道,北海道,4944,事業所数,所,2019_000590312.xlsx,別表２,2026-09-07T13:45:09Z
foreign_employment,2019,令和元年10月末現在,都道府県,北海道,北海道,189,うち派遣・請負事業所,所,2019_000590312.xlsx,別表２,2026-09-07T13:45:09Z
foreign_employment,2019,令和元年10月末現在,都道府県,北海道,北海道,24387,外国人労働者数,人,2019_000590312.xlsx,別表２,2026-09-07T13:45:09Z
foreign_employment,2019,令和元年10月末現在,都道府県,北海道,北海道,962,うち派遣・請負労働者,人,2019_000590312.xlsx,別表２,2026-09-07T13:45:09Z
foreign_employment,2019,令和元年10月末現在,都道府県,青森,青森,727,事業所数,所,2019_000590312.xlsx,別表２,2026-09-07T13:45:09Z
foreign_employment,2019,令和元年10月末現在,都道府県,青森,青森,15,うち派遣・請負事業所,所,2019_000590312.xlsx,別表２,2026-09-07T13:45:09Z
foreign_employment,2019,令和元年10月末現在,都道府県,青森,青森,3901,外国人労働者数,人,2019_000590312.xlsx,別表２,2026-09-07T13:45:09Z
foreign_employment,2019,令和元年10月末現在,都道府県,青森,青森,29,うち派遣・請負労働者,人,2019_000590312.xlsx,別表２,2026-09-07T13:45:09Z
foreign_employment,2019,令和元年10月末現在,都道府県,岩手,岩手,907,事業所数,所,2019_000590312.xlsx,別表２,2026-09-07T13:45:09Z
foreign_employment,2019,令和元年10月末現在,都道府県,岩手,岩手,43,うち派遣・請負事業所,所,2019_000590312.xlsx,別表２,2026-09-07T13:45:09Z
foreign_employment,2019,令和元年10月末現在,都道府県,岩手,岩手,5176,外国人労働者数,人,2019_000590312.xlsx,別表２,2026-09-07T13:45:09Z
foreign_employment,2019,令和元年10月末現在,都道府県,岩手,岩手,254,うち派遣・請負労働者,人,2019_000590312.xlsx,別表２,2026-09-07T13:45:09Z
foreign_employment,2019,令和元年10月末現在,都道府県,宮城,宮城,2268,事業所数,所,2019_000590312.xlsx,別表２,2026-09-07T13:45:09Z
foreign_employment,2019,令和元年10月末現在,都道府県,宮城,宮城,125,うち派遣・請負事業所,所,2019_000590312.xlsx,別表２,2026-09-07T13:45:09Z
foreign_employment,2019,令和元年10月末現在,都道府県,宮城,宮城,13587,外国人労働者数,人,2019_000590312.xlsx,別表２,2026-09-07T13:45:09Z
foreign_employment,2019,令和元年10月末現在,都道府県,宮城,宮城,1290,うち派遣・請負労働者,人,2019_000590312.xlsx,別表２,2026-09-07T13:45:09Z
foreign_employment,2019,令和元年10月末現在,都道府県,秋田,秋田,486,事業所数,所,2019_000590312.xlsx,別表２,2026-09-07T13:45:09Z
foreign_employment,2019,令和元年10月末現在,都道府県,秋田,秋田,3,うち派遣・請負事業所,所,2019_000590312.xlsx,別表２,2026-09-07T13:45:09Z
foreign_employment,2019,令和元年10月末現在,都道府県,秋田,秋田,2203,外国人労働者数,人,2019_000590312.xlsx,別表２,2026-09-07T13:45:09Z
foreign_employment,2019,令和元年10月末現在,都道府県,秋田,秋田,6,うち派遣・請負労働者,人,2019_000590312.xlsx,別表２,2026-09-07T13:45:09Z
foreign_employment,2019,令和元年10月末現在,都道府県,山形,山形,925,事業所数,所,2019_000590312.xlsx,別表２,2026-09-07T13:45:09Z
foreign_employment,2019,令和元年10月末現在,都道府県,山形,山形,58,うち派遣・請負事業所,所,2019_000590312.xlsx,別表２,2026-09-07T13:45:09Z
foreign_employment,2019,令和元年10月末現在,都道府県,山形,山形,4496,外国人労働者数,人,2019_000590312.xlsx,別表２,2026-09-07T13:45:09Z
foreign_employment,2019,令和元年10月末現在,都道府県,山形,山形,376,うち派遣・請負労働者,人,2019_000590312.xlsx,別表２,2026-09-07T13:45:09Z
foreign_employment,2019,令和元年10月末現在,都道府県,福島,福島,1719,事業所数,所,2019_000590312.xlsx,別表２,2026-09-07T13:45:09Z
foreign_employment,2019,令和元年10月末現在,都道府県,福島,福島,159,うち派遣・請負事業所,所,2019_000590312.xlsx,別表２,2026-09-07T13:45:09Z
foreign_employment,2019,令和元年10月末現在,都道府県,福島,福島,9548,外国人労働者数,人,2019_000590312.xlsx,別表２,2026-09-07T13:45:09Z
foreign_employment,2019,令和元年10月末現在,都道府県,福島,福島,1392,うち派遣・請負労働者,人,2019_000590312.xlsx,別表２,2026-09-07T13:45:09Z
foreign_employment,2019,令和元年10月末現在,都道府県,茨城,茨城,6048,事業所数,所,2019_000590312.xlsx,別表２,2026-09-07T13:45:09Z
foreign_employment,2019,令和元年10月末現在,都道府県,茨城,茨城,399,うち派遣・請負事業所,所,2019_000590312.xlsx,別表２,2026-09-07T13:45:09Z
foreign_employment,2019,令和元年10月末現在,都道府県,茨城,茨城,37245,外国人労働者数,人,2019_000590312.xlsx,別表２,2026-09-07T13:45:09Z
foreign_employment,2019,令和元年10月末現在,都道府県,茨城,茨城,6979,うち派遣・請負労働者,人,2019_000590312.xlsx,別表２,2026-09-07T13:45:09Z
foreign_employment,2019,令和元年10月末現在,都道府県,栃木,栃木,3215,事業所数,所,2019_000590312.xlsx,別表２,2026-09-07T13:45:09Z
foreign_employment,2019,令和元年10月末現在,都道府県,栃木,栃木,428,うち派遣・請負事業所,所,2019_000590312.xlsx,別表２,2026-09-07T13:45:09Z
foreign_employment,2019,令和元年10月末現在,都道府県,栃木,栃木,27385,外国人労働者数,人,2019_000590312.xlsx,別表２,2026-09-07T13:45:09Z
foreign_employment,2019,令和元年10月末現在,都道府県,栃木,栃木,10333,うち派遣・請負労働者,人,2019_000590312.xlsx,別表２,2026-09-07T13:45:09Z
foreign_employment,2019,令和元年10月末現在,都道府県,群馬,群馬,4443,事業所数,所,2019_000590312.xlsx,別表２,2026-09-07T13:45:09Z
foreign_employment,2019,令和元年10月末現在,都道府県,群馬,群馬,348,うち派遣・請負事業所,所,2019_000590312.xlsx,別表２,2026-09-07T13:45:09Z
foreign_employment,2019,令和元年10月末現在,都道府県,群馬,群馬,39296,外国人労働者数,人,2019_000590312.xlsx,別表２,2026-09-07T13:45:09Z
foreign_employment,2019,令和元年10月末現在,都道府県,群馬,群馬,13455,うち派遣・請負労働者,人,2019_000590312.xlsx,別表２,2026-09-07T13:45:09Z
foreign_employment,2019,令和元年10月末現在,都道府県,埼玉,埼玉,11803,事業所数,所,2019_000590312.xlsx,別表２,2026-09-07T13:45:09Z
foreign_employment,2019,令和元年10月末現在,都道府県,埼玉,埼玉,802,うち派遣・請負事業所,所,2019_000590312.xlsx,別表２,2026-09-07T13:45:09Z
foreign_employment,2019,令和元年10月末現在,都道府県,埼玉,埼玉,75825,外国人労働者数,人,2019_000590312.xlsx,別表２,2026-09-07T13:45:09Z
foreign_employment,2019,令和元年10月末現在,都道府県,埼玉,埼玉,14839,うち派遣・請負労働者,人,2019_000590312.xlsx,別表２,2026-09-07T13:45:09Z
foreign_employment,2019,令和元年10月末現在,都道府県,千葉,千葉,9786,事業所数,所,2019_000590312.xlsx,別表２,2026-09-07T13:45:09Z
foreign_employment,2019,令和元年10月末現在,都道府県,千葉,千葉,539,うち派遣・請負事業所,所,2019_000590312.xlsx,別表２,2026-09-07T13:45:09Z
foreign_employment,2019,令和元年10月末現在,都道府県,千葉,千葉,60413,外国人労働者数,人,2019_000590312.xlsx,別表２,2026-09-07T13:45:09Z
foreign_employment,2019,令和元年10月末現在,都道府県,千葉,千葉,9124,うち派遣・請負労働者,人,2019_000590312.xlsx,別表２,2026-09-07T13:45:09Z
foreign_employment,2019,令和元年10月末現在,都道府県,東京,東京,64637,事業所数,所,2019_000590312.xlsx,別表２,2026-09-07T13:45:09Z
foreign_employment,2019,令和元年10月末現在,都道府県,東京,東京,4776,うち派遣・請負事業所,所,2019_000590312.xlsx,別表２,2026-09-07T13:45:09Z
foreign_employment,2019,令和元年10月末現在,都道府県,東京,東京,485345,外国人労働者数,人,2019_000590312.xlsx,別表２,2026-09-07T13:45:09Z
foreign_employment,2019,令和元年10月末現在,都道府県,東京,東京,85628,うち派遣・請負労働者,人,2019_000590312.xlsx,別表２,2026-09-07T13:45:09Z
foreign_employment,2019,令和元年10月末現在,都道府県,神奈川,神奈川,15645,事業所数,所,2019_000590312.xlsx,別表２,2026-09-07T13:45:09Z
foreign_employment,2019,令和元年10月末現在,都道府県,神奈川,神奈川,1344,うち派遣・請負事業所,所,2019_000590312.xlsx,別表２,2026-09-07T13:45:09Z
foreign_employment,2019,令和元年10月末現在,都道府県,神奈川,神奈川,91581,外国人労働者数,人,2019_000590312.xlsx,別表２,2026-09-07T13:45:09Z
foreign_employment,2019,令和元年10月末現在,都道府県,神奈川,神奈川,16919,うち派遣・請負労働者,人,2019_000590312.xlsx,別表２,2026-09-07T13:45:09Z
foreign_employment,2019,令和元年10月末現在,都道府県,新潟,新潟,1909,事業所数,所,2019_000590312.xlsx,別表２,2026-09-07T13:45:09Z
foreign_employment,2019,令和元年10月末現在,都道府県,新潟,新潟,107,うち派遣・請負事業所,所,2019_000590312.xlsx,別表２,2026-09-07T13:45:09Z
foreign_employment,2019,令和元年10月末現在,都道府県,新潟,新潟,10430,外国人労働者数,人,2019_000590312.xlsx,別表２,2026-09-07T13:45:09Z
foreign_employment,2019,令和元年10月末現在,都道府県,新潟,新潟,1113,うち派遣・請負労働者,人,2019_000590312.xlsx,別表２,2026-09-07T13:45:09Z
foreign_employment,2019,令和元年10月末現在,都道府県,富山,富山,1925,事業所数,所,2019_000590312.xlsx,別表２,2026-09-07T13:45:09Z
foreign_employment,2019,令和元年10月末現在,都道府県,富山,富山,126,うち派遣・請負事業所,所,2019_000590312.xlsx,別表２,2026-09-07T13:45:09Z
foreign_employment,2019,令和元年10月末現在,都道府県,富山,富山,11844,外国人労働者数,人,2019_000590312.xlsx,別表２,2026-09-07T13:45:09Z
foreign_employment,2019,令和元年10月末現在,都道府県,富山,富山,2329,うち派遣・請負労働者,人,2019_000590312.xlsx,別表２,2026-09-07T13:45:09Z
foreign_employment,2019,令和元年10月末現在,都道府県,石川,石川,1702,事業所数,所,2019_000590312.xlsx,別表２,2026-09-07T13:45:09Z
foreign_employment,2019,令和元年10月末現在,都道府県,石川,石川,207,うち派遣・請負事業所,所,2019_000590312.xlsx,別表２,2026-09-07T13:45:09Z
foreign_employment,2019,令和元年10月末現在,都道府県,石川,石川,10943,外国人労働者数,人,2019_000590312.xlsx,別表２,2026-09-07T13:45:09Z
foreign_employment,2019,令和元年10月末現在,都道府県,石川,石川,2522,うち派遣・請負労働者,人,2019_000590312.xlsx,別表２,2026-09-07T13:45:09Z
foreign_employment,2019,令和元年10月末現在,都道府県,福井,福井,1361,事業所数,所,2019_000590312.xlsx,別表２,2026-09-07T13:45:09Z
foreign_employment,2019,令和元年10月末現在,都道府県,福井,福井,50,うち派遣・請負事業所,所,2019_000590312.xlsx,別表２,2026-09-07T13:45:09Z
foreign_employment,2019,令和元年10月末現在,都道府県,福井,福井,9125,外国人労働者数,人,2019_000590312.xlsx,別表２,2026-09-07T13:45:09Z
foreign_employment,2019,令和元年10月末現在,都道府県,福井,福井,2235,うち派遣・請負労働者,人,2019_000590312.xlsx,別表２,2026-09-07T13:45:09Z
foreign_employment,2019,令和元年10月末現在,都道府県,山梨,山梨,1339,事業所数,所,2019_000590312.xlsx,別表２,2026-09-07T13:45:09Z
foreign_employment,2019,令和元年10月末現在,都道府県,山梨,山梨,122,うち派遣・請負事業所,所,2019_000590312.xlsx,別表２,2026-09-07T13:45:09Z
foreign_employment,2019,令和元年10月末現在,都道府県,山梨,山梨,8166,外国人労働者数,人,2019_000590312.xlsx,別表２,2026-09-07T13:45:09Z
foreign_employment,2019,令和元年10月末現在,都道府県,山梨,山梨,2465,うち派遣・請負労働者,人,2019_000590312.xlsx,別表２,2026-09-07T13:45:09Z
foreign_employment,2019,令和元年10月末現在,都道府県,長野,長野,3838,事業所数,所,2019_000590312.xlsx,別表２,2026-09-07T13:45:09Z
foreign_employment,2019,令和元年10月末現在,都道府県,長野,長野,237,うち派遣・請負事業所,所,2019_000590312.xlsx,別表２,2026-09-07T13:45:09Z
foreign_employment,2019,令和元年10月末現在,都道府県,長野,長野,20015,外国人労働者数,人,2019_000590312.xlsx,別表２,2026-09-07T13:45:09Z
foreign_employment,2019,令和元年10月末現在,都道府県,長野,長野,3595,うち派遣・請負労働者,人,2019_000590312.xlsx,別表２,2026-09-07T13:45:09Z
foreign_employment,2019,令和元年10月末現在,都道府県,岐阜,岐阜,4341,事業所数,所,2019_000590312.xlsx,別表２,2026-09-07T13:45:09Z
foreign_employment,2019,令和元年10月末現在,都道府県,岐阜,岐阜,325,うち派遣・請負事業所,所,2019_000590312.xlsx,別表２,2026-09-07T13:45:09Z
foreign_employment,2019,令和元年10月末現在,都道府県,岐阜,岐阜,35396,外国人労働者数,人,2019_000590312.xlsx,別表２,2026-09-07T13:45:09Z
foreign_employment,2019,令和元年10月末現在,都道府県,岐阜,岐阜,10963,うち派遣・請負労働者,人,2019_000590312.xlsx,別表２,2026-09-07T13:45:09Z
foreign_employment,2019,令和元年10月末現在,都道府県,静岡,静岡,7697,事業所数,所,2019_000590312.xlsx,別表２,2026-09-07T13:45:09Z
foreign_employment,2019,令和元年10月末現在,都道府県,静岡,静岡,1335,うち派遣・請負事業所,所,2019_000590312.xlsx,別表２,2026-09-07T13:45:09Z
foreign_employment,2019,令和元年10月末現在,都道府県,静岡,静岡,64547,外国人労働者数,人,2019_000590312.xlsx,別表２,2026-09-07T13:45:09Z
foreign_employment,2019,令和元年10月末現在,都道府県,静岡,静岡,28547,うち派遣・請負労働者,人,2019_000590312.xlsx,別表２,2026-09-07T13:45:09Z
foreign_employment,2019,令和元年10月末現在,都道府県,愛知,愛知,19387,事業所数,所,2019_000590312.xlsx,別表２,2026-09-07T13:45:09Z
foreign_employment,2019,令和元年10月末現在,都道府県,愛知,愛知,2344,うち派遣・請負事業所,所,2019_000590312.xlsx,別表２,2026-09-07T13:45:09Z
foreign_employment,2019,令和元年10月末現在,都道府県,愛知,愛知,175119,外国人労働者数,人,2019_000590312.xlsx,別表２,2026-09-07T13:45:09Z
foreign_employment,2019,令和元年10月末現在,都道府県,愛知,愛知,51984,うち派遣・請負労働者,人,2019_000590312.xlsx,別表２,2026-09-07T13:45:09Z
foreign_employment,2019,令和元年10月末現在,都道府県,三重,三重,3802,事業所数,所,2019_000590312.xlsx,別表２,2026-09-07T13:45:09Z
foreign_employment,2019,令和元年10月末現在,都道府県,三重,三重,449,うち派遣・請負事業所,所,2019_000590312.xlsx,別表２,2026-09-07T13:45:09Z
foreign_employment,2019,令和元年10月末現在,都道府県,三重,三重,30316,外国人労働者数,人,2019_000590312.xlsx,別表２,2026-09-07T13:45:09Z
foreign_employment,2019,令和元年10月末現在,都道府県,三重,三重,10446,うち派遣・請負労働者,人,2019_000590312.xlsx,別表２,2026-09-07T13:45:09Z
foreign_employment,2019,令和元年10月末現在,都道府県,滋賀,滋賀,2075,事業所数,所,2019_000590312.xlsx,別表２,2026-09-07T13:45:09Z
foreign_employment,2019,令和元年10月末現在,都道府県,滋賀,滋賀,445,うち派遣・請負事業所,所,2019_000590312.xlsx,別表２,2026-09-07T13:45:09Z
foreign_employment,2019,令和元年10月末現在,都道府県,滋賀,滋賀,20058,外国人労働者数,人,2019_000590312.xlsx,別表２,2026-09-07T13:45:09Z
foreign_employment,2019,令和元年10月末現在,都道府県,滋賀,滋賀,8941,うち派遣・請負労働者,人,2019_000590312.xlsx,別表２,2026-09-07T13:45:09Z
foreign_employment,2019,令和元年10月末現在,都道府県,京都,京都,3729,事業所数,所,2019_000590312.xlsx,別表２,2026-09-07T13:45:09Z
foreign_employment,2019,令和元年10月末現在,都道府県,京都,京都,215,うち派遣・請負事業所,所,2019_000590312.xlsx,別表２,2026-09-07T13:45:09Z
foreign_employment,2019,令和元年10月末現在,都道府県,京都,京都,20184,外国人労働者数,人,2019_000590312.xlsx,別表２,2026-09-07T13:45:09Z
foreign_employment,2019,令和元年10月末現在,都道府県,京都,京都,1780,うち派遣・請負労働者,人,2019_000590312.xlsx,別表２,2026-09-07T13:45:09Z
foreign_employment,2019,令和元年10月末現在,都道府県,大阪,大阪,17654,事業所数,所,2019_000590312.xlsx,別表２,2026-09-07T13:45:09Z
foreign_employment,2019,令和元年10月末現在,都道府県,大阪,大阪,707,うち派遣・請負事業所,所,2019_000590312.xlsx,別表２,2026-09-07T13:45:09Z
foreign_employment,2019,令和元年10月末現在,都道府県,大阪,大阪,105379,外国人労働者数,人,2019_000590312.xlsx,別表２,2026-09-07T13:45:09Z
foreign_employment,2019,令和元年10月末現在,都道府県,大阪,大阪,15975,うち派遣・請負労働者,人,2019_000590312.xlsx,別表２,2026-09-07T13:45:09Z
foreign_employment,2019,令和元年10月末現在,都道府県,兵庫,兵庫,7275,事業所数,所,2019_000590312.xlsx,別表２,2026-09-07T13:45:09Z
foreign_employment,2019,令和元年10月末現在,都道府県,兵庫,兵庫,468,うち派遣・請負事業所,所,2019_000590312.xlsx,別表２,2026-09-07T13:45:09Z
foreign_employment,2019,令和元年10月末現在,都道府県,兵庫,兵庫,41083,外国人労働者数,人,2019_000590312.xlsx,別表２,2026-09-07T13:45:09Z
foreign_employment,2019,令和元年10月末現在,都道府県,兵庫,兵庫,6959,うち派遣・請負労働者,人,2019_000590312.xlsx,別表２,2026-09-07T13:45:09Z
foreign_employment,2019,令和元年10月末現在,都道府県,奈良,奈良,1102,事業所数,所,2019_000590312.xlsx,別表２,2026-09-07T13:45:09Z
foreign_employment,2019,令和元年10月末現在,都道府県,奈良,奈良,33,うち派遣・請負事業所,所,2019_000590312.xlsx,別表２,2026-09-07T13:45:09Z
foreign_employment,2019,令和元年10月末現在,都道府県,奈良,奈良,5563,外国人労働者数,人,2019_000590312.xlsx,別表２,2026-09-07T13:45:09Z
foreign_employment,2019,令和元年10月末現在,都道府県,奈良,奈良,705,うち派遣・請負労働者,人,2019_000590312.xlsx,別表２,2026-09-07T13:45:09Z
foreign_employment,2019,令和元年10月末現在,都道府県,和歌山,和歌山,726,事業所数,所,2019_000590312.xlsx,別表２,2026-09-07T13:45:09Z
foreign_employment,2019,令和元年10月末現在,都道府県,和歌山,和歌山,44,うち派遣・請負事業所,所,2019_000590312.xlsx,別表２,2026-09-07T13:45:09Z
foreign_employment,2019,令和元年10月末現在,都道府県,和歌山,和歌山,2809,外国人労働者数,人,2019_000590312.xlsx,別表２,2026-09-07T13:45:09Z
foreign_employment,2019,令和元年10月末現在,都道府県,和歌山,和歌山,193,うち派遣・請負労働者,人,2019_000590312.xlsx,別表２,2026-09-07T13:45:09Z
foreign_employment,2019,令和元年10月末現在,都道府県,鳥取,鳥取,673,事業所数,所,2019_000590312.xlsx,別表２,2026-09-07T13:45:09Z
foreign_employment,2019,令和元年10月末現在,都道府県,鳥取,鳥取,22,うち派遣・請負事業所,所,2019_000590312.xlsx,別表２,2026-09-07T13:45:09Z
foreign_employment,2019,令和元年10月末現在,都道府県,鳥取,鳥取,3121,外国人労働者数,人,2019_000590312.xlsx,別表２,2026-09-07T13:45:09Z
foreign_employment,2019,令和元年10月末現在,都道府県,鳥取,鳥取,95,うち派遣・請負労働者,人,2019_000590312.xlsx,別表２,2026-09-07T13:45:09Z
foreign_employment,2019,令和元年10月末現在,都道府県,島根,島根,664,事業所数,所,2019_000590312.xlsx,別表２,2026-09-07T13:45:09Z
foreign_employment,2019,令和元年10月末現在,都道府県,島根,島根,19,うち派遣・請負事業所,所,2019_000590312.xlsx,別表２,2026-09-07T13:45:09Z
foreign_employment,2019,令和元年10月末現在,都道府県,島根,島根,4184,外国人労働者数,人,2019_000590312.xlsx,別表２,2026-09-07T13:45:09Z
foreign_employment,2019,令和元年10月末現在,都道府県,島根,島根,1078,うち派遣・請負労働者,人,2019_000590312.xlsx,別表２,2026-09-07T13:45:09Z
foreign_employment,2019,令和元年10月末現在,都道府県,岡山,岡山,2653,事業所数,所,2019_000590312.xlsx,別表２,2026-09-07T13:45:09Z
foreign_employment,2019,令和元年10月末現在,都道府県,岡山,岡山,96,うち派遣・請負事業所,所,2019_000590312.xlsx,別表２,2026-09-07T13:45:09Z
foreign_employment,2019,令和元年10月末現在,都道府県,岡山,岡山,19592,外国人労働者数,人,2019_000590312.xlsx,別表２,2026-09-07T13:45:09Z
foreign_employment,2019,令和元年10月末現在,都道府県,岡山,岡山,2278,うち派遣・請負労働者,人,2019_000590312.xlsx,別表２,2026-09-07T13:45:09Z
foreign_employment,2019,令和元年10月末現在,都道府県,広島,広島,4947,事業所数,所,2019_000590312.xlsx,別表２,2026-09-07T13:45:09Z
foreign_employment,2019,令和元年10月末現在,都道府県,広島,広島,364,うち派遣・請負事業所,所,2019_000590312.xlsx,別表２,2026-09-07T13:45:09Z
foreign_employment,2019,令和元年10月末現在,都道府県,広島,広島,36607,外国人労働者数,人,2019_000590312.xlsx,別表２,2026-09-07T13:45:09Z
foreign_employment,2019,令和元年10月末現在,都道府県,広島,広島,4903,うち派遣・請負労働者,人,2019_000590312.xlsx,別表２,2026-09-07T13:45:09Z
foreign_employment,2019,令和元年10月末現在,都道府県,山口,山口,1497,事業所数,所,2019_000590312.xlsx,別表２,2026-09-07T13:45:09Z
foreign_employment,2019,令和元年10月末現在,都道府県,山口,山口,97,うち派遣・請負事業所,所,2019_000590312.xlsx,別表２,2026-09-07T13:45:09Z
foreign_employment,2019,令和元年10月末現在,都道府県,山口,山口,8518,外国人労働者数,人,2019_000590312.xlsx,別表２,2026-09-07T13:45:09Z
foreign_employment,2019,令和元年10月末現在,都道府県,山口,山口,821,うち派遣・請負労働者,人,2019_000590312.xlsx,別表２,2026-09-07T13:45:09Z
foreign_employment,2019,令和元年10月末現在,都道府県,徳島,徳島,1051,事業所数,所,2019_000590312.xlsx,別表２,2026-09-07T13:45:09Z
foreign_employment,2019,令和元年10月末現在,都道府県,徳島,徳島,51,うち派遣・請負事業所,所,2019_000590312.xlsx,別表２,2026-09-07T13:45:09Z
foreign_employment,2019,令和元年10月末現在,都道府県,徳島,徳島,4946,外国人労働者数,人,2019_000590312.xlsx,別表２,2026-09-07T13:45:09Z
foreign_employment,2019,令和元年10月末現在,都道府県,徳島,徳島,250,うち派遣・請負労働者,人,2019_000590312.xlsx,別表２,2026-09-07T13:45:09Z
foreign_employment,2019,令和元年10月末現在,都道府県,香川,香川,1639,事業所数,所,2019_000590312.xlsx,別表２,2026-09-07T13:45:09Z
foreign_employment,2019,令和元年10月末現在,都道府県,香川,香川,100,うち派遣・請負事業所,所,2019_000590312.xlsx,別表２,2026-09-07T13:45:09Z
foreign_employment,2019,令和元年10月末現在,都道府県,香川,香川,10174,外国人労働者数,人,2019_000590312.xlsx,別表２,2026-09-07T13:45:09Z
foreign_employment,2019,令和元年10月末現在,都道府県,香川,香川,935,うち派遣・請負労働者,人,2019_000590312.xlsx,別表２,2026-09-07T13:45:09Z
foreign_employment,2019,令和元年10月末現在,都道府県,愛媛,愛媛,1677,事業所数,所,2019_000590312.xlsx,別表２,2026-09-07T13:45:09Z
foreign_employment,2019,令和元年10月末現在,都道府県,愛媛,愛媛,208,うち派遣・請負事業所,所,2019_000590312.xlsx,別表２,2026-09-07T13:45:09Z
foreign_employment,2019,令和元年10月末現在,都道府県,愛媛,愛媛,9784,外国人労働者数,人,2019_000590312.xlsx,別表２,2026-09-07T13:45:09Z
foreign_employment,2019,令和元年10月末現在,都道府県,愛媛,愛媛,1516,うち派遣・請負労働者,人,2019_000590312.xlsx,別表２,2026-09-07T13:45:09Z
foreign_employment,2019,令和元年10月末現在,都道府県,高知,高知,827,事業所数,所,2019_000590312.xlsx,別表２,2026-09-07T13:45:09Z
foreign_employment,2019,令和元年10月末現在,都道府県,高知,高知,33,うち派遣・請負事業所,所,2019_000590312.xlsx,別表２,2026-09-07T13:45:09Z
foreign_employment,2019,令和元年10月末現在,都道府県,高知,高知,3141,外国人労働者数,人,2019_000590312.xlsx,別表２,2026-09-07T13:45:09Z
foreign_employment,2019,令和元年10月末現在,都道府県,高知,高知,217,うち派遣・請負労働者,人,2019_000590312.xlsx,別表２,2026-09-07T13:45:09Z
foreign_employment,2019,令和元年10月末現在,都道府県,福岡,福岡,8850,事業所数,所,2019_000590312.xlsx,別表２,2026-09-07T13:45:09Z
foreign_employment,2019,令和元年10月末現在,都道府県,福岡,福岡,572,うち派遣・請負事業所,所,2019_000590312.xlsx,別表２,2026-09-07T13:45:09Z
foreign_employment,2019,令和元年10月末現在,都道府県,福岡,福岡,52530,外国人労働者数,人,2019_000590312.xlsx,別表２,2026-09-07T13:45:09Z
foreign_employment,2019,令和元年10月末現在,都道府県,福岡,福岡,9387,うち派遣・請負労働者,人,2019_000590312.xlsx,別表２,2026-09-07T13:45:09Z
foreign_employment,2019,令和元年10月末現在,都道府県,佐賀,佐賀,824,事業所数,所,2019_000590312.xlsx,別表２,2026-09-07T13:45:09Z
foreign_employment,2019,令和元年10月末現在,都道府県,佐賀,佐賀,26,うち派遣・請負事業所,所,2019_000590312.xlsx,別表２,2026-09-07T13:45:09Z
foreign_employment,2019,令和元年10月末現在,都道府県,佐賀,佐賀,5423,外国人労働者数,人,2019_000590312.xlsx,別表２,2026-09-07T13:45:09Z
foreign_employment,2019,令和元年10月末現在,都道府県,佐賀,佐賀,454,うち派遣・請負労働者,人,2019_000590312.xlsx,別表２,2026-09-07T13:45:09Z
foreign_employment,2019,令和元年10月末現在,都道府県,長崎,長崎,1276,事業所数,所,2019_000590312.xlsx,別表２,2026-09-07T13:45:09Z
foreign_employment,2019,令和元年10月末現在,都道府県,長崎,長崎,60,うち派遣・請負事業所,所,2019_000590312.xlsx,別表２,2026-09-07T13:45:09Z
foreign_employment,2019,令和元年10月末現在,都道府県,長崎,長崎,5977,外国人労働者数,人,2019_000590312.xlsx,別表２,2026-09-07T13:45:09Z
foreign_employment,2019,令和元年10月末現在,都道府県,長崎,長崎,320,うち派遣・請負労働者,人,2019_000590312.xlsx,別表２,2026-09-07T13:45:09Z
foreign_employment,2019,令和元年10月末現在,都道府県,熊本,熊本,2743,事業所数,所,2019_000590312.xlsx,別表２,2026-09-07T13:45:09Z
foreign_employment,2019,令和元年10月末現在,都道府県,熊本,熊本,103,うち派遣・請負事業所,所,2019_000590312.xlsx,別表２,2026-09-07T13:45:09Z
foreign_employment,2019,令和元年10月末現在,都道府県,熊本,熊本,12345,外国人労働者数,人,2019_000590312.xlsx,別表２,2026-09-07T13:45:09Z
foreign_employment,2019,令和元年10月末現在,都道府県,熊本,熊本,935,うち派遣・請負労働者,人,2019_000590312.xlsx,別表２,2026-09-07T13:45:09Z
foreign_employment,2019,令和元年10月末現在,都道府県,大分,大分,1369,事業所数,所,2019_000590312.xlsx,別表２,2026-09-07T13:45:09Z
foreign_employment,2019,令和元年10月末現在,都道府県,大分,大分,38,うち派遣・請負事業所,所,2019_000590312.xlsx,別表２,2026-09-07T13:45:09Z
foreign_employment,2019,令和元年10月末現在,都道府県,大分,大分,7368,外国人労働者数,人,2019_000590312.xlsx,別表２,2026-09-07T13:45:09Z
foreign_employment,2019,令和元年10月末現在,都道府県,大分,大分,365,うち派遣・請負労働者,人,2019_000590312.xlsx,別表２,2026-09-07T13:45:09Z
foreign_employment,2019,令和元年10月末現在,都道府県,宮崎,宮崎,1003,事業所数,所,2019_000590312.xlsx,別表２,2026-09-07T13:45:09Z
foreign_employment,2019,令和元年10月末現在,都道府県,宮崎,宮崎,11,うち派遣・請負事業所,所,2019_000590312.xlsx,別表２,2026-09-07T13:45:09Z
foreign_employment,2019,令和元年10月末現在,都道府県,宮崎,宮崎,5028,外国人労働者数,人,2019_000590312.xlsx,別表２,2026-09-07T13:45:09Z
foreign_employment,2019,令和元年10月末現在,都道府県,宮崎,宮崎,100,うち派遣・請負労働者,人,2019_000590312.xlsx,別表２,2026-09-07T13:45:09Z
foreign_employment,2019,令和元年10月末現在,都道府県,鹿児島,鹿児島,1559,事業所数,所,2019_000590312.xlsx,別表２,2026-09-07T13:45:09Z
foreign_employment,2019,令和元年10月末現在,都道府県,鹿児島,鹿児島,77,うち派遣・請負事業所,所,2019_000590312.xlsx,別表２,2026-09-07T13:45:09Z
foreign_employment,2019,令和元年10月末現在,都道府県,鹿児島,鹿児島,8387,外国人労働者数,人,2019_000590312.xlsx,別表２,2026-09-07T13:45:09Z
foreign_employment,2019,令和元年10月末現在,都道府県,鹿児島,鹿児島,541,うち派遣・請負労働者,人,2019_000590312.xlsx,別表２,2026-09-07T13:45:09Z
foreign_employment,2019,令和元年10月末現在,都道府県,沖縄,沖縄,1941,事業所数,所,2019_000590312.xlsx,別表２,2026-09-07T13:45:09Z
foreign_employment,2019,令和元年10月末現在,都道府県,沖縄,沖縄,119,うち派遣・請負事業所,所,2019_000590312.xlsx,別表２,2026-09-07T13:45:09Z
foreign_employment,2019,令和元年10月末現在,都道府県,沖縄,沖縄,10314,外国人労働者数,人,2019_000590312.xlsx,別表２,2026-09-07T13:45:09Z
foreign_employment,2019,令和元年10月末現在,都道府県,沖縄,沖縄,1571,うち派遣・請負労働者,人,2019_000590312.xlsx,別表２,2026-09-07T13:45:09Z
foreign_employment,2019,令和元年10月末現在,産業,全産業計,全産業計,242608,事業所数,所,2019_000590312.xlsx,別表４,2026-09-07T13:45:09Z
foreign_employment,2019,令和元年10月末現在,産業,全産業計,全産業計,18438,うち派遣・請負事業所,所,2019_000590312.xlsx,別表４,2026-09-07T13:45:09Z
foreign_employment,2019,令和元年10月末現在,産業,全産業計,全産業計,1658804,外国人労働者数,人,2019_000590312.xlsx,別表４,2026-09-07T13:45:09Z
foreign_employment,2019,令和元年10月末現在,産業,全産業計,全産業計,338104,うち派遣・請負労働者,人,2019_000590312.xlsx,別表４,2026-09-07T13:45:09Z
foreign_employment,2019,令和元年10月末現在,産業,農業、林業,農業、林業,10051,事業所数,所,2019_000590312.xlsx,別表４,2026-09-07T13:45:09Z
foreign_employment,2019,令和元年10月末現在,産業,農業、林業,農業、林業,188,うち派遣・請負事業所,所,2019_000590312.xlsx,別表４,2026-09-07T13:45:09Z
foreign_employment,2019,令和元年10月末現在,産業,農業、林業,農業、林業,35636,外国人労働者数,人,2019_000590312.xlsx,別表４,2026-09-07T13:45:09Z
foreign_employment,2019,令和元年10月末現在,産業,農業、林業,農業、林業,1022,うち派遣・請負労働者,人,2019_000590312.xlsx,別表４,2026-09-07T13:45:09Z
foreign_employment,2019,令和元年10月末現在,産業,漁業,漁業,946,事業所数,所,2019_000590312.xlsx,別表４,2026-09-07T13:45:09Z
foreign_employment,2019,令和元年10月末現在,産業,漁業,漁業,6,うち派遣・請負事業所,所,2019_000590312.xlsx,別表４,2026-09-07T13:45:09Z
foreign_employment,2019,令和元年10月末現在,産業,漁業,漁業,3682,外国人労働者数,人,2019_000590312.xlsx,別表４,2026-09-07T13:45:09Z
foreign_employment,2019,令和元年10月末現在,産業,漁業,漁業,33,うち派遣・請負労働者,人,2019_000590312.xlsx,別表４,2026-09-07T13:45:09Z
foreign_employment,2019,令和元年10月末現在,産業,鉱業、採石業、砂利採取業,鉱業、採石業、砂利採取業,68,事業所数,所,2019_000590312.xlsx,別表４,2026-09-07T13:45:09Z
foreign_employment,2019,令和元年10月末現在,産業,鉱業、採石業、砂利採取業,鉱業、採石業、砂利採取業,3,うち派遣・請負事業所,所,2019_000590312.xlsx,別表４,2026-09-07T13:45:09Z
foreign_employment,2019,令和元年10月末現在,産業,鉱業、採石業、砂利採取業,鉱業、採石業、砂利採取業,274,外国人労働者数,人,2019_000590312.xlsx,別表４,2026-09-07T13:45:09Z
foreign_employment,2019,令和元年10月末現在,産業,鉱業、採石業、砂利採取業,鉱業、採石業、砂利採取業,34,うち派遣・請負労働者,人,2019_000590312.xlsx,別表４,2026-09-07T13:45:09Z
foreign_employment,2019,令和元年10月末現在,産業,建設業,建設業,25991,事業所数,所,2019_000590312.xlsx,別表４,2026-09-07T13:45:09Z
foreign_employment,2019,令和元年10月末現在,産業,建設業,建設業,1394,うち派遣・請負事業所,所,2019_000590312.xlsx,別表４,2026-09-07T13:45:09Z
foreign_employment,2019,令和元年10月末現在,産業,建設業,建設業,93214,外国人労働者数,人,2019_000590312.xlsx,別表４,2026-09-07T13:45:09Z
foreign_employment,2019,令和元年10月末現在,産業,建設業,建設業,6604,うち派遣・請負労働者,人,2019_000590312.xlsx,別表４,2026-09-07T13:45:09Z
foreign_employment,2019,令和元年10月末現在,産業,製造業,製造業,49385,事業所数,所,2019_000590312.xlsx,別表４,2026-09-07T13:45:09Z
foreign_employment,2019,令和元年10月末現在,産業,製造業,製造業,4206,うち派遣・請負事業所,所,2019_000590312.xlsx,別表４,2026-09-07T13:45:09Z
foreign_employment,2019,令和元年10月末現在,産業,製造業,製造業,483278,外国人労働者数,人,2019_000590312.xlsx,別表４,2026-09-07T13:45:09Z
foreign_employment,2019,令和元年10月末現在,産業,製造業,製造業,75360,うち派遣・請負労働者,人,2019_000590312.xlsx,別表４,2026-09-07T13:45:09Z
foreign_employment,2019,令和元年10月末現在,産業,電気・ガス・熱供給・水道業,電気・ガス・熱供給・水道業,160,事業所数,所,2019_000590312.xlsx,別表４,2026-09-07T13:45:09Z
foreign_employment,2019,令和元年10月末現在,産業,電気・ガス・熱供給・水道業,電気・ガス・熱供給・水道業,11,うち派遣・請負事業所,所,2019_000590312.xlsx,別表４,2026-09-07T13:45:09Z
foreign_employment,2019,令和元年10月末現在,産業,電気・ガス・熱供給・水道業,電気・ガス・熱供給・水道業,533,外国人労働者数,人,2019_000590312.xlsx,別表４,2026-09-07T13:45:09Z
foreign_employment,2019,令和元年10月末現在,産業,電気・ガス・熱供給・水道業,電気・ガス・熱供給・水道業,49,うち派遣・請負労働者,人,2019_000590312.xlsx,別表４,2026-09-07T13:45:09Z
foreign_employment,2019,令和元年10月末現在,産業,情報通信業,情報通信業,11058,事業所数,所,2019_000590312.xlsx,別表４,2026-09-07T13:45:09Z
foreign_employment,2019,令和元年10月末現在,産業,情報通信業,情報通信業,1110,うち派遣・請負事業所,所,2019_000590312.xlsx,別表４,2026-09-07T13:45:09Z
foreign_employment,2019,令和元年10月末現在,産業,情報通信業,情報通信業,67540,外国人労働者数,人,2019_000590312.xlsx,別表４,2026-09-07T13:45:09Z
foreign_employment,2019,令和元年10月末現在,産業,情報通信業,情報通信業,11445,うち派遣・請負労働者,人,2019_000590312.xlsx,別表４,2026-09-07T13:45:09Z
foreign_employment,2019,令和元年10月末現在,産業,運輸業、郵便業,運輸業、郵便業,7337,事業所数,所,2019_000590312.xlsx,別表４,2026-09-07T13:45:09Z
foreign_employment,2019,令和元年10月末現在,産業,運輸業、郵便業,運輸業、郵便業,548,うち派遣・請負事業所,所,2019_000590312.xlsx,別表４,2026-09-07T13:45:09Z
foreign_employment,2019,令和元年10月末現在,産業,運輸業、郵便業,運輸業、郵便業,58601,外国人労働者数,人,2019_000590312.xlsx,別表４,2026-09-07T13:45:09Z
foreign_employment,2019,令和元年10月末現在,産業,運輸業、郵便業,運輸業、郵便業,12723,うち派遣・請負労働者,人,2019_000590312.xlsx,別表４,2026-09-07T13:45:09Z
foreign_employment,2019,令和元年10月末現在,産業,卸売業、小売業,卸売業、小売業,42255,事業所数,所,2019_000590312.xlsx,別表４,2026-09-07T13:45:09Z
foreign_employment,2019,令和元年10月末現在,産業,卸売業、小売業,卸売業、小売業,1261,うち派遣・請負事業所,所,2019_000590312.xlsx,別表４,2026-09-07T13:45:09Z
foreign_employment,2019,令和元年10月末現在,産業,卸売業、小売業,卸売業、小売業,212528,外国人労働者数,人,2019_000590312.xlsx,別表４,2026-09-07T13:45:09Z
foreign_employment,2019,令和元年10月末現在,産業,卸売業、小売業,卸売業、小売業,9760,うち派遣・請負労働者,人,2019_000590312.xlsx,別表４,2026-09-07T13:45:09Z
foreign_employment,2019,令和元年10月末現在,産業,金融業、保険業,金融業、保険業,1462,事業所数,所,2019_000590312.xlsx,別表４,2026-09-07T13:45:09Z
foreign_employment,2019,令和元年10月末現在,産業,金融業、保険業,金融業、保険業,76,うち派遣・請負事業所,所,2019_000590312.xlsx,別表４,2026-09-07T13:45:09Z
foreign_employment,2019,令和元年10月末現在,産業,金融業、保険業,金融業、保険業,10297,外国人労働者数,人,2019_000590312.xlsx,別表４,2026-09-07T13:45:09Z
foreign_employment,2019,令和元年10月末現在,産業,金融業、保険業,金融業、保険業,932,うち派遣・請負労働者,人,2019_000590312.xlsx,別表４,2026-09-07T13:45:09Z
foreign_employment,2019,令和元年10月末現在,産業,不動産業、物品賃貸業,不動産業、物品賃貸業,3134,事業所数,所,2019_000590312.xlsx,別表４,2026-09-07T13:45:09Z
foreign_employment,2019,令和元年10月末現在,産業,不動産業、物品賃貸業,不動産業、物品賃貸業,124,うち派遣・請負事業所,所,2019_000590312.xlsx,別表４,2026-09-07T13:45:09Z
foreign_employment,2019,令和元年10月末現在,産業,不動産業、物品賃貸業,不動産業、物品賃貸業,13500,外国人労働者数,人,2019_000590312.xlsx,別表４,2026-09-07T13:45:09Z
foreign_employment,2019,令和元年10月末現在,産業,不動産業、物品賃貸業,不動産業、物品賃貸業,1610,うち派遣・請負労働者,人,2019_000590312.xlsx,別表４,2026-09-07T13:45:09Z
foreign_employment,2019,令和元年10月末現在,産業,学術研究、専門・技術サービス業,学術研究、専門・技術サービス業,9760,事業所数,所,2019_000590312.xlsx,別表４,2026-09-07T13:45:09Z
foreign_employment,2019,令和元年10月末現在,産業,学術研究、専門・技術サービス業,学術研究、専門・技術サービス業,774,うち派遣・請負事業所,所,2019_000590312.xlsx,別表４,2026-09-07T13:45:09Z
foreign_employment,2019,令和元年10月末現在,産業,学術研究、専門・技術サービス業,学術研究、専門・技術サービス業,56775,外国人労働者数,人,2019_000590312.xlsx,別表４,2026-09-07T13:45:09Z
foreign_employment,2019,令和元年10月末現在,産業,学術研究、専門・技術サービス業,学術研究、専門・技術サービス業,14797,うち派遣・請負労働者,人,2019_000590312.xlsx,別表４,2026-09-07T13:45:09Z
foreign_employment,2019,令和元年10月末現在,産業,宿泊業、飲食サービス業,宿泊業、飲食サービス業,34345,事業所数,所,2019_000590312.xlsx,別表４,2026-09-07T13:45:09Z
foreign_employment,2019,令和元年10月末現在,産業,宿泊業、飲食サービス業,宿泊業、飲食サービス業,684,うち派遣・請負事業所,所,2019_000590312.xlsx,別表４,2026-09-07T13:45:09Z
foreign_employment,2019,令和元年10月末現在,産業,宿泊業、飲食サービス業,宿泊業、飲食サービス業,206544,外国人労働者数,人,2019_000590312.xlsx,別表４,2026-09-07T13:45:09Z
foreign_employment,2019,令和元年10月末現在,産業,宿泊業、飲食サービス業,宿泊業、飲食サービス業,8066,うち派遣・請負労働者,人,2019_000590312.xlsx,別表４,2026-09-07T13:45:09Z
foreign_employment,2019,令和元年10月末現在,産業,生活関連サービス業、娯楽業,生活関連サービス業、娯楽業,4841,事業所数,所,2019_000590312.xlsx,別表４,2026-09-07T13:45:09Z
foreign_employment,2019,令和元年10月末現在,産業,生活関連サービス業、娯楽業,生活関連サービス業、娯楽業,243,うち派遣・請負事業所,所,2019_000590312.xlsx,別表４,2026-09-07T13:45:09Z
foreign_employment,2019,令和元年10月末現在,産業,生活関連サービス業、娯楽業,生活関連サービス業、娯楽業,24112,外国人労働者数,人,2019_000590312.xlsx,別表４,2026-09-07T13:45:09Z
foreign_employment,2019,令和元年10月末現在,産業,生活関連サービス業、娯楽業,生活関連サービス業、娯楽業,4261,うち派遣・請負労働者,人,2019_000590312.xlsx,別表４,2026-09-07T13:45:09Z
foreign_employment,2019,令和元年10月末現在,産業,教育、学習支援業,教育、学習支援業,6471,事業所数,所,2019_000590312.xlsx,別表４,2026-09-07T13:45:09Z
foreign_employment,2019,令和元年10月末現在,産業,教育、学習支援業,教育、学習支援業,272,うち派遣・請負事業所,所,2019_000590312.xlsx,別表４,2026-09-07T13:45:09Z
foreign_employment,2019,令和元年10月末現在,産業,教育、学習支援業,教育、学習支援業,70941,外国人労働者数,人,2019_000590312.xlsx,別表４,2026-09-07T13:45:09Z
foreign_employment,2019,令和元年10月末現在,産業,教育、学習支援業,教育、学習支援業,5594,うち派遣・請負労働者,人,2019_000590312.xlsx,別表４,2026-09-07T13:45:09Z
foreign_employment,2019,令和元年10月末現在,産業,医療、福祉,医療、福祉,11700,事業所数,所,2019_000590312.xlsx,別表４,2026-09-07T13:45:09Z
foreign_employment,2019,令和元年10月末現在,産業,医療、福祉,医療、福祉,418,うち派遣・請負事業所,所,2019_000590312.xlsx,別表４,2026-09-07T13:45:09Z
foreign_employment,2019,令和元年10月末現在,産業,医療、福祉,医療、福祉,34261,外国人労働者数,人,2019_000590312.xlsx,別表４,2026-09-07T13:45:09Z
foreign_employment,2019,令和元年10月末現在,産業,医療、福祉,医療、福祉,1700,うち派遣・請負労働者,人,2019_000590312.xlsx,別表４,2026-09-07T13:45:09Z
foreign_employment,2019,令和元年10月末現在,産業,複合サービス事業,複合サービス事業,1211,事業所数,所,2019_000590312.xlsx,別表４,2026-09-07T13:45:09Z
foreign_employment,2019,令和元年10月末現在,産業,複合サービス事業,複合サービス事業,60,うち派遣・請負事業所,所,2019_000590312.xlsx,別表４,2026-09-07T13:45:09Z
foreign_employment,2019,令和元年10月末現在,産業,複合サービス事業,複合サービス事業,4855,外国人労働者数,人,2019_000590312.xlsx,別表４,2026-09-07T13:45:09Z
foreign_employment,2019,令和元年10月末現在,産業,複合サービス事業,複合サービス事業,707,うち派遣・請負労働者,人,2019_000590312.xlsx,別表４,2026-09-07T13:45:09Z
foreign_employment,2019,令和元年10月末現在,産業,サービス業（他に分類されないもの）,サービス業（他に分類されないもの）,19510,事業所数,所,2019_000590312.xlsx,別表４,2026-09-07T13:45:09Z
foreign_employment,2019,令和元年10月末現在,産業,サービス業（他に分類されないもの）,サービス業（他に分類されないもの）,6893,うち派遣・請負事業所,所,2019_000590312.xlsx,別表４,2026-09-07T13:45:09Z
foreign_employment,2019,令和元年10月末現在,産業,サービス業（他に分類されないもの）,サービス業（他に分類されないもの）,266503,外国人労働者数,人,2019_000590312.xlsx,別表４,2026-09-07T13:45:09Z
foreign_employment,2019,令和元年10月末現在,産業,サービス業（他に分類されないもの）,サービス業（他に分類されないもの）,181699,うち派遣・請負労働者,人,2019_000590312.xlsx,別表４,2026-09-07T13:45:09Z
foreign_employment,2019,令和元年10月末現在,産業,公務（他に分類されるものを除く）,公務（他に分類されるものを除く）,1924,事業所数,所,2019_000590312.xlsx,別表４,2026-09-07T13:45:09Z
foreign_employment,2019,令和元年10月末現在,産業,公務（他に分類されるものを除く）,公務（他に分類されるものを除く）,75,うち派遣・請負事業所,所,2019_000590312.xlsx,別表４,2026-09-07T13:45:09Z
foreign_employment,2019,令和元年10月末現在,産業,公務（他に分類されるものを除く）,公務（他に分類されるものを除く）,10636,外国人労働者数,人,2019_000590312.xlsx,別表４,2026-09-07T13:45:09Z
foreign_employment,2019,令和元年10月末現在,産業,公務（他に分類されるものを除く）,公務（他に分類されるものを除く）,801,うち派遣・請負労働者,人,2019_000590312.xlsx,別表４,2026-09-07T13:45:09Z
foreign_employment,2019,令和元年10月末現在,産業,分類不能の産業,分類不能の産業,999,事業所数,所,2019_000590312.xlsx,別表４,2026-09-07T13:45:09Z
foreign_employment,2019,令和元年10月末現在,産業,分類不能の産業,分類不能の産業,92,うち派遣・請負事業所,所,2019_000590312.xlsx,別表４,2026-09-07T13:45:09Z
foreign_employment,2019,令和元年10月末現在,産業,分類不能の産業,分類不能の産業,5094,外国人労働者数,人,2019_000590312.xlsx,別表４,2026-09-07T13:45:09Z
foreign_employment,2019,令和元年10月末現在,産業,分類不能の産業,分類不能の産業,907,うち派遣・請負労働者,人,2019_000590312.xlsx,別表４,2026-09-07T13:45:09Z
foreign_employment,2019,令和元年10月末現在,在留資格,"①専門的・技術的分野の
　在留資格","①専門的・技術的分野の
　在留資格",329034,外国人労働者数,人,2019_000590312.xlsx,別表６,2026-09-07T13:45:09Z
foreign_employment,2019,令和元年10月末現在,在留資格,②特定活動,②特定活動,41075,外国人労働者数,人,2019_000590312.xlsx,別表６,2026-09-07T13:45:09Z
foreign_employment,2019,令和元年10月末現在,在留資格,③技能実習,③技能実習,383978,外国人労働者数,人,2019_000590312.xlsx,別表６,2026-09-07T13:45:09Z
foreign_employment,2019,令和元年10月末現在,在留資格,④資格外活動,④資格外活動,372894,外国人労働者数,人,2019_000590312.xlsx,別表６,2026-09-07T13:45:09Z
foreign_employment,2019,令和元年10月末現在,在留資格,⑤身分に基づく在留資格　,⑤身分に基づく在留資格　,531781,外国人労働者数,人,2019_000590312.xlsx,別表６,2026-09-07T13:45:09Z
foreign_employment,2019,令和元年10月末現在,在留資格,⑥不明,⑥不明,42,外国人労働者数,人,2019_000590312.xlsx,別表６,2026-09-07T13:45:09Z
foreign_employment,2020,令和２年10月末現在,総数,全国計,全国計,267243,事業所数,所,2020_000728550.xlsx,別表２,2026-09-07T13:45:09Z
foreign_employment,2020,令和２年10月末現在,総数,全国計,全国計,19005,うち派遣・請負事業所,所,2020_000728550.xlsx,別表２,2026-09-07T13:45:09Z
foreign_employment,2020,令和２年10月末現在,総数,全国計,全国計,1724328,外国人労働者数,人,2020_000728550.xlsx,別表２,2026-09-07T13:45:09Z
foreign_employment,2020,令和２年10月末現在,総数,全国計,全国計,342179,うち派遣・請負労働者,人,2020_000728550.xlsx,別表２,2026-09-07T13:45:09Z
foreign_employment,2020,令和２年10月末現在,都道府県,北海道,北海道,5492,事業所数,所,2020_000728550.xlsx,別表２,2026-09-07T13:45:09Z
foreign_employment,2020,令和２年10月末現在,都道府県,北海道,北海道,183,うち派遣・請負事業所,所,2020_000728550.xlsx,別表２,2026-09-07T13:45:09Z
foreign_employment,2020,令和２年10月末現在,都道府県,北海道,北海道,25363,外国人労働者数,人,2020_000728550.xlsx,別表２,2026-09-07T13:45:09Z
foreign_employment,2020,令和２年10月末現在,都道府県,北海道,北海道,899,うち派遣・請負労働者,人,2020_000728550.xlsx,別表２,2026-09-07T13:45:09Z
foreign_employment,2020,令和２年10月末現在,都道府県,青森,青森,781,事業所数,所,2020_000728550.xlsx,別表２,2026-09-07T13:45:09Z
foreign_employment,2020,令和２年10月末現在,都道府県,青森,青森,15,うち派遣・請負事業所,所,2020_000728550.xlsx,別表２,2026-09-07T13:45:09Z
foreign_employment,2020,令和２年10月末現在,都道府県,青森,青森,4065,外国人労働者数,人,2020_000728550.xlsx,別表２,2026-09-07T13:45:09Z
foreign_employment,2020,令和２年10月末現在,都道府県,青森,青森,32,うち派遣・請負労働者,人,2020_000728550.xlsx,別表２,2026-09-07T13:45:09Z
foreign_employment,2020,令和２年10月末現在,都道府県,岩手,岩手,960,事業所数,所,2020_000728550.xlsx,別表２,2026-09-07T13:45:09Z
foreign_employment,2020,令和２年10月末現在,都道府県,岩手,岩手,35,うち派遣・請負事業所,所,2020_000728550.xlsx,別表２,2026-09-07T13:45:09Z
foreign_employment,2020,令和２年10月末現在,都道府県,岩手,岩手,5407,外国人労働者数,人,2020_000728550.xlsx,別表２,2026-09-07T13:45:09Z
foreign_employment,2020,令和２年10月末現在,都道府県,岩手,岩手,280,うち派遣・請負労働者,人,2020_000728550.xlsx,別表２,2026-09-07T13:45:09Z
foreign_employment,2020,令和２年10月末現在,都道府県,宮城,宮城,2539,事業所数,所,2020_000728550.xlsx,別表２,2026-09-07T13:45:09Z
foreign_employment,2020,令和２年10月末現在,都道府県,宮城,宮城,130,うち派遣・請負事業所,所,2020_000728550.xlsx,別表２,2026-09-07T13:45:09Z
foreign_employment,2020,令和２年10月末現在,都道府県,宮城,宮城,13797,外国人労働者数,人,2020_000728550.xlsx,別表２,2026-09-07T13:45:09Z
foreign_employment,2020,令和２年10月末現在,都道府県,宮城,宮城,1224,うち派遣・請負労働者,人,2020_000728550.xlsx,別表２,2026-09-07T13:45:09Z
foreign_employment,2020,令和２年10月末現在,都道府県,秋田,秋田,539,事業所数,所,2020_000728550.xlsx,別表２,2026-09-07T13:45:09Z
foreign_employment,2020,令和２年10月末現在,都道府県,秋田,秋田,4,うち派遣・請負事業所,所,2020_000728550.xlsx,別表２,2026-09-07T13:45:09Z
foreign_employment,2020,令和２年10月末現在,都道府県,秋田,秋田,2402,外国人労働者数,人,2020_000728550.xlsx,別表２,2026-09-07T13:45:09Z
foreign_employment,2020,令和２年10月末現在,都道府県,秋田,秋田,8,うち派遣・請負労働者,人,2020_000728550.xlsx,別表２,2026-09-07T13:45:09Z
foreign_employment,2020,令和２年10月末現在,都道府県,山形,山形,1034,事業所数,所,2020_000728550.xlsx,別表２,2026-09-07T13:45:09Z
foreign_employment,2020,令和２年10月末現在,都道府県,山形,山形,53,うち派遣・請負事業所,所,2020_000728550.xlsx,別表２,2026-09-07T13:45:09Z
foreign_employment,2020,令和２年10月末現在,都道府県,山形,山形,4744,外国人労働者数,人,2020_000728550.xlsx,別表２,2026-09-07T13:45:09Z
foreign_employment,2020,令和２年10月末現在,都道府県,山形,山形,378,うち派遣・請負労働者,人,2020_000728550.xlsx,別表２,2026-09-07T13:45:09Z
foreign_employment,2020,令和２年10月末現在,都道府県,福島,福島,1880,事業所数,所,2020_000728550.xlsx,別表２,2026-09-07T13:45:09Z
foreign_employment,2020,令和２年10月末現在,都道府県,福島,福島,160,うち派遣・請負事業所,所,2020_000728550.xlsx,別表２,2026-09-07T13:45:09Z
foreign_employment,2020,令和２年10月末現在,都道府県,福島,福島,9958,外国人労働者数,人,2020_000728550.xlsx,別表２,2026-09-07T13:45:09Z
foreign_employment,2020,令和２年10月末現在,都道府県,福島,福島,1248,うち派遣・請負労働者,人,2020_000728550.xlsx,別表２,2026-09-07T13:45:09Z
foreign_employment,2020,令和２年10月末現在,都道府県,茨城,茨城,6711,事業所数,所,2020_000728550.xlsx,別表２,2026-09-07T13:45:09Z
foreign_employment,2020,令和２年10月末現在,都道府県,茨城,茨城,409,うち派遣・請負事業所,所,2020_000728550.xlsx,別表２,2026-09-07T13:45:09Z
foreign_employment,2020,令和２年10月末現在,都道府県,茨城,茨城,39479,外国人労働者数,人,2020_000728550.xlsx,別表２,2026-09-07T13:45:09Z
foreign_employment,2020,令和２年10月末現在,都道府県,茨城,茨城,6763,うち派遣・請負労働者,人,2020_000728550.xlsx,別表２,2026-09-07T13:45:09Z
foreign_employment,2020,令和２年10月末現在,都道府県,栃木,栃木,3710,事業所数,所,2020_000728550.xlsx,別表２,2026-09-07T13:45:09Z
foreign_employment,2020,令和２年10月末現在,都道府県,栃木,栃木,447,うち派遣・請負事業所,所,2020_000728550.xlsx,別表２,2026-09-07T13:45:09Z
foreign_employment,2020,令和２年10月末現在,都道府県,栃木,栃木,27606,外国人労働者数,人,2020_000728550.xlsx,別表２,2026-09-07T13:45:09Z
foreign_employment,2020,令和２年10月末現在,都道府県,栃木,栃木,9347,うち派遣・請負労働者,人,2020_000728550.xlsx,別表２,2026-09-07T13:45:09Z
foreign_employment,2020,令和２年10月末現在,都道府県,群馬,群馬,4803,事業所数,所,2020_000728550.xlsx,別表２,2026-09-07T13:45:09Z
foreign_employment,2020,令和２年10月末現在,都道府県,群馬,群馬,375,うち派遣・請負事業所,所,2020_000728550.xlsx,別表２,2026-09-07T13:45:09Z
foreign_employment,2020,令和２年10月末現在,都道府県,群馬,群馬,44456,外国人労働者数,人,2020_000728550.xlsx,別表２,2026-09-07T13:45:09Z
foreign_employment,2020,令和２年10月末現在,都道府県,群馬,群馬,17548,うち派遣・請負労働者,人,2020_000728550.xlsx,別表２,2026-09-07T13:45:09Z
foreign_employment,2020,令和２年10月末現在,都道府県,埼玉,埼玉,13164,事業所数,所,2020_000728550.xlsx,別表２,2026-09-07T13:45:09Z
foreign_employment,2020,令和２年10月末現在,都道府県,埼玉,埼玉,810,うち派遣・請負事業所,所,2020_000728550.xlsx,別表２,2026-09-07T13:45:09Z
foreign_employment,2020,令和２年10月末現在,都道府県,埼玉,埼玉,81721,外国人労働者数,人,2020_000728550.xlsx,別表２,2026-09-07T13:45:09Z
foreign_employment,2020,令和２年10月末現在,都道府県,埼玉,埼玉,16022,うち派遣・請負労働者,人,2020_000728550.xlsx,別表２,2026-09-07T13:45:09Z
foreign_employment,2020,令和２年10月末現在,都道府県,千葉,千葉,11299,事業所数,所,2020_000728550.xlsx,別表２,2026-09-07T13:45:09Z
foreign_employment,2020,令和２年10月末現在,都道府県,千葉,千葉,611,うち派遣・請負事業所,所,2020_000728550.xlsx,別表２,2026-09-07T13:45:09Z
foreign_employment,2020,令和２年10月末現在,都道府県,千葉,千葉,67177,外国人労働者数,人,2020_000728550.xlsx,別表２,2026-09-07T13:45:09Z
foreign_employment,2020,令和２年10月末現在,都道府県,千葉,千葉,9252,うち派遣・請負労働者,人,2020_000728550.xlsx,別表２,2026-09-07T13:45:09Z
foreign_employment,2020,令和２年10月末現在,都道府県,東京,東京,69957,事業所数,所,2020_000728550.xlsx,別表２,2026-09-07T13:45:09Z
foreign_employment,2020,令和２年10月末現在,都道府県,東京,東京,4923,うち派遣・請負事業所,所,2020_000728550.xlsx,別表２,2026-09-07T13:45:09Z
foreign_employment,2020,令和２年10月末現在,都道府県,東京,東京,496954,外国人労働者数,人,2020_000728550.xlsx,別表２,2026-09-07T13:45:09Z
foreign_employment,2020,令和２年10月末現在,都道府県,東京,東京,85160,うち派遣・請負労働者,人,2020_000728550.xlsx,別表２,2026-09-07T13:45:09Z
foreign_employment,2020,令和２年10月末現在,都道府県,神奈川,神奈川,16925,事業所数,所,2020_000728550.xlsx,別表２,2026-09-07T13:45:09Z
foreign_employment,2020,令和２年10月末現在,都道府県,神奈川,神奈川,1404,うち派遣・請負事業所,所,2020_000728550.xlsx,別表２,2026-09-07T13:45:09Z
foreign_employment,2020,令和２年10月末現在,都道府県,神奈川,神奈川,94489,外国人労働者数,人,2020_000728550.xlsx,別表２,2026-09-07T13:45:09Z
foreign_employment,2020,令和２年10月末現在,都道府県,神奈川,神奈川,16561,うち派遣・請負労働者,人,2020_000728550.xlsx,別表２,2026-09-07T13:45:09Z
foreign_employment,2020,令和２年10月末現在,都道府県,新潟,新潟,2075,事業所数,所,2020_000728550.xlsx,別表２,2026-09-07T13:45:09Z
foreign_employment,2020,令和２年10月末現在,都道府県,新潟,新潟,108,うち派遣・請負事業所,所,2020_000728550.xlsx,別表２,2026-09-07T13:45:09Z
foreign_employment,2020,令和２年10月末現在,都道府県,新潟,新潟,10427,外国人労働者数,人,2020_000728550.xlsx,別表２,2026-09-07T13:45:09Z
foreign_employment,2020,令和２年10月末現在,都道府県,新潟,新潟,1007,うち派遣・請負労働者,人,2020_000728550.xlsx,別表２,2026-09-07T13:45:09Z
foreign_employment,2020,令和２年10月末現在,都道府県,富山,富山,2103,事業所数,所,2020_000728550.xlsx,別表２,2026-09-07T13:45:09Z
foreign_employment,2020,令和２年10月末現在,都道府県,富山,富山,124,うち派遣・請負事業所,所,2020_000728550.xlsx,別表２,2026-09-07T13:45:09Z
foreign_employment,2020,令和２年10月末現在,都道府県,富山,富山,12027,外国人労働者数,人,2020_000728550.xlsx,別表２,2026-09-07T13:45:09Z
foreign_employment,2020,令和２年10月末現在,都道府県,富山,富山,2000,うち派遣・請負労働者,人,2020_000728550.xlsx,別表２,2026-09-07T13:45:09Z
foreign_employment,2020,令和２年10月末現在,都道府県,石川,石川,1847,事業所数,所,2020_000728550.xlsx,別表２,2026-09-07T13:45:09Z
foreign_employment,2020,令和２年10月末現在,都道府県,石川,石川,196,うち派遣・請負事業所,所,2020_000728550.xlsx,別表２,2026-09-07T13:45:09Z
foreign_employment,2020,令和２年10月末現在,都道府県,石川,石川,10696,外国人労働者数,人,2020_000728550.xlsx,別表２,2026-09-07T13:45:09Z
foreign_employment,2020,令和２年10月末現在,都道府県,石川,石川,2186,うち派遣・請負労働者,人,2020_000728550.xlsx,別表２,2026-09-07T13:45:09Z
foreign_employment,2020,令和２年10月末現在,都道府県,福井,福井,1502,事業所数,所,2020_000728550.xlsx,別表２,2026-09-07T13:45:09Z
foreign_employment,2020,令和２年10月末現在,都道府県,福井,福井,51,うち派遣・請負事業所,所,2020_000728550.xlsx,別表２,2026-09-07T13:45:09Z
foreign_employment,2020,令和２年10月末現在,都道府県,福井,福井,10339,外国人労働者数,人,2020_000728550.xlsx,別表２,2026-09-07T13:45:09Z
foreign_employment,2020,令和２年10月末現在,都道府県,福井,福井,3027,うち派遣・請負労働者,人,2020_000728550.xlsx,別表２,2026-09-07T13:45:09Z
foreign_employment,2020,令和２年10月末現在,都道府県,山梨,山梨,1444,事業所数,所,2020_000728550.xlsx,別表２,2026-09-07T13:45:09Z
foreign_employment,2020,令和２年10月末現在,都道府県,山梨,山梨,113,うち派遣・請負事業所,所,2020_000728550.xlsx,別表２,2026-09-07T13:45:09Z
foreign_employment,2020,令和２年10月末現在,都道府県,山梨,山梨,8360,外国人労働者数,人,2020_000728550.xlsx,別表２,2026-09-07T13:45:09Z
foreign_employment,2020,令和２年10月末現在,都道府県,山梨,山梨,2251,うち派遣・請負労働者,人,2020_000728550.xlsx,別表２,2026-09-07T13:45:09Z
foreign_employment,2020,令和２年10月末現在,都道府県,長野,長野,3964,事業所数,所,2020_000728550.xlsx,別表２,2026-09-07T13:45:09Z
foreign_employment,2020,令和２年10月末現在,都道府県,長野,長野,241,うち派遣・請負事業所,所,2020_000728550.xlsx,別表２,2026-09-07T13:45:09Z
foreign_employment,2020,令和２年10月末現在,都道府県,長野,長野,19858,外国人労働者数,人,2020_000728550.xlsx,別表２,2026-09-07T13:45:09Z
foreign_employment,2020,令和２年10月末現在,都道府県,長野,長野,3143,うち派遣・請負労働者,人,2020_000728550.xlsx,別表２,2026-09-07T13:45:09Z
foreign_employment,2020,令和２年10月末現在,都道府県,岐阜,岐阜,4669,事業所数,所,2020_000728550.xlsx,別表２,2026-09-07T13:45:09Z
foreign_employment,2020,令和２年10月末現在,都道府県,岐阜,岐阜,310,うち派遣・請負事業所,所,2020_000728550.xlsx,別表２,2026-09-07T13:45:09Z
foreign_employment,2020,令和２年10月末現在,都道府県,岐阜,岐阜,34936,外国人労働者数,人,2020_000728550.xlsx,別表２,2026-09-07T13:45:09Z
foreign_employment,2020,令和２年10月末現在,都道府県,岐阜,岐阜,9240,うち派遣・請負労働者,人,2020_000728550.xlsx,別表２,2026-09-07T13:45:09Z
foreign_employment,2020,令和２年10月末現在,都道府県,静岡,静岡,8589,事業所数,所,2020_000728550.xlsx,別表２,2026-09-07T13:45:09Z
foreign_employment,2020,令和２年10月末現在,都道府県,静岡,静岡,1352,うち派遣・請負事業所,所,2020_000728550.xlsx,別表２,2026-09-07T13:45:09Z
foreign_employment,2020,令和２年10月末現在,都道府県,静岡,静岡,65734,外国人労働者数,人,2020_000728550.xlsx,別表２,2026-09-07T13:45:09Z
foreign_employment,2020,令和２年10月末現在,都道府県,静岡,静岡,27194,うち派遣・請負労働者,人,2020_000728550.xlsx,別表２,2026-09-07T13:45:09Z
foreign_employment,2020,令和２年10月末現在,都道府県,愛知,愛知,21521,事業所数,所,2020_000728550.xlsx,別表２,2026-09-07T13:45:09Z
foreign_employment,2020,令和２年10月末現在,都道府県,愛知,愛知,2427,うち派遣・請負事業所,所,2020_000728550.xlsx,別表２,2026-09-07T13:45:09Z
foreign_employment,2020,令和２年10月末現在,都道府県,愛知,愛知,175114,外国人労働者数,人,2020_000728550.xlsx,別表２,2026-09-07T13:45:09Z
foreign_employment,2020,令和２年10月末現在,都道府県,愛知,愛知,50126,うち派遣・請負労働者,人,2020_000728550.xlsx,別表２,2026-09-07T13:45:09Z
foreign_employment,2020,令和２年10月末現在,都道府県,三重,三重,4106,事業所数,所,2020_000728550.xlsx,別表２,2026-09-07T13:45:09Z
foreign_employment,2020,令和２年10月末現在,都道府県,三重,三重,469,うち派遣・請負事業所,所,2020_000728550.xlsx,別表２,2026-09-07T13:45:09Z
foreign_employment,2020,令和２年10月末現在,都道府県,三重,三重,30054,外国人労働者数,人,2020_000728550.xlsx,別表２,2026-09-07T13:45:09Z
foreign_employment,2020,令和２年10月末現在,都道府県,三重,三重,9867,うち派遣・請負労働者,人,2020_000728550.xlsx,別表２,2026-09-07T13:45:09Z
foreign_employment,2020,令和２年10月末現在,都道府県,滋賀,滋賀,2295,事業所数,所,2020_000728550.xlsx,別表２,2026-09-07T13:45:09Z
foreign_employment,2020,令和２年10月末現在,都道府県,滋賀,滋賀,446,うち派遣・請負事業所,所,2020_000728550.xlsx,別表２,2026-09-07T13:45:09Z
foreign_employment,2020,令和２年10月末現在,都道府県,滋賀,滋賀,20011,外国人労働者数,人,2020_000728550.xlsx,別表２,2026-09-07T13:45:09Z
foreign_employment,2020,令和２年10月末現在,都道府県,滋賀,滋賀,8820,うち派遣・請負労働者,人,2020_000728550.xlsx,別表２,2026-09-07T13:45:09Z
foreign_employment,2020,令和２年10月末現在,都道府県,京都,京都,4221,事業所数,所,2020_000728550.xlsx,別表２,2026-09-07T13:45:09Z
foreign_employment,2020,令和２年10月末現在,都道府県,京都,京都,230,うち派遣・請負事業所,所,2020_000728550.xlsx,別表２,2026-09-07T13:45:09Z
foreign_employment,2020,令和２年10月末現在,都道府県,京都,京都,21560,外国人労働者数,人,2020_000728550.xlsx,別表２,2026-09-07T13:45:09Z
foreign_employment,2020,令和２年10月末現在,都道府県,京都,京都,1903,うち派遣・請負労働者,人,2020_000728550.xlsx,別表２,2026-09-07T13:45:09Z
foreign_employment,2020,令和２年10月末現在,都道府県,大阪,大阪,19912,事業所数,所,2020_000728550.xlsx,別表２,2026-09-07T13:45:09Z
foreign_employment,2020,令和２年10月末現在,都道府県,大阪,大阪,742,うち派遣・請負事業所,所,2020_000728550.xlsx,別表２,2026-09-07T13:45:09Z
foreign_employment,2020,令和２年10月末現在,都道府県,大阪,大阪,117596,外国人労働者数,人,2020_000728550.xlsx,別表２,2026-09-07T13:45:09Z
foreign_employment,2020,令和２年10月末現在,都道府県,大阪,大阪,24561,うち派遣・請負労働者,人,2020_000728550.xlsx,別表２,2026-09-07T13:45:09Z
foreign_employment,2020,令和２年10月末現在,都道府県,兵庫,兵庫,8286,事業所数,所,2020_000728550.xlsx,別表２,2026-09-07T13:45:09Z
foreign_employment,2020,令和２年10月末現在,都道府県,兵庫,兵庫,486,うち派遣・請負事業所,所,2020_000728550.xlsx,別表２,2026-09-07T13:45:09Z
foreign_employment,2020,令和２年10月末現在,都道府県,兵庫,兵庫,44441,外国人労働者数,人,2020_000728550.xlsx,別表２,2026-09-07T13:45:09Z
foreign_employment,2020,令和２年10月末現在,都道府県,兵庫,兵庫,7081,うち派遣・請負労働者,人,2020_000728550.xlsx,別表２,2026-09-07T13:45:09Z
foreign_employment,2020,令和２年10月末現在,都道府県,奈良,奈良,1248,事業所数,所,2020_000728550.xlsx,別表２,2026-09-07T13:45:09Z
foreign_employment,2020,令和２年10月末現在,都道府県,奈良,奈良,33,うち派遣・請負事業所,所,2020_000728550.xlsx,別表２,2026-09-07T13:45:09Z
foreign_employment,2020,令和２年10月末現在,都道府県,奈良,奈良,6011,外国人労働者数,人,2020_000728550.xlsx,別表２,2026-09-07T13:45:09Z
foreign_employment,2020,令和２年10月末現在,都道府県,奈良,奈良,593,うち派遣・請負労働者,人,2020_000728550.xlsx,別表２,2026-09-07T13:45:09Z
foreign_employment,2020,令和２年10月末現在,都道府県,和歌山,和歌山,815,事業所数,所,2020_000728550.xlsx,別表２,2026-09-07T13:45:09Z
foreign_employment,2020,令和２年10月末現在,都道府県,和歌山,和歌山,47,うち派遣・請負事業所,所,2020_000728550.xlsx,別表２,2026-09-07T13:45:09Z
foreign_employment,2020,令和２年10月末現在,都道府県,和歌山,和歌山,3115,外国人労働者数,人,2020_000728550.xlsx,別表２,2026-09-07T13:45:09Z
foreign_employment,2020,令和２年10月末現在,都道府県,和歌山,和歌山,200,うち派遣・請負労働者,人,2020_000728550.xlsx,別表２,2026-09-07T13:45:09Z
foreign_employment,2020,令和２年10月末現在,都道府県,鳥取,鳥取,716,事業所数,所,2020_000728550.xlsx,別表２,2026-09-07T13:45:09Z
foreign_employment,2020,令和２年10月末現在,都道府県,鳥取,鳥取,22,うち派遣・請負事業所,所,2020_000728550.xlsx,別表２,2026-09-07T13:45:09Z
foreign_employment,2020,令和２年10月末現在,都道府県,鳥取,鳥取,3250,外国人労働者数,人,2020_000728550.xlsx,別表２,2026-09-07T13:45:09Z
foreign_employment,2020,令和２年10月末現在,都道府県,鳥取,鳥取,95,うち派遣・請負労働者,人,2020_000728550.xlsx,別表２,2026-09-07T13:45:09Z
foreign_employment,2020,令和２年10月末現在,都道府県,島根,島根,736,事業所数,所,2020_000728550.xlsx,別表２,2026-09-07T13:45:09Z
foreign_employment,2020,令和２年10月末現在,都道府県,島根,島根,22,うち派遣・請負事業所,所,2020_000728550.xlsx,別表２,2026-09-07T13:45:09Z
foreign_employment,2020,令和２年10月末現在,都道府県,島根,島根,4405,外国人労働者数,人,2020_000728550.xlsx,別表２,2026-09-07T13:45:09Z
foreign_employment,2020,令和２年10月末現在,都道府県,島根,島根,1134,うち派遣・請負労働者,人,2020_000728550.xlsx,別表２,2026-09-07T13:45:09Z
foreign_employment,2020,令和２年10月末現在,都道府県,岡山,岡山,2943,事業所数,所,2020_000728550.xlsx,別表２,2026-09-07T13:45:09Z
foreign_employment,2020,令和２年10月末現在,都道府県,岡山,岡山,100,うち派遣・請負事業所,所,2020_000728550.xlsx,別表２,2026-09-07T13:45:09Z
foreign_employment,2020,令和２年10月末現在,都道府県,岡山,岡山,20143,外国人労働者数,人,2020_000728550.xlsx,別表２,2026-09-07T13:45:09Z
foreign_employment,2020,令和２年10月末現在,都道府県,岡山,岡山,1819,うち派遣・請負労働者,人,2020_000728550.xlsx,別表２,2026-09-07T13:45:09Z
foreign_employment,2020,令和２年10月末現在,都道府県,広島,広島,5438,事業所数,所,2020_000728550.xlsx,別表２,2026-09-07T13:45:09Z
foreign_employment,2020,令和２年10月末現在,都道府県,広島,広島,385,うち派遣・請負事業所,所,2020_000728550.xlsx,別表２,2026-09-07T13:45:09Z
foreign_employment,2020,令和２年10月末現在,都道府県,広島,広島,37707,外国人労働者数,人,2020_000728550.xlsx,別表２,2026-09-07T13:45:09Z
foreign_employment,2020,令和２年10月末現在,都道府県,広島,広島,4427,うち派遣・請負労働者,人,2020_000728550.xlsx,別表２,2026-09-07T13:45:09Z
foreign_employment,2020,令和２年10月末現在,都道府県,山口,山口,1681,事業所数,所,2020_000728550.xlsx,別表２,2026-09-07T13:45:09Z
foreign_employment,2020,令和２年10月末現在,都道府県,山口,山口,106,うち派遣・請負事業所,所,2020_000728550.xlsx,別表２,2026-09-07T13:45:09Z
foreign_employment,2020,令和２年10月末現在,都道府県,山口,山口,9072,外国人労働者数,人,2020_000728550.xlsx,別表２,2026-09-07T13:45:09Z
foreign_employment,2020,令和２年10月末現在,都道府県,山口,山口,731,うち派遣・請負労働者,人,2020_000728550.xlsx,別表２,2026-09-07T13:45:09Z
foreign_employment,2020,令和２年10月末現在,都道府県,徳島,徳島,1097,事業所数,所,2020_000728550.xlsx,別表２,2026-09-07T13:45:09Z
foreign_employment,2020,令和２年10月末現在,都道府県,徳島,徳島,45,うち派遣・請負事業所,所,2020_000728550.xlsx,別表２,2026-09-07T13:45:09Z
foreign_employment,2020,令和２年10月末現在,都道府県,徳島,徳島,4985,外国人労働者数,人,2020_000728550.xlsx,別表２,2026-09-07T13:45:09Z
foreign_employment,2020,令和２年10月末現在,都道府県,徳島,徳島,234,うち派遣・請負労働者,人,2020_000728550.xlsx,別表２,2026-09-07T13:45:09Z
foreign_employment,2020,令和２年10月末現在,都道府県,香川,香川,1777,事業所数,所,2020_000728550.xlsx,別表２,2026-09-07T13:45:09Z
foreign_employment,2020,令和２年10月末現在,都道府県,香川,香川,103,うち派遣・請負事業所,所,2020_000728550.xlsx,別表２,2026-09-07T13:45:09Z
foreign_employment,2020,令和２年10月末現在,都道府県,香川,香川,10422,外国人労働者数,人,2020_000728550.xlsx,別表２,2026-09-07T13:45:09Z
foreign_employment,2020,令和２年10月末現在,都道府県,香川,香川,904,うち派遣・請負労働者,人,2020_000728550.xlsx,別表２,2026-09-07T13:45:09Z
foreign_employment,2020,令和２年10月末現在,都道府県,愛媛,愛媛,1818,事業所数,所,2020_000728550.xlsx,別表２,2026-09-07T13:45:09Z
foreign_employment,2020,令和２年10月末現在,都道府県,愛媛,愛媛,216,うち派遣・請負事業所,所,2020_000728550.xlsx,別表２,2026-09-07T13:45:09Z
foreign_employment,2020,令和２年10月末現在,都道府県,愛媛,愛媛,10430,外国人労働者数,人,2020_000728550.xlsx,別表２,2026-09-07T13:45:09Z
foreign_employment,2020,令和２年10月末現在,都道府県,愛媛,愛媛,1600,うち派遣・請負労働者,人,2020_000728550.xlsx,別表２,2026-09-07T13:45:09Z
foreign_employment,2020,令和２年10月末現在,都道府県,高知,高知,885,事業所数,所,2020_000728550.xlsx,別表２,2026-09-07T13:45:09Z
foreign_employment,2020,令和２年10月末現在,都道府県,高知,高知,24,うち派遣・請負事業所,所,2020_000728550.xlsx,別表２,2026-09-07T13:45:09Z
foreign_employment,2020,令和２年10月末現在,都道府県,高知,高知,3473,外国人労働者数,人,2020_000728550.xlsx,別表２,2026-09-07T13:45:09Z
foreign_employment,2020,令和２年10月末現在,都道府県,高知,高知,82,うち派遣・請負労働者,人,2020_000728550.xlsx,別表２,2026-09-07T13:45:09Z
foreign_employment,2020,令和２年10月末現在,都道府県,福岡,福岡,9788,事業所数,所,2020_000728550.xlsx,別表２,2026-09-07T13:45:09Z
foreign_employment,2020,令和２年10月末現在,都道府県,福岡,福岡,581,うち派遣・請負事業所,所,2020_000728550.xlsx,別表２,2026-09-07T13:45:09Z
foreign_employment,2020,令和２年10月末現在,都道府県,福岡,福岡,54957,外国人労働者数,人,2020_000728550.xlsx,別表２,2026-09-07T13:45:09Z
foreign_employment,2020,令和２年10月末現在,都道府県,福岡,福岡,9355,うち派遣・請負労働者,人,2020_000728550.xlsx,別表２,2026-09-07T13:45:09Z
foreign_employment,2020,令和２年10月末現在,都道府県,佐賀,佐賀,930,事業所数,所,2020_000728550.xlsx,別表２,2026-09-07T13:45:09Z
foreign_employment,2020,令和２年10月末現在,都道府県,佐賀,佐賀,29,うち派遣・請負事業所,所,2020_000728550.xlsx,別表２,2026-09-07T13:45:09Z
foreign_employment,2020,令和２年10月末現在,都道府県,佐賀,佐賀,5823,外国人労働者数,人,2020_000728550.xlsx,別表２,2026-09-07T13:45:09Z
foreign_employment,2020,令和２年10月末現在,都道府県,佐賀,佐賀,323,うち派遣・請負労働者,人,2020_000728550.xlsx,別表２,2026-09-07T13:45:09Z
foreign_employment,2020,令和２年10月末現在,都道府県,長崎,長崎,1419,事業所数,所,2020_000728550.xlsx,別表２,2026-09-07T13:45:09Z
foreign_employment,2020,令和２年10月末現在,都道府県,長崎,長崎,66,うち派遣・請負事業所,所,2020_000728550.xlsx,別表２,2026-09-07T13:45:09Z
foreign_employment,2020,令和２年10月末現在,都道府県,長崎,長崎,6178,外国人労働者数,人,2020_000728550.xlsx,別表２,2026-09-07T13:45:09Z
foreign_employment,2020,令和２年10月末現在,都道府県,長崎,長崎,342,うち派遣・請負労働者,人,2020_000728550.xlsx,別表２,2026-09-07T13:45:09Z
foreign_employment,2020,令和２年10月末現在,都道府県,熊本,熊本,2910,事業所数,所,2020_000728550.xlsx,別表２,2026-09-07T13:45:09Z
foreign_employment,2020,令和２年10月末現在,都道府県,熊本,熊本,102,うち派遣・請負事業所,所,2020_000728550.xlsx,別表２,2026-09-07T13:45:09Z
foreign_employment,2020,令和２年10月末現在,都道府県,熊本,熊本,12928,外国人労働者数,人,2020_000728550.xlsx,別表２,2026-09-07T13:45:09Z
foreign_employment,2020,令和２年10月末現在,都道府県,熊本,熊本,858,うち派遣・請負労働者,人,2020_000728550.xlsx,別表２,2026-09-07T13:45:09Z
foreign_employment,2020,令和２年10月末現在,都道府県,大分,大分,1556,事業所数,所,2020_000728550.xlsx,別表２,2026-09-07T13:45:09Z
foreign_employment,2020,令和２年10月末現在,都道府県,大分,大分,43,うち派遣・請負事業所,所,2020_000728550.xlsx,別表２,2026-09-07T13:45:09Z
foreign_employment,2020,令和２年10月末現在,都道府県,大分,大分,7591,外国人労働者数,人,2020_000728550.xlsx,別表２,2026-09-07T13:45:09Z
foreign_employment,2020,令和２年10月末現在,都道府県,大分,大分,339,うち派遣・請負労働者,人,2020_000728550.xlsx,別表２,2026-09-07T13:45:09Z
foreign_employment,2020,令和２年10月末現在,都道府県,宮崎,宮崎,1110,事業所数,所,2020_000728550.xlsx,別表２,2026-09-07T13:45:09Z
foreign_employment,2020,令和２年10月末現在,都道府県,宮崎,宮崎,19,うち派遣・請負事業所,所,2020_000728550.xlsx,別表２,2026-09-07T13:45:09Z
foreign_employment,2020,令和２年10月末現在,都道府県,宮崎,宮崎,5519,外国人労働者数,人,2020_000728550.xlsx,別表２,2026-09-07T13:45:09Z
foreign_employment,2020,令和２年10月末現在,都道府県,宮崎,宮崎,90,うち派遣・請負労働者,人,2020_000728550.xlsx,別表２,2026-09-07T13:45:09Z
foreign_employment,2020,令和２年10月末現在,都道府県,鹿児島,鹿児島,1677,事業所数,所,2020_000728550.xlsx,別表２,2026-09-07T13:45:09Z
foreign_employment,2020,令和２年10月末現在,都道府県,鹿児島,鹿児島,79,うち派遣・請負事業所,所,2020_000728550.xlsx,別表２,2026-09-07T13:45:09Z
foreign_employment,2020,令和２年10月末現在,都道府県,鹿児島,鹿児島,8761,外国人労働者数,人,2020_000728550.xlsx,別表２,2026-09-07T13:45:09Z
foreign_employment,2020,令和２年10月末現在,都道府県,鹿児島,鹿児島,564,うち派遣・請負労働者,人,2020_000728550.xlsx,別表２,2026-09-07T13:45:09Z
foreign_employment,2020,令和２年10月末現在,都道府県,沖縄,沖縄,2371,事業所数,所,2020_000728550.xlsx,別表２,2026-09-07T13:45:09Z
foreign_employment,2020,令和２年10月末現在,都道府県,沖縄,沖縄,129,うち派遣・請負事業所,所,2020_000728550.xlsx,別表２,2026-09-07T13:45:09Z
foreign_employment,2020,令和２年10月末現在,都道府県,沖縄,沖縄,10787,外国人労働者数,人,2020_000728550.xlsx,別表２,2026-09-07T13:45:09Z
foreign_employment,2020,令和２年10月末現在,都道府県,沖縄,沖縄,1361,うち派遣・請負労働者,人,2020_000728550.xlsx,別表２,2026-09-07T13:45:09Z
foreign_employment,2020,令和２年10月末現在,産業,全産業計,全産業計,267243,事業所数,所,2020_000728550.xlsx,別表４,2026-09-07T13:45:09Z
foreign_employment,2020,令和２年10月末現在,産業,全産業計,全産業計,19005,うち派遣・請負事業所,所,2020_000728550.xlsx,別表４,2026-09-07T13:45:09Z
foreign_employment,2020,令和２年10月末現在,産業,全産業計,全産業計,1724328,外国人労働者数,人,2020_000728550.xlsx,別表４,2026-09-07T13:45:09Z
foreign_employment,2020,令和２年10月末現在,産業,全産業計,全産業計,342179,うち派遣・請負労働者,人,2020_000728550.xlsx,別表４,2026-09-07T13:45:09Z
foreign_employment,2020,令和２年10月末現在,産業,農業、林業,農業、林業,10540,事業所数,所,2020_000728550.xlsx,別表４,2026-09-07T13:45:09Z
foreign_employment,2020,令和２年10月末現在,産業,農業、林業,農業、林業,189,うち派遣・請負事業所,所,2020_000728550.xlsx,別表４,2026-09-07T13:45:09Z
foreign_employment,2020,令和２年10月末現在,産業,農業、林業,農業、林業,38208,外国人労働者数,人,2020_000728550.xlsx,別表４,2026-09-07T13:45:09Z
foreign_employment,2020,令和２年10月末現在,産業,農業、林業,農業、林業,1042,うち派遣・請負労働者,人,2020_000728550.xlsx,別表４,2026-09-07T13:45:09Z
foreign_employment,2020,令和２年10月末現在,産業,漁業,漁業,937,事業所数,所,2020_000728550.xlsx,別表４,2026-09-07T13:45:09Z
foreign_employment,2020,令和２年10月末現在,産業,漁業,漁業,7,うち派遣・請負事業所,所,2020_000728550.xlsx,別表４,2026-09-07T13:45:09Z
foreign_employment,2020,令和２年10月末現在,産業,漁業,漁業,3630,外国人労働者数,人,2020_000728550.xlsx,別表４,2026-09-07T13:45:09Z
foreign_employment,2020,令和２年10月末現在,産業,漁業,漁業,34,うち派遣・請負労働者,人,2020_000728550.xlsx,別表４,2026-09-07T13:45:09Z
foreign_employment,2020,令和２年10月末現在,産業,鉱業、採石業、砂利採取業,鉱業、採石業、砂利採取業,85,事業所数,所,2020_000728550.xlsx,別表４,2026-09-07T13:45:09Z
foreign_employment,2020,令和２年10月末現在,産業,鉱業、採石業、砂利採取業,鉱業、採石業、砂利採取業,4,うち派遣・請負事業所,所,2020_000728550.xlsx,別表４,2026-09-07T13:45:09Z
foreign_employment,2020,令和２年10月末現在,産業,鉱業、採石業、砂利採取業,鉱業、採石業、砂利採取業,308,外国人労働者数,人,2020_000728550.xlsx,別表４,2026-09-07T13:45:09Z
foreign_employment,2020,令和２年10月末現在,産業,鉱業、採石業、砂利採取業,鉱業、採石業、砂利採取業,34,うち派遣・請負労働者,人,2020_000728550.xlsx,別表４,2026-09-07T13:45:09Z
foreign_employment,2020,令和２年10月末現在,産業,建設業,建設業,31314,事業所数,所,2020_000728550.xlsx,別表４,2026-09-07T13:45:09Z
foreign_employment,2020,令和２年10月末現在,産業,建設業,建設業,1528,うち派遣・請負事業所,所,2020_000728550.xlsx,別表４,2026-09-07T13:45:09Z
foreign_employment,2020,令和２年10月末現在,産業,建設業,建設業,110898,外国人労働者数,人,2020_000728550.xlsx,別表４,2026-09-07T13:45:09Z
foreign_employment,2020,令和２年10月末現在,産業,建設業,建設業,7037,うち派遣・請負労働者,人,2020_000728550.xlsx,別表４,2026-09-07T13:45:09Z
foreign_employment,2020,令和２年10月末現在,産業,製造業,製造業,51657,事業所数,所,2020_000728550.xlsx,別表４,2026-09-07T13:45:09Z
foreign_employment,2020,令和２年10月末現在,産業,製造業,製造業,4173,うち派遣・請負事業所,所,2020_000728550.xlsx,別表４,2026-09-07T13:45:09Z
foreign_employment,2020,令和２年10月末現在,産業,製造業,製造業,482002,外国人労働者数,人,2020_000728550.xlsx,別表４,2026-09-07T13:45:09Z
foreign_employment,2020,令和２年10月末現在,産業,製造業,製造業,69415,うち派遣・請負労働者,人,2020_000728550.xlsx,別表４,2026-09-07T13:45:09Z
foreign_employment,2020,令和２年10月末現在,産業,電気・ガス・熱供給・水道業,電気・ガス・熱供給・水道業,177,事業所数,所,2020_000728550.xlsx,別表４,2026-09-07T13:45:09Z
foreign_employment,2020,令和２年10月末現在,産業,電気・ガス・熱供給・水道業,電気・ガス・熱供給・水道業,13,うち派遣・請負事業所,所,2020_000728550.xlsx,別表４,2026-09-07T13:45:09Z
foreign_employment,2020,令和２年10月末現在,産業,電気・ガス・熱供給・水道業,電気・ガス・熱供給・水道業,574,外国人労働者数,人,2020_000728550.xlsx,別表４,2026-09-07T13:45:09Z
foreign_employment,2020,令和２年10月末現在,産業,電気・ガス・熱供給・水道業,電気・ガス・熱供給・水道業,49,うち派遣・請負労働者,人,2020_000728550.xlsx,別表４,2026-09-07T13:45:09Z
foreign_employment,2020,令和２年10月末現在,産業,情報通信業,情報通信業,11912,事業所数,所,2020_000728550.xlsx,別表４,2026-09-07T13:45:09Z
foreign_employment,2020,令和２年10月末現在,産業,情報通信業,情報通信業,1114,うち派遣・請負事業所,所,2020_000728550.xlsx,別表４,2026-09-07T13:45:09Z
foreign_employment,2020,令和２年10月末現在,産業,情報通信業,情報通信業,71284,外国人労働者数,人,2020_000728550.xlsx,別表４,2026-09-07T13:45:09Z
foreign_employment,2020,令和２年10月末現在,産業,情報通信業,情報通信業,11643,うち派遣・請負労働者,人,2020_000728550.xlsx,別表４,2026-09-07T13:45:09Z
foreign_employment,2020,令和２年10月末現在,産業,運輸業、郵便業,運輸業、郵便業,8071,事業所数,所,2020_000728550.xlsx,別表４,2026-09-07T13:45:09Z
foreign_employment,2020,令和２年10月末現在,産業,運輸業、郵便業,運輸業、郵便業,563,うち派遣・請負事業所,所,2020_000728550.xlsx,別表４,2026-09-07T13:45:09Z
foreign_employment,2020,令和２年10月末現在,産業,運輸業、郵便業,運輸業、郵便業,61680,外国人労働者数,人,2020_000728550.xlsx,別表４,2026-09-07T13:45:09Z
foreign_employment,2020,令和２年10月末現在,産業,運輸業、郵便業,運輸業、郵便業,12069,うち派遣・請負労働者,人,2020_000728550.xlsx,別表４,2026-09-07T13:45:09Z
foreign_employment,2020,令和２年10月末現在,産業,卸売業、小売業,卸売業、小売業,48299,事業所数,所,2020_000728550.xlsx,別表４,2026-09-07T13:45:09Z
foreign_employment,2020,令和２年10月末現在,産業,卸売業、小売業,卸売業、小売業,1311,うち派遣・請負事業所,所,2020_000728550.xlsx,別表４,2026-09-07T13:45:09Z
foreign_employment,2020,令和２年10月末現在,産業,卸売業、小売業,卸売業、小売業,232014,外国人労働者数,人,2020_000728550.xlsx,別表４,2026-09-07T13:45:09Z
foreign_employment,2020,令和２年10月末現在,産業,卸売業、小売業,卸売業、小売業,9886,うち派遣・請負労働者,人,2020_000728550.xlsx,別表４,2026-09-07T13:45:09Z
foreign_employment,2020,令和２年10月末現在,産業,金融業、保険業,金融業、保険業,1510,事業所数,所,2020_000728550.xlsx,別表４,2026-09-07T13:45:09Z
foreign_employment,2020,令和２年10月末現在,産業,金融業、保険業,金融業、保険業,74,うち派遣・請負事業所,所,2020_000728550.xlsx,別表４,2026-09-07T13:45:09Z
foreign_employment,2020,令和２年10月末現在,産業,金融業、保険業,金融業、保険業,10571,外国人労働者数,人,2020_000728550.xlsx,別表４,2026-09-07T13:45:09Z
foreign_employment,2020,令和２年10月末現在,産業,金融業、保険業,金融業、保険業,986,うち派遣・請負労働者,人,2020_000728550.xlsx,別表４,2026-09-07T13:45:09Z
foreign_employment,2020,令和２年10月末現在,産業,不動産業、物品賃貸業,不動産業、物品賃貸業,3542,事業所数,所,2020_000728550.xlsx,別表４,2026-09-07T13:45:09Z
foreign_employment,2020,令和２年10月末現在,産業,不動産業、物品賃貸業,不動産業、物品賃貸業,147,うち派遣・請負事業所,所,2020_000728550.xlsx,別表４,2026-09-07T13:45:09Z
foreign_employment,2020,令和２年10月末現在,産業,不動産業、物品賃貸業,不動産業、物品賃貸業,14761,外国人労働者数,人,2020_000728550.xlsx,別表４,2026-09-07T13:45:09Z
foreign_employment,2020,令和２年10月末現在,産業,不動産業、物品賃貸業,不動産業、物品賃貸業,1905,うち派遣・請負労働者,人,2020_000728550.xlsx,別表４,2026-09-07T13:45:09Z
foreign_employment,2020,令和２年10月末現在,産業,学術研究、専門・技術サービス業,学術研究、専門・技術サービス業,10633,事業所数,所,2020_000728550.xlsx,別表４,2026-09-07T13:45:09Z
foreign_employment,2020,令和２年10月末現在,産業,学術研究、専門・技術サービス業,学術研究、専門・技術サービス業,790,うち派遣・請負事業所,所,2020_000728550.xlsx,別表４,2026-09-07T13:45:09Z
foreign_employment,2020,令和２年10月末現在,産業,学術研究、専門・技術サービス業,学術研究、専門・技術サービス業,58435,外国人労働者数,人,2020_000728550.xlsx,別表４,2026-09-07T13:45:09Z
foreign_employment,2020,令和２年10月末現在,産業,学術研究、専門・技術サービス業,学術研究、専門・技術サービス業,14741,うち派遣・請負労働者,人,2020_000728550.xlsx,別表４,2026-09-07T13:45:09Z
foreign_employment,2020,令和２年10月末現在,産業,宿泊業、飲食サービス業,宿泊業、飲食サービス業,37274,事業所数,所,2020_000728550.xlsx,別表４,2026-09-07T13:45:09Z
foreign_employment,2020,令和２年10月末現在,産業,宿泊業、飲食サービス業,宿泊業、飲食サービス業,707,うち派遣・請負事業所,所,2020_000728550.xlsx,別表４,2026-09-07T13:45:09Z
foreign_employment,2020,令和２年10月末現在,産業,宿泊業、飲食サービス業,宿泊業、飲食サービス業,202913,外国人労働者数,人,2020_000728550.xlsx,別表４,2026-09-07T13:45:09Z
foreign_employment,2020,令和２年10月末現在,産業,宿泊業、飲食サービス業,宿泊業、飲食サービス業,7844,うち派遣・請負労働者,人,2020_000728550.xlsx,別表４,2026-09-07T13:45:09Z
foreign_employment,2020,令和２年10月末現在,産業,生活関連サービス業、娯楽業,生活関連サービス業、娯楽業,5317,事業所数,所,2020_000728550.xlsx,別表４,2026-09-07T13:45:09Z
foreign_employment,2020,令和２年10月末現在,産業,生活関連サービス業、娯楽業,生活関連サービス業、娯楽業,256,うち派遣・請負事業所,所,2020_000728550.xlsx,別表４,2026-09-07T13:45:09Z
foreign_employment,2020,令和２年10月末現在,産業,生活関連サービス業、娯楽業,生活関連サービス業、娯楽業,24446,外国人労働者数,人,2020_000728550.xlsx,別表４,2026-09-07T13:45:09Z
foreign_employment,2020,令和２年10月末現在,産業,生活関連サービス業、娯楽業,生活関連サービス業、娯楽業,3814,うち派遣・請負労働者,人,2020_000728550.xlsx,別表４,2026-09-07T13:45:09Z
foreign_employment,2020,令和２年10月末現在,産業,教育、学習支援業,教育、学習支援業,6663,事業所数,所,2020_000728550.xlsx,別表４,2026-09-07T13:45:09Z
foreign_employment,2020,令和２年10月末現在,産業,教育、学習支援業,教育、学習支援業,270,うち派遣・請負事業所,所,2020_000728550.xlsx,別表４,2026-09-07T13:45:09Z
foreign_employment,2020,令和２年10月末現在,産業,教育、学習支援業,教育、学習支援業,71775,外国人労働者数,人,2020_000728550.xlsx,別表４,2026-09-07T13:45:09Z
foreign_employment,2020,令和２年10月末現在,産業,教育、学習支援業,教育、学習支援業,5155,うち派遣・請負労働者,人,2020_000728550.xlsx,別表４,2026-09-07T13:45:09Z
foreign_employment,2020,令和２年10月末現在,産業,医療、福祉,医療、福祉,13804,事業所数,所,2020_000728550.xlsx,別表４,2026-09-07T13:45:09Z
foreign_employment,2020,令和２年10月末現在,産業,医療、福祉,医療、福祉,444,うち派遣・請負事業所,所,2020_000728550.xlsx,別表４,2026-09-07T13:45:09Z
foreign_employment,2020,令和２年10月末現在,産業,医療、福祉,医療、福祉,43446,外国人労働者数,人,2020_000728550.xlsx,別表４,2026-09-07T13:45:09Z
foreign_employment,2020,令和２年10月末現在,産業,医療、福祉,医療、福祉,1964,うち派遣・請負労働者,人,2020_000728550.xlsx,別表４,2026-09-07T13:45:09Z
foreign_employment,2020,令和２年10月末現在,産業,複合サービス事業,複合サービス事業,1383,事業所数,所,2020_000728550.xlsx,別表４,2026-09-07T13:45:09Z
foreign_employment,2020,令和２年10月末現在,産業,複合サービス事業,複合サービス事業,61,うち派遣・請負事業所,所,2020_000728550.xlsx,別表４,2026-09-07T13:45:09Z
foreign_employment,2020,令和２年10月末現在,産業,複合サービス事業,複合サービス事業,5355,外国人労働者数,人,2020_000728550.xlsx,別表４,2026-09-07T13:45:09Z
foreign_employment,2020,令和２年10月末現在,産業,複合サービス事業,複合サービス事業,659,うち派遣・請負労働者,人,2020_000728550.xlsx,別表４,2026-09-07T13:45:09Z
foreign_employment,2020,令和２年10月末現在,産業,サービス業（他に分類されないもの）,サービス業（他に分類されないもの）,21195,事業所数,所,2020_000728550.xlsx,別表４,2026-09-07T13:45:09Z
foreign_employment,2020,令和２年10月末現在,産業,サービス業（他に分類されないもの）,サービス業（他に分類されないもの）,7190,うち派遣・請負事業所,所,2020_000728550.xlsx,別表４,2026-09-07T13:45:09Z
foreign_employment,2020,令和２年10月末現在,産業,サービス業（他に分類されないもの）,サービス業（他に分類されないもの）,276951,外国人労働者数,人,2020_000728550.xlsx,別表４,2026-09-07T13:45:09Z
foreign_employment,2020,令和２年10月末現在,産業,サービス業（他に分類されないもの）,サービス業（他に分類されないもの）,192279,うち派遣・請負労働者,人,2020_000728550.xlsx,別表４,2026-09-07T13:45:09Z
foreign_employment,2020,令和２年10月末現在,産業,公務（他に分類されるものを除く）,公務（他に分類されるものを除く）,1874,事業所数,所,2020_000728550.xlsx,別表４,2026-09-07T13:45:09Z
foreign_employment,2020,令和２年10月末現在,産業,公務（他に分類されるものを除く）,公務（他に分類されるものを除く）,73,うち派遣・請負事業所,所,2020_000728550.xlsx,別表４,2026-09-07T13:45:09Z
foreign_employment,2020,令和２年10月末現在,産業,公務（他に分類されるものを除く）,公務（他に分類されるものを除く）,9639,外国人労働者数,人,2020_000728550.xlsx,別表４,2026-09-07T13:45:09Z
foreign_employment,2020,令和２年10月末現在,産業,公務（他に分類されるものを除く）,公務（他に分類されるものを除く）,789,うち派遣・請負労働者,人,2020_000728550.xlsx,別表４,2026-09-07T13:45:09Z
foreign_employment,2020,令和２年10月末現在,産業,分類不能の産業,分類不能の産業,1056,事業所数,所,2020_000728550.xlsx,別表４,2026-09-07T13:45:09Z
foreign_employment,2020,令和２年10月末現在,産業,分類不能の産業,分類不能の産業,91,うち派遣・請負事業所,所,2020_000728550.xlsx,別表４,2026-09-07T13:45:09Z
foreign_employment,2020,令和２年10月末現在,産業,分類不能の産業,分類不能の産業,5438,外国人労働者数,人,2020_000728550.xlsx,別表４,2026-09-07T13:45:09Z
foreign_employment,2020,令和２年10月末現在,産業,分類不能の産業,分類不能の産業,834,うち派遣・請負労働者,人,2020_000728550.xlsx,別表４,2026-09-07T13:45:09Z
foreign_employment,2020,令和２年10月末現在,在留資格,"①専門的・技術的分野の
　在留資格","①専門的・技術的分野の
　在留資格",359520,外国人労働者数,人,2020_000728550.xlsx,別表６,2026-09-07T13:45:09Z
foreign_employment,2020,令和２年10月末現在,在留資格,②特定活動,②特定活動,45565,外国人労働者数,人,2020_000728550.xlsx,別表６,2026-09-07T13:45:09Z
foreign_employment,2020,令和２年10月末現在,在留資格,③技能実習,③技能実習,402356,外国人労働者数,人,2020_000728550.xlsx,別表６,2026-09-07T13:45:09Z
foreign_employment,2020,令和２年10月末現在,在留資格,④資格外活動,④資格外活動,370346,外国人労働者数,人,2020_000728550.xlsx,別表６,2026-09-07T13:45:09Z
foreign_employment,2020,令和２年10月末現在,在留資格,⑤身分に基づく在留資格　,⑤身分に基づく在留資格　,546469,外国人労働者数,人,2020_000728550.xlsx,別表６,2026-09-07T13:45:09Z
foreign_employment,2020,令和２年10月末現在,在留資格,⑥不明,⑥不明,72,外国人労働者数,人,2020_000728550.xlsx,別表６,2026-09-07T13:45:09Z
foreign_employment,2021,令和３年10月末現在,総数,全国計,全国計,285080,事業所数,所,2021_000887556.xlsx,別表２,2026-09-07T13:45:09Z
foreign_employment,2021,令和３年10月末現在,総数,全国計,全国計,19226,うち派遣・請負事業所,所,2021_000887556.xlsx,別表２,2026-09-07T13:45:09Z
foreign_employment,2021,令和３年10月末現在,総数,全国計,全国計,1727221,外国人労働者数,人,2021_000887556.xlsx,別表２,2026-09-07T13:45:09Z
foreign_employment,2021,令和３年10月末現在,総数,全国計,全国計,343532,うち派遣・請負労働者,人,2021_000887556.xlsx,別表２,2026-09-07T13:45:09Z
foreign_employment,2021,令和３年10月末現在,都道府県,北海道,北海道,5846,事業所数,所,2021_000887556.xlsx,別表２,2026-09-07T13:45:09Z
foreign_employment,2021,令和３年10月末現在,都道府県,北海道,北海道,194,うち派遣・請負事業所,所,2021_000887556.xlsx,別表２,2026-09-07T13:45:09Z
foreign_employment,2021,令和３年10月末現在,都道府県,北海道,北海道,25028,外国人労働者数,人,2021_000887556.xlsx,別表２,2026-09-07T13:45:09Z
foreign_employment,2021,令和３年10月末現在,都道府県,北海道,北海道,878,うち派遣・請負労働者,人,2021_000887556.xlsx,別表２,2026-09-07T13:45:09Z
foreign_employment,2021,令和３年10月末現在,都道府県,青森,青森,820,事業所数,所,2021_000887556.xlsx,別表２,2026-09-07T13:45:09Z
foreign_employment,2021,令和３年10月末現在,都道府県,青森,青森,19,うち派遣・請負事業所,所,2021_000887556.xlsx,別表２,2026-09-07T13:45:09Z
foreign_employment,2021,令和３年10月末現在,都道府県,青森,青森,3861,外国人労働者数,人,2021_000887556.xlsx,別表２,2026-09-07T13:45:09Z
foreign_employment,2021,令和３年10月末現在,都道府県,青森,青森,33,うち派遣・請負労働者,人,2021_000887556.xlsx,別表２,2026-09-07T13:45:09Z
foreign_employment,2021,令和３年10月末現在,都道府県,岩手,岩手,1039,事業所数,所,2021_000887556.xlsx,別表２,2026-09-07T13:45:09Z
foreign_employment,2021,令和３年10月末現在,都道府県,岩手,岩手,37,うち派遣・請負事業所,所,2021_000887556.xlsx,別表２,2026-09-07T13:45:09Z
foreign_employment,2021,令和３年10月末現在,都道府県,岩手,岩手,5225,外国人労働者数,人,2021_000887556.xlsx,別表２,2026-09-07T13:45:09Z
foreign_employment,2021,令和３年10月末現在,都道府県,岩手,岩手,245,うち派遣・請負労働者,人,2021_000887556.xlsx,別表２,2026-09-07T13:45:09Z
foreign_employment,2021,令和３年10月末現在,都道府県,宮城,宮城,2628,事業所数,所,2021_000887556.xlsx,別表２,2026-09-07T13:45:09Z
foreign_employment,2021,令和３年10月末現在,都道府県,宮城,宮城,139,うち派遣・請負事業所,所,2021_000887556.xlsx,別表２,2026-09-07T13:45:09Z
foreign_employment,2021,令和３年10月末現在,都道府県,宮城,宮城,13415,外国人労働者数,人,2021_000887556.xlsx,別表２,2026-09-07T13:45:09Z
foreign_employment,2021,令和３年10月末現在,都道府県,宮城,宮城,1364,うち派遣・請負労働者,人,2021_000887556.xlsx,別表２,2026-09-07T13:45:09Z
foreign_employment,2021,令和３年10月末現在,都道府県,秋田,秋田,568,事業所数,所,2021_000887556.xlsx,別表２,2026-09-07T13:45:09Z
foreign_employment,2021,令和３年10月末現在,都道府県,秋田,秋田,6,うち派遣・請負事業所,所,2021_000887556.xlsx,別表２,2026-09-07T13:45:09Z
foreign_employment,2021,令和３年10月末現在,都道府県,秋田,秋田,2233,外国人労働者数,人,2021_000887556.xlsx,別表２,2026-09-07T13:45:09Z
foreign_employment,2021,令和３年10月末現在,都道府県,秋田,秋田,16,うち派遣・請負労働者,人,2021_000887556.xlsx,別表２,2026-09-07T13:45:09Z
foreign_employment,2021,令和３年10月末現在,都道府県,山形,山形,1072,事業所数,所,2021_000887556.xlsx,別表２,2026-09-07T13:45:09Z
foreign_employment,2021,令和３年10月末現在,都道府県,山形,山形,60,うち派遣・請負事業所,所,2021_000887556.xlsx,別表２,2026-09-07T13:45:09Z
foreign_employment,2021,令和３年10月末現在,都道府県,山形,山形,4427,外国人労働者数,人,2021_000887556.xlsx,別表２,2026-09-07T13:45:09Z
foreign_employment,2021,令和３年10月末現在,都道府県,山形,山形,415,うち派遣・請負労働者,人,2021_000887556.xlsx,別表２,2026-09-07T13:45:09Z
foreign_employment,2021,令和３年10月末現在,都道府県,福島,福島,2014,事業所数,所,2021_000887556.xlsx,別表２,2026-09-07T13:45:09Z
foreign_employment,2021,令和３年10月末現在,都道府県,福島,福島,166,うち派遣・請負事業所,所,2021_000887556.xlsx,別表２,2026-09-07T13:45:09Z
foreign_employment,2021,令和３年10月末現在,都道府県,福島,福島,9527,外国人労働者数,人,2021_000887556.xlsx,別表２,2026-09-07T13:45:09Z
foreign_employment,2021,令和３年10月末現在,都道府県,福島,福島,1444,うち派遣・請負労働者,人,2021_000887556.xlsx,別表２,2026-09-07T13:45:09Z
foreign_employment,2021,令和３年10月末現在,都道府県,茨城,茨城,7377,事業所数,所,2021_000887556.xlsx,別表２,2026-09-07T13:45:09Z
foreign_employment,2021,令和３年10月末現在,都道府県,茨城,茨城,428,うち派遣・請負事業所,所,2021_000887556.xlsx,別表２,2026-09-07T13:45:09Z
foreign_employment,2021,令和３年10月末現在,都道府県,茨城,茨城,43340,外国人労働者数,人,2021_000887556.xlsx,別表２,2026-09-07T13:45:09Z
foreign_employment,2021,令和３年10月末現在,都道府県,茨城,茨城,8126,うち派遣・請負労働者,人,2021_000887556.xlsx,別表２,2026-09-07T13:45:09Z
foreign_employment,2021,令和３年10月末現在,都道府県,栃木,栃木,4321,事業所数,所,2021_000887556.xlsx,別表２,2026-09-07T13:45:09Z
foreign_employment,2021,令和３年10月末現在,都道府県,栃木,栃木,472,うち派遣・請負事業所,所,2021_000887556.xlsx,別表２,2026-09-07T13:45:09Z
foreign_employment,2021,令和３年10月末現在,都道府県,栃木,栃木,29236,外国人労働者数,人,2021_000887556.xlsx,別表２,2026-09-07T13:45:09Z
foreign_employment,2021,令和３年10月末現在,都道府県,栃木,栃木,9426,うち派遣・請負労働者,人,2021_000887556.xlsx,別表２,2026-09-07T13:45:09Z
foreign_employment,2021,令和３年10月末現在,都道府県,群馬,群馬,5176,事業所数,所,2021_000887556.xlsx,別表２,2026-09-07T13:45:09Z
foreign_employment,2021,令和３年10月末現在,都道府県,群馬,群馬,413,うち派遣・請負事業所,所,2021_000887556.xlsx,別表２,2026-09-07T13:45:09Z
foreign_employment,2021,令和３年10月末現在,都道府県,群馬,群馬,46449,外国人労働者数,人,2021_000887556.xlsx,別表２,2026-09-07T13:45:09Z
foreign_employment,2021,令和３年10月末現在,都道府県,群馬,群馬,18499,うち派遣・請負労働者,人,2021_000887556.xlsx,別表２,2026-09-07T13:45:09Z
foreign_employment,2021,令和３年10月末現在,都道府県,埼玉,埼玉,14512,事業所数,所,2021_000887556.xlsx,別表２,2026-09-07T13:45:09Z
foreign_employment,2021,令和３年10月末現在,都道府県,埼玉,埼玉,844,うち派遣・請負事業所,所,2021_000887556.xlsx,別表２,2026-09-07T13:45:09Z
foreign_employment,2021,令和３年10月末現在,都道府県,埼玉,埼玉,86780,外国人労働者数,人,2021_000887556.xlsx,別表２,2026-09-07T13:45:09Z
foreign_employment,2021,令和３年10月末現在,都道府県,埼玉,埼玉,17478,うち派遣・請負労働者,人,2021_000887556.xlsx,別表２,2026-09-07T13:45:09Z
foreign_employment,2021,令和３年10月末現在,都道府県,千葉,千葉,12416,事業所数,所,2021_000887556.xlsx,別表２,2026-09-07T13:45:09Z
foreign_employment,2021,令和３年10月末現在,都道府県,千葉,千葉,617,うち派遣・請負事業所,所,2021_000887556.xlsx,別表２,2026-09-07T13:45:09Z
foreign_employment,2021,令和３年10月末現在,都道府県,千葉,千葉,68155,外国人労働者数,人,2021_000887556.xlsx,別表２,2026-09-07T13:45:09Z
foreign_employment,2021,令和３年10月末現在,都道府県,千葉,千葉,8999,うち派遣・請負労働者,人,2021_000887556.xlsx,別表２,2026-09-07T13:45:09Z
foreign_employment,2021,令和３年10月末現在,都道府県,東京,東京,73158,事業所数,所,2021_000887556.xlsx,別表２,2026-09-07T13:45:09Z
foreign_employment,2021,令和３年10月末現在,都道府県,東京,東京,4816,うち派遣・請負事業所,所,2021_000887556.xlsx,別表２,2026-09-07T13:45:09Z
foreign_employment,2021,令和３年10月末現在,都道府県,東京,東京,485382,外国人労働者数,人,2021_000887556.xlsx,別表２,2026-09-07T13:45:09Z
foreign_employment,2021,令和３年10月末現在,都道府県,東京,東京,82100,うち派遣・請負労働者,人,2021_000887556.xlsx,別表２,2026-09-07T13:45:09Z
foreign_employment,2021,令和３年10月末現在,都道府県,神奈川,神奈川,18476,事業所数,所,2021_000887556.xlsx,別表２,2026-09-07T13:45:09Z
foreign_employment,2021,令和３年10月末現在,都道府県,神奈川,神奈川,1482,うち派遣・請負事業所,所,2021_000887556.xlsx,別表２,2026-09-07T13:45:09Z
foreign_employment,2021,令和３年10月末現在,都道府県,神奈川,神奈川,100592,外国人労働者数,人,2021_000887556.xlsx,別表２,2026-09-07T13:45:09Z
foreign_employment,2021,令和３年10月末現在,都道府県,神奈川,神奈川,17819,うち派遣・請負労働者,人,2021_000887556.xlsx,別表２,2026-09-07T13:45:09Z
foreign_employment,2021,令和３年10月末現在,都道府県,新潟,新潟,2139,事業所数,所,2021_000887556.xlsx,別表２,2026-09-07T13:45:09Z
foreign_employment,2021,令和３年10月末現在,都道府県,新潟,新潟,101,うち派遣・請負事業所,所,2021_000887556.xlsx,別表２,2026-09-07T13:45:09Z
foreign_employment,2021,令和３年10月末現在,都道府県,新潟,新潟,10262,外国人労働者数,人,2021_000887556.xlsx,別表２,2026-09-07T13:45:09Z
foreign_employment,2021,令和３年10月末現在,都道府県,新潟,新潟,1113,うち派遣・請負労働者,人,2021_000887556.xlsx,別表２,2026-09-07T13:45:09Z
foreign_employment,2021,令和３年10月末現在,都道府県,富山,富山,2163,事業所数,所,2021_000887556.xlsx,別表２,2026-09-07T13:45:09Z
foreign_employment,2021,令和３年10月末現在,都道府県,富山,富山,126,うち派遣・請負事業所,所,2021_000887556.xlsx,別表２,2026-09-07T13:45:09Z
foreign_employment,2021,令和３年10月末現在,都道府県,富山,富山,11467,外国人労働者数,人,2021_000887556.xlsx,別表２,2026-09-07T13:45:09Z
foreign_employment,2021,令和３年10月末現在,都道府県,富山,富山,1885,うち派遣・請負労働者,人,2021_000887556.xlsx,別表２,2026-09-07T13:45:09Z
foreign_employment,2021,令和３年10月末現在,都道府県,石川,石川,1970,事業所数,所,2021_000887556.xlsx,別表２,2026-09-07T13:45:09Z
foreign_employment,2021,令和３年10月末現在,都道府県,石川,石川,194,うち派遣・請負事業所,所,2021_000887556.xlsx,別表２,2026-09-07T13:45:09Z
foreign_employment,2021,令和３年10月末現在,都道府県,石川,石川,10606,外国人労働者数,人,2021_000887556.xlsx,別表２,2026-09-07T13:45:09Z
foreign_employment,2021,令和３年10月末現在,都道府県,石川,石川,2107,うち派遣・請負労働者,人,2021_000887556.xlsx,別表２,2026-09-07T13:45:09Z
foreign_employment,2021,令和３年10月末現在,都道府県,福井,福井,1557,事業所数,所,2021_000887556.xlsx,別表２,2026-09-07T13:45:09Z
foreign_employment,2021,令和３年10月末現在,都道府県,福井,福井,59,うち派遣・請負事業所,所,2021_000887556.xlsx,別表２,2026-09-07T13:45:09Z
foreign_employment,2021,令和３年10月末現在,都道府県,福井,福井,10524,外国人労働者数,人,2021_000887556.xlsx,別表２,2026-09-07T13:45:09Z
foreign_employment,2021,令和３年10月末現在,都道府県,福井,福井,3643,うち派遣・請負労働者,人,2021_000887556.xlsx,別表２,2026-09-07T13:45:09Z
foreign_employment,2021,令和３年10月末現在,都道府県,山梨,山梨,1618,事業所数,所,2021_000887556.xlsx,別表２,2026-09-07T13:45:09Z
foreign_employment,2021,令和３年10月末現在,都道府県,山梨,山梨,126,うち派遣・請負事業所,所,2021_000887556.xlsx,別表２,2026-09-07T13:45:09Z
foreign_employment,2021,令和３年10月末現在,都道府県,山梨,山梨,9208,外国人労働者数,人,2021_000887556.xlsx,別表２,2026-09-07T13:45:09Z
foreign_employment,2021,令和３年10月末現在,都道府県,山梨,山梨,2634,うち派遣・請負労働者,人,2021_000887556.xlsx,別表２,2026-09-07T13:45:09Z
foreign_employment,2021,令和３年10月末現在,都道府県,長野,長野,4149,事業所数,所,2021_000887556.xlsx,別表２,2026-09-07T13:45:09Z
foreign_employment,2021,令和３年10月末現在,都道府県,長野,長野,244,うち派遣・請負事業所,所,2021_000887556.xlsx,別表２,2026-09-07T13:45:09Z
foreign_employment,2021,令和３年10月末現在,都道府県,長野,長野,20714,外国人労働者数,人,2021_000887556.xlsx,別表２,2026-09-07T13:45:09Z
foreign_employment,2021,令和３年10月末現在,都道府県,長野,長野,3910,うち派遣・請負労働者,人,2021_000887556.xlsx,別表２,2026-09-07T13:45:09Z
foreign_employment,2021,令和３年10月末現在,都道府県,岐阜,岐阜,4864,事業所数,所,2021_000887556.xlsx,別表２,2026-09-07T13:45:09Z
foreign_employment,2021,令和３年10月末現在,都道府県,岐阜,岐阜,315,うち派遣・請負事業所,所,2021_000887556.xlsx,別表２,2026-09-07T13:45:09Z
foreign_employment,2021,令和３年10月末現在,都道府県,岐阜,岐阜,34998,外国人労働者数,人,2021_000887556.xlsx,別表２,2026-09-07T13:45:09Z
foreign_employment,2021,令和３年10月末現在,都道府県,岐阜,岐阜,9987,うち派遣・請負労働者,人,2021_000887556.xlsx,別表２,2026-09-07T13:45:09Z
foreign_employment,2021,令和３年10月末現在,都道府県,静岡,静岡,8940,事業所数,所,2021_000887556.xlsx,別表２,2026-09-07T13:45:09Z
foreign_employment,2021,令和３年10月末現在,都道府県,静岡,静岡,1305,うち派遣・請負事業所,所,2021_000887556.xlsx,別表２,2026-09-07T13:45:09Z
foreign_employment,2021,令和３年10月末現在,都道府県,静岡,静岡,66806,外国人労働者数,人,2021_000887556.xlsx,別表２,2026-09-07T13:45:09Z
foreign_employment,2021,令和３年10月末現在,都道府県,静岡,静岡,28869,うち派遣・請負労働者,人,2021_000887556.xlsx,別表２,2026-09-07T13:45:09Z
foreign_employment,2021,令和３年10月末現在,都道府県,愛知,愛知,22639,事業所数,所,2021_000887556.xlsx,別表２,2026-09-07T13:45:09Z
foreign_employment,2021,令和３年10月末現在,都道府県,愛知,愛知,2435,うち派遣・請負事業所,所,2021_000887556.xlsx,別表２,2026-09-07T13:45:09Z
foreign_employment,2021,令和３年10月末現在,都道府県,愛知,愛知,177769,外国人労働者数,人,2021_000887556.xlsx,別表２,2026-09-07T13:45:09Z
foreign_employment,2021,令和３年10月末現在,都道府県,愛知,愛知,51904,うち派遣・請負労働者,人,2021_000887556.xlsx,別表２,2026-09-07T13:45:09Z
foreign_employment,2021,令和３年10月末現在,都道府県,三重,三重,4366,事業所数,所,2021_000887556.xlsx,別表２,2026-09-07T13:45:09Z
foreign_employment,2021,令和３年10月末現在,都道府県,三重,三重,464,うち派遣・請負事業所,所,2021_000887556.xlsx,別表２,2026-09-07T13:45:09Z
foreign_employment,2021,令和３年10月末現在,都道府県,三重,三重,30391,外国人労働者数,人,2021_000887556.xlsx,別表２,2026-09-07T13:45:09Z
foreign_employment,2021,令和３年10月末現在,都道府県,三重,三重,10160,うち派遣・請負労働者,人,2021_000887556.xlsx,別表２,2026-09-07T13:45:09Z
foreign_employment,2021,令和３年10月末現在,都道府県,滋賀,滋賀,2450,事業所数,所,2021_000887556.xlsx,別表２,2026-09-07T13:45:09Z
foreign_employment,2021,令和３年10月末現在,都道府県,滋賀,滋賀,449,うち派遣・請負事業所,所,2021_000887556.xlsx,別表２,2026-09-07T13:45:09Z
foreign_employment,2021,令和３年10月末現在,都道府県,滋賀,滋賀,20881,外国人労働者数,人,2021_000887556.xlsx,別表２,2026-09-07T13:45:09Z
foreign_employment,2021,令和３年10月末現在,都道府県,滋賀,滋賀,9627,うち派遣・請負労働者,人,2021_000887556.xlsx,別表２,2026-09-07T13:45:09Z
foreign_employment,2021,令和３年10月末現在,都道府県,京都,京都,4500,事業所数,所,2021_000887556.xlsx,別表２,2026-09-07T13:45:09Z
foreign_employment,2021,令和３年10月末現在,都道府県,京都,京都,244,うち派遣・請負事業所,所,2021_000887556.xlsx,別表２,2026-09-07T13:45:09Z
foreign_employment,2021,令和３年10月末現在,都道府県,京都,京都,21356,外国人労働者数,人,2021_000887556.xlsx,別表２,2026-09-07T13:45:09Z
foreign_employment,2021,令和３年10月末現在,都道府県,京都,京都,2099,うち派遣・請負労働者,人,2021_000887556.xlsx,別表２,2026-09-07T13:45:09Z
foreign_employment,2021,令和３年10月末現在,都道府県,大阪,大阪,21789,事業所数,所,2021_000887556.xlsx,別表２,2026-09-07T13:45:09Z
foreign_employment,2021,令和３年10月末現在,都道府県,大阪,大阪,775,うち派遣・請負事業所,所,2021_000887556.xlsx,別表２,2026-09-07T13:45:09Z
foreign_employment,2021,令和３年10月末現在,都道府県,大阪,大阪,111862,外国人労働者数,人,2021_000887556.xlsx,別表２,2026-09-07T13:45:09Z
foreign_employment,2021,令和３年10月末現在,都道府県,大阪,大阪,16791,うち派遣・請負労働者,人,2021_000887556.xlsx,別表２,2026-09-07T13:45:09Z
foreign_employment,2021,令和３年10月末現在,都道府県,兵庫,兵庫,8909,事業所数,所,2021_000887556.xlsx,別表２,2026-09-07T13:45:09Z
foreign_employment,2021,令和３年10月末現在,都道府県,兵庫,兵庫,484,うち派遣・請負事業所,所,2021_000887556.xlsx,別表２,2026-09-07T13:45:09Z
foreign_employment,2021,令和３年10月末現在,都道府県,兵庫,兵庫,45558,外国人労働者数,人,2021_000887556.xlsx,別表２,2026-09-07T13:45:09Z
foreign_employment,2021,令和３年10月末現在,都道府県,兵庫,兵庫,7913,うち派遣・請負労働者,人,2021_000887556.xlsx,別表２,2026-09-07T13:45:09Z
foreign_employment,2021,令和３年10月末現在,都道府県,奈良,奈良,1390,事業所数,所,2021_000887556.xlsx,別表２,2026-09-07T13:45:09Z
foreign_employment,2021,令和３年10月末現在,都道府県,奈良,奈良,41,うち派遣・請負事業所,所,2021_000887556.xlsx,別表２,2026-09-07T13:45:09Z
foreign_employment,2021,令和３年10月末現在,都道府県,奈良,奈良,6403,外国人労働者数,人,2021_000887556.xlsx,別表２,2026-09-07T13:45:09Z
foreign_employment,2021,令和３年10月末現在,都道府県,奈良,奈良,611,うち派遣・請負労働者,人,2021_000887556.xlsx,別表２,2026-09-07T13:45:09Z
foreign_employment,2021,令和３年10月末現在,都道府県,和歌山,和歌山,933,事業所数,所,2021_000887556.xlsx,別表２,2026-09-07T13:45:09Z
foreign_employment,2021,令和３年10月末現在,都道府県,和歌山,和歌山,57,うち派遣・請負事業所,所,2021_000887556.xlsx,別表２,2026-09-07T13:45:09Z
foreign_employment,2021,令和３年10月末現在,都道府県,和歌山,和歌山,3390,外国人労働者数,人,2021_000887556.xlsx,別表２,2026-09-07T13:45:09Z
foreign_employment,2021,令和３年10月末現在,都道府県,和歌山,和歌山,197,うち派遣・請負労働者,人,2021_000887556.xlsx,別表２,2026-09-07T13:45:09Z
foreign_employment,2021,令和３年10月末現在,都道府県,鳥取,鳥取,710,事業所数,所,2021_000887556.xlsx,別表２,2026-09-07T13:45:09Z
foreign_employment,2021,令和３年10月末現在,都道府県,鳥取,鳥取,21,うち派遣・請負事業所,所,2021_000887556.xlsx,別表２,2026-09-07T13:45:09Z
foreign_employment,2021,令和３年10月末現在,都道府県,鳥取,鳥取,2968,外国人労働者数,人,2021_000887556.xlsx,別表２,2026-09-07T13:45:09Z
foreign_employment,2021,令和３年10月末現在,都道府県,鳥取,鳥取,87,うち派遣・請負労働者,人,2021_000887556.xlsx,別表２,2026-09-07T13:45:09Z
foreign_employment,2021,令和３年10月末現在,都道府県,島根,島根,778,事業所数,所,2021_000887556.xlsx,別表２,2026-09-07T13:45:09Z
foreign_employment,2021,令和３年10月末現在,都道府県,島根,島根,23,うち派遣・請負事業所,所,2021_000887556.xlsx,別表２,2026-09-07T13:45:09Z
foreign_employment,2021,令和３年10月末現在,都道府県,島根,島根,4592,外国人労働者数,人,2021_000887556.xlsx,別表２,2026-09-07T13:45:09Z
foreign_employment,2021,令和３年10月末現在,都道府県,島根,島根,1403,うち派遣・請負労働者,人,2021_000887556.xlsx,別表２,2026-09-07T13:45:09Z
foreign_employment,2021,令和３年10月末現在,都道府県,岡山,岡山,3200,事業所数,所,2021_000887556.xlsx,別表２,2026-09-07T13:45:09Z
foreign_employment,2021,令和３年10月末現在,都道府県,岡山,岡山,110,うち派遣・請負事業所,所,2021_000887556.xlsx,別表２,2026-09-07T13:45:09Z
foreign_employment,2021,令和３年10月末現在,都道府県,岡山,岡山,20584,外国人労働者数,人,2021_000887556.xlsx,別表２,2026-09-07T13:45:09Z
foreign_employment,2021,令和３年10月末現在,都道府県,岡山,岡山,1997,うち派遣・請負労働者,人,2021_000887556.xlsx,別表２,2026-09-07T13:45:09Z
foreign_employment,2021,令和３年10月末現在,都道府県,広島,広島,5796,事業所数,所,2021_000887556.xlsx,別表２,2026-09-07T13:45:09Z
foreign_employment,2021,令和３年10月末現在,都道府県,広島,広島,377,うち派遣・請負事業所,所,2021_000887556.xlsx,別表２,2026-09-07T13:45:09Z
foreign_employment,2021,令和３年10月末現在,都道府県,広島,広島,36547,外国人労働者数,人,2021_000887556.xlsx,別表２,2026-09-07T13:45:09Z
foreign_employment,2021,令和３年10月末現在,都道府県,広島,広島,4025,うち派遣・請負労働者,人,2021_000887556.xlsx,別表２,2026-09-07T13:45:09Z
foreign_employment,2021,令和３年10月末現在,都道府県,山口,山口,1758,事業所数,所,2021_000887556.xlsx,別表２,2026-09-07T13:45:09Z
foreign_employment,2021,令和３年10月末現在,都道府県,山口,山口,109,うち派遣・請負事業所,所,2021_000887556.xlsx,別表２,2026-09-07T13:45:09Z
foreign_employment,2021,令和３年10月末現在,都道府県,山口,山口,8932,外国人労働者数,人,2021_000887556.xlsx,別表２,2026-09-07T13:45:09Z
foreign_employment,2021,令和３年10月末現在,都道府県,山口,山口,675,うち派遣・請負労働者,人,2021_000887556.xlsx,別表２,2026-09-07T13:45:09Z
foreign_employment,2021,令和３年10月末現在,都道府県,徳島,徳島,1146,事業所数,所,2021_000887556.xlsx,別表２,2026-09-07T13:45:09Z
foreign_employment,2021,令和３年10月末現在,都道府県,徳島,徳島,49,うち派遣・請負事業所,所,2021_000887556.xlsx,別表２,2026-09-07T13:45:09Z
foreign_employment,2021,令和３年10月末現在,都道府県,徳島,徳島,4777,外国人労働者数,人,2021_000887556.xlsx,別表２,2026-09-07T13:45:09Z
foreign_employment,2021,令和３年10月末現在,都道府県,徳島,徳島,235,うち派遣・請負労働者,人,2021_000887556.xlsx,別表２,2026-09-07T13:45:09Z
foreign_employment,2021,令和３年10月末現在,都道府県,香川,香川,1896,事業所数,所,2021_000887556.xlsx,別表２,2026-09-07T13:45:09Z
foreign_employment,2021,令和３年10月末現在,都道府県,香川,香川,102,うち派遣・請負事業所,所,2021_000887556.xlsx,別表２,2026-09-07T13:45:09Z
foreign_employment,2021,令和３年10月末現在,都道府県,香川,香川,9955,外国人労働者数,人,2021_000887556.xlsx,別表２,2026-09-07T13:45:09Z
foreign_employment,2021,令和３年10月末現在,都道府県,香川,香川,779,うち派遣・請負労働者,人,2021_000887556.xlsx,別表２,2026-09-07T13:45:09Z
foreign_employment,2021,令和３年10月末現在,都道府県,愛媛,愛媛,1919,事業所数,所,2021_000887556.xlsx,別表２,2026-09-07T13:45:09Z
foreign_employment,2021,令和３年10月末現在,都道府県,愛媛,愛媛,209,うち派遣・請負事業所,所,2021_000887556.xlsx,別表２,2026-09-07T13:45:09Z
foreign_employment,2021,令和３年10月末現在,都道府県,愛媛,愛媛,9569,外国人労働者数,人,2021_000887556.xlsx,別表２,2026-09-07T13:45:09Z
foreign_employment,2021,令和３年10月末現在,都道府県,愛媛,愛媛,1319,うち派遣・請負労働者,人,2021_000887556.xlsx,別表２,2026-09-07T13:45:09Z
foreign_employment,2021,令和３年10月末現在,都道府県,高知,高知,913,事業所数,所,2021_000887556.xlsx,別表２,2026-09-07T13:45:09Z
foreign_employment,2021,令和３年10月末現在,都道府県,高知,高知,24,うち派遣・請負事業所,所,2021_000887556.xlsx,別表２,2026-09-07T13:45:09Z
foreign_employment,2021,令和３年10月末現在,都道府県,高知,高知,3391,外国人労働者数,人,2021_000887556.xlsx,別表２,2026-09-07T13:45:09Z
foreign_employment,2021,令和３年10月末現在,都道府県,高知,高知,74,うち派遣・請負労働者,人,2021_000887556.xlsx,別表２,2026-09-07T13:45:09Z
foreign_employment,2021,令和３年10月末現在,都道府県,福岡,福岡,10420,事業所数,所,2021_000887556.xlsx,別表２,2026-09-07T13:45:09Z
foreign_employment,2021,令和３年10月末現在,都道府県,福岡,福岡,598,うち派遣・請負事業所,所,2021_000887556.xlsx,別表２,2026-09-07T13:45:09Z
foreign_employment,2021,令和３年10月末現在,都道府県,福岡,福岡,53948,外国人労働者数,人,2021_000887556.xlsx,別表２,2026-09-07T13:45:09Z
foreign_employment,2021,令和３年10月末現在,都道府県,福岡,福岡,8852,うち派遣・請負労働者,人,2021_000887556.xlsx,別表２,2026-09-07T13:45:09Z
foreign_employment,2021,令和３年10月末現在,都道府県,佐賀,佐賀,973,事業所数,所,2021_000887556.xlsx,別表２,2026-09-07T13:45:09Z
foreign_employment,2021,令和３年10月末現在,都道府県,佐賀,佐賀,31,うち派遣・請負事業所,所,2021_000887556.xlsx,別表２,2026-09-07T13:45:09Z
foreign_employment,2021,令和３年10月末現在,都道府県,佐賀,佐賀,5391,外国人労働者数,人,2021_000887556.xlsx,別表２,2026-09-07T13:45:09Z
foreign_employment,2021,令和３年10月末現在,都道府県,佐賀,佐賀,277,うち派遣・請負労働者,人,2021_000887556.xlsx,別表２,2026-09-07T13:45:09Z
foreign_employment,2021,令和３年10月末現在,都道府県,長崎,長崎,1434,事業所数,所,2021_000887556.xlsx,別表２,2026-09-07T13:45:09Z
foreign_employment,2021,令和３年10月末現在,都道府県,長崎,長崎,67,うち派遣・請負事業所,所,2021_000887556.xlsx,別表２,2026-09-07T13:45:09Z
foreign_employment,2021,令和３年10月末現在,都道府県,長崎,長崎,5782,外国人労働者数,人,2021_000887556.xlsx,別表２,2026-09-07T13:45:09Z
foreign_employment,2021,令和３年10月末現在,都道府県,長崎,長崎,340,うち派遣・請負労働者,人,2021_000887556.xlsx,別表２,2026-09-07T13:45:09Z
foreign_employment,2021,令和３年10月末現在,都道府県,熊本,熊本,3064,事業所数,所,2021_000887556.xlsx,別表２,2026-09-07T13:45:09Z
foreign_employment,2021,令和３年10月末現在,都道府県,熊本,熊本,107,うち派遣・請負事業所,所,2021_000887556.xlsx,別表２,2026-09-07T13:45:09Z
foreign_employment,2021,令和３年10月末現在,都道府県,熊本,熊本,13013,外国人労働者数,人,2021_000887556.xlsx,別表２,2026-09-07T13:45:09Z
foreign_employment,2021,令和３年10月末現在,都道府県,熊本,熊本,957,うち派遣・請負労働者,人,2021_000887556.xlsx,別表２,2026-09-07T13:45:09Z
foreign_employment,2021,令和３年10月末現在,都道府県,大分,大分,1660,事業所数,所,2021_000887556.xlsx,別表２,2026-09-07T13:45:09Z
foreign_employment,2021,令和３年10月末現在,都道府県,大分,大分,48,うち派遣・請負事業所,所,2021_000887556.xlsx,別表２,2026-09-07T13:45:09Z
foreign_employment,2021,令和３年10月末現在,都道府県,大分,大分,7313,外国人労働者数,人,2021_000887556.xlsx,別表２,2026-09-07T13:45:09Z
foreign_employment,2021,令和３年10月末現在,都道府県,大分,大分,336,うち派遣・請負労働者,人,2021_000887556.xlsx,別表２,2026-09-07T13:45:09Z
foreign_employment,2021,令和３年10月末現在,都道府県,宮崎,宮崎,1197,事業所数,所,2021_000887556.xlsx,別表２,2026-09-07T13:45:09Z
foreign_employment,2021,令和３年10月末現在,都道府県,宮崎,宮崎,21,うち派遣・請負事業所,所,2021_000887556.xlsx,別表２,2026-09-07T13:45:09Z
foreign_employment,2021,令和３年10月末現在,都道府県,宮崎,宮崎,5236,外国人労働者数,人,2021_000887556.xlsx,別表２,2026-09-07T13:45:09Z
foreign_employment,2021,令和３年10月末現在,都道府県,宮崎,宮崎,88,うち派遣・請負労働者,人,2021_000887556.xlsx,別表２,2026-09-07T13:45:09Z
foreign_employment,2021,令和３年10月末現在,都道府県,鹿児島,鹿児島,1862,事業所数,所,2021_000887556.xlsx,別表２,2026-09-07T13:45:09Z
foreign_employment,2021,令和３年10月末現在,都道府県,鹿児島,鹿児島,77,うち派遣・請負事業所,所,2021_000887556.xlsx,別表２,2026-09-07T13:45:09Z
foreign_employment,2021,令和３年10月末現在,都道府県,鹿児島,鹿児島,8880,外国人労働者数,人,2021_000887556.xlsx,別表２,2026-09-07T13:45:09Z
foreign_employment,2021,令和３年10月末現在,都道府県,鹿児島,鹿児島,496,うち派遣・請負労働者,人,2021_000887556.xlsx,別表２,2026-09-07T13:45:09Z
foreign_employment,2021,令和３年10月末現在,都道府県,沖縄,沖縄,2555,事業所数,所,2021_000887556.xlsx,別表２,2026-09-07T13:45:09Z
foreign_employment,2021,令和３年10月末現在,都道府県,沖縄,沖縄,141,うち派遣・請負事業所,所,2021_000887556.xlsx,別表２,2026-09-07T13:45:09Z
foreign_employment,2021,令和３年10月末現在,都道府県,沖縄,沖縄,10498,外国人労働者数,人,2021_000887556.xlsx,別表２,2026-09-07T13:45:09Z
foreign_employment,2021,令和３年10月末現在,都道府県,沖縄,沖縄,1300,うち派遣・請負労働者,人,2021_000887556.xlsx,別表２,2026-09-07T13:45:09Z
foreign_employment,2021,令和３年10月末現在,産業,全産業計,全産業計,285080,事業所数,所,2021_000887556.xlsx,別表４,2026-09-07T13:45:09Z
foreign_employment,2021,令和３年10月末現在,産業,全産業計,全産業計,19226,うち派遣・請負事業所,所,2021_000887556.xlsx,別表４,2026-09-07T13:45:09Z
foreign_employment,2021,令和３年10月末現在,産業,全産業計,全産業計,1727221,外国人労働者数,人,2021_000887556.xlsx,別表４,2026-09-07T13:45:09Z
foreign_employment,2021,令和３年10月末現在,産業,全産業計,全産業計,343532,うち派遣・請負労働者,人,2021_000887556.xlsx,別表４,2026-09-07T13:45:09Z
foreign_employment,2021,令和３年10月末現在,産業,農業、林業,農業、林業,11024,事業所数,所,2021_000887556.xlsx,別表４,2026-09-07T13:45:09Z
foreign_employment,2021,令和３年10月末現在,産業,農業、林業,農業、林業,178,うち派遣・請負事業所,所,2021_000887556.xlsx,別表４,2026-09-07T13:45:09Z
foreign_employment,2021,令和３年10月末現在,産業,農業、林業,農業、林業,38693,外国人労働者数,人,2021_000887556.xlsx,別表４,2026-09-07T13:45:09Z
foreign_employment,2021,令和３年10月末現在,産業,農業、林業,農業、林業,876,うち派遣・請負労働者,人,2021_000887556.xlsx,別表４,2026-09-07T13:45:09Z
foreign_employment,2021,令和３年10月末現在,産業,漁業,漁業,973,事業所数,所,2021_000887556.xlsx,別表４,2026-09-07T13:45:09Z
foreign_employment,2021,令和３年10月末現在,産業,漁業,漁業,7,うち派遣・請負事業所,所,2021_000887556.xlsx,別表４,2026-09-07T13:45:09Z
foreign_employment,2021,令和３年10月末現在,産業,漁業,漁業,3508,外国人労働者数,人,2021_000887556.xlsx,別表４,2026-09-07T13:45:09Z
foreign_employment,2021,令和３年10月末現在,産業,漁業,漁業,33,うち派遣・請負労働者,人,2021_000887556.xlsx,別表４,2026-09-07T13:45:09Z
foreign_employment,2021,令和３年10月末現在,産業,鉱業、採石業、砂利採取業,鉱業、採石業、砂利採取業,94,事業所数,所,2021_000887556.xlsx,別表４,2026-09-07T13:45:09Z
foreign_employment,2021,令和３年10月末現在,産業,鉱業、採石業、砂利採取業,鉱業、採石業、砂利採取業,4,うち派遣・請負事業所,所,2021_000887556.xlsx,別表４,2026-09-07T13:45:09Z
foreign_employment,2021,令和３年10月末現在,産業,鉱業、採石業、砂利採取業,鉱業、採石業、砂利採取業,350,外国人労働者数,人,2021_000887556.xlsx,別表４,2026-09-07T13:45:09Z
foreign_employment,2021,令和３年10月末現在,産業,鉱業、採石業、砂利採取業,鉱業、採石業、砂利採取業,36,うち派遣・請負労働者,人,2021_000887556.xlsx,別表４,2026-09-07T13:45:09Z
foreign_employment,2021,令和３年10月末現在,産業,建設業,建設業,33608,事業所数,所,2021_000887556.xlsx,別表４,2026-09-07T13:45:09Z
foreign_employment,2021,令和３年10月末現在,産業,建設業,建設業,1550,うち派遣・請負事業所,所,2021_000887556.xlsx,別表４,2026-09-07T13:45:09Z
foreign_employment,2021,令和３年10月末現在,産業,建設業,建設業,110018,外国人労働者数,人,2021_000887556.xlsx,別表４,2026-09-07T13:45:09Z
foreign_employment,2021,令和３年10月末現在,産業,建設業,建設業,6719,うち派遣・請負労働者,人,2021_000887556.xlsx,別表４,2026-09-07T13:45:09Z
foreign_employment,2021,令和３年10月末現在,産業,製造業,製造業,52363,事業所数,所,2021_000887556.xlsx,別表４,2026-09-07T13:45:09Z
foreign_employment,2021,令和３年10月末現在,産業,製造業,製造業,4071,うち派遣・請負事業所,所,2021_000887556.xlsx,別表４,2026-09-07T13:45:09Z
foreign_employment,2021,令和３年10月末現在,産業,製造業,製造業,465729,外国人労働者数,人,2021_000887556.xlsx,別表４,2026-09-07T13:45:09Z
foreign_employment,2021,令和３年10月末現在,産業,製造業,製造業,69461,うち派遣・請負労働者,人,2021_000887556.xlsx,別表４,2026-09-07T13:45:09Z
foreign_employment,2021,令和３年10月末現在,産業,電気・ガス・熱供給・水道業,電気・ガス・熱供給・水道業,186,事業所数,所,2021_000887556.xlsx,別表４,2026-09-07T13:45:09Z
foreign_employment,2021,令和３年10月末現在,産業,電気・ガス・熱供給・水道業,電気・ガス・熱供給・水道業,13,うち派遣・請負事業所,所,2021_000887556.xlsx,別表４,2026-09-07T13:45:09Z
foreign_employment,2021,令和３年10月末現在,産業,電気・ガス・熱供給・水道業,電気・ガス・熱供給・水道業,585,外国人労働者数,人,2021_000887556.xlsx,別表４,2026-09-07T13:45:09Z
foreign_employment,2021,令和３年10月末現在,産業,電気・ガス・熱供給・水道業,電気・ガス・熱供給・水道業,51,うち派遣・請負労働者,人,2021_000887556.xlsx,別表４,2026-09-07T13:45:09Z
foreign_employment,2021,令和３年10月末現在,産業,情報通信業,情報通信業,12180,事業所数,所,2021_000887556.xlsx,別表４,2026-09-07T13:45:09Z
foreign_employment,2021,令和３年10月末現在,産業,情報通信業,情報通信業,1125,うち派遣・請負事業所,所,2021_000887556.xlsx,別表４,2026-09-07T13:45:09Z
foreign_employment,2021,令和３年10月末現在,産業,情報通信業,情報通信業,70608,外国人労働者数,人,2021_000887556.xlsx,別表４,2026-09-07T13:45:09Z
foreign_employment,2021,令和３年10月末現在,産業,情報通信業,情報通信業,10808,うち派遣・請負労働者,人,2021_000887556.xlsx,別表４,2026-09-07T13:45:09Z
foreign_employment,2021,令和３年10月末現在,産業,運輸業、郵便業,運輸業、郵便業,8510,事業所数,所,2021_000887556.xlsx,別表４,2026-09-07T13:45:09Z
foreign_employment,2021,令和３年10月末現在,産業,運輸業、郵便業,運輸業、郵便業,581,うち派遣・請負事業所,所,2021_000887556.xlsx,別表４,2026-09-07T13:45:09Z
foreign_employment,2021,令和３年10月末現在,産業,運輸業、郵便業,運輸業、郵便業,63379,外国人労働者数,人,2021_000887556.xlsx,別表４,2026-09-07T13:45:09Z
foreign_employment,2021,令和３年10月末現在,産業,運輸業、郵便業,運輸業、郵便業,11309,うち派遣・請負労働者,人,2021_000887556.xlsx,別表４,2026-09-07T13:45:09Z
foreign_employment,2021,令和３年10月末現在,産業,卸売業、小売業,卸売業、小売業,52726,事業所数,所,2021_000887556.xlsx,別表４,2026-09-07T13:45:09Z
foreign_employment,2021,令和３年10月末現在,産業,卸売業、小売業,卸売業、小売業,1290,うち派遣・請負事業所,所,2021_000887556.xlsx,別表４,2026-09-07T13:45:09Z
foreign_employment,2021,令和３年10月末現在,産業,卸売業、小売業,卸売業、小売業,228998,外国人労働者数,人,2021_000887556.xlsx,別表４,2026-09-07T13:45:09Z
foreign_employment,2021,令和３年10月末現在,産業,卸売業、小売業,卸売業、小売業,9848,うち派遣・請負労働者,人,2021_000887556.xlsx,別表４,2026-09-07T13:45:09Z
foreign_employment,2021,令和３年10月末現在,産業,金融業、保険業,金融業、保険業,1537,事業所数,所,2021_000887556.xlsx,別表４,2026-09-07T13:45:09Z
foreign_employment,2021,令和３年10月末現在,産業,金融業、保険業,金融業、保険業,63,うち派遣・請負事業所,所,2021_000887556.xlsx,別表４,2026-09-07T13:45:09Z
foreign_employment,2021,令和３年10月末現在,産業,金融業、保険業,金融業、保険業,10658,外国人労働者数,人,2021_000887556.xlsx,別表４,2026-09-07T13:45:09Z
foreign_employment,2021,令和３年10月末現在,産業,金融業、保険業,金融業、保険業,878,うち派遣・請負労働者,人,2021_000887556.xlsx,別表４,2026-09-07T13:45:09Z
foreign_employment,2021,令和３年10月末現在,産業,不動産業、物品賃貸業,不動産業、物品賃貸業,3861,事業所数,所,2021_000887556.xlsx,別表４,2026-09-07T13:45:09Z
foreign_employment,2021,令和３年10月末現在,産業,不動産業、物品賃貸業,不動産業、物品賃貸業,140,うち派遣・請負事業所,所,2021_000887556.xlsx,別表４,2026-09-07T13:45:09Z
foreign_employment,2021,令和３年10月末現在,産業,不動産業、物品賃貸業,不動産業、物品賃貸業,15134,外国人労働者数,人,2021_000887556.xlsx,別表４,2026-09-07T13:45:09Z
foreign_employment,2021,令和３年10月末現在,産業,不動産業、物品賃貸業,不動産業、物品賃貸業,1866,うち派遣・請負労働者,人,2021_000887556.xlsx,別表４,2026-09-07T13:45:09Z
foreign_employment,2021,令和３年10月末現在,産業,学術研究、専門・技術サービス業,学術研究、専門・技術サービス業,11256,事業所数,所,2021_000887556.xlsx,別表４,2026-09-07T13:45:09Z
foreign_employment,2021,令和３年10月末現在,産業,学術研究、専門・技術サービス業,学術研究、専門・技術サービス業,749,うち派遣・請負事業所,所,2021_000887556.xlsx,別表４,2026-09-07T13:45:09Z
foreign_employment,2021,令和３年10月末現在,産業,学術研究、専門・技術サービス業,学術研究、専門・技術サービス業,59360,外国人労働者数,人,2021_000887556.xlsx,別表４,2026-09-07T13:45:09Z
foreign_employment,2021,令和３年10月末現在,産業,学術研究、専門・技術サービス業,学術研究、専門・技術サービス業,13759,うち派遣・請負労働者,人,2021_000887556.xlsx,別表４,2026-09-07T13:45:09Z
foreign_employment,2021,令和３年10月末現在,産業,宿泊業、飲食サービス業,宿泊業、飲食サービス業,40692,事業所数,所,2021_000887556.xlsx,別表４,2026-09-07T13:45:09Z
foreign_employment,2021,令和３年10月末現在,産業,宿泊業、飲食サービス業,宿泊業、飲食サービス業,726,うち派遣・請負事業所,所,2021_000887556.xlsx,別表４,2026-09-07T13:45:09Z
foreign_employment,2021,令和３年10月末現在,産業,宿泊業、飲食サービス業,宿泊業、飲食サービス業,203492,外国人労働者数,人,2021_000887556.xlsx,別表４,2026-09-07T13:45:09Z
foreign_employment,2021,令和３年10月末現在,産業,宿泊業、飲食サービス業,宿泊業、飲食サービス業,7328,うち派遣・請負労働者,人,2021_000887556.xlsx,別表４,2026-09-07T13:45:09Z
foreign_employment,2021,令和３年10月末現在,産業,生活関連サービス業、娯楽業,生活関連サービス業、娯楽業,5566,事業所数,所,2021_000887556.xlsx,別表４,2026-09-07T13:45:09Z
foreign_employment,2021,令和３年10月末現在,産業,生活関連サービス業、娯楽業,生活関連サービス業、娯楽業,244,うち派遣・請負事業所,所,2021_000887556.xlsx,別表４,2026-09-07T13:45:09Z
foreign_employment,2021,令和３年10月末現在,産業,生活関連サービス業、娯楽業,生活関連サービス業、娯楽業,23013,外国人労働者数,人,2021_000887556.xlsx,別表４,2026-09-07T13:45:09Z
foreign_employment,2021,令和３年10月末現在,産業,生活関連サービス業、娯楽業,生活関連サービス業、娯楽業,3272,うち派遣・請負労働者,人,2021_000887556.xlsx,別表４,2026-09-07T13:45:09Z
foreign_employment,2021,令和３年10月末現在,産業,教育、学習支援業,教育、学習支援業,6991,事業所数,所,2021_000887556.xlsx,別表４,2026-09-07T13:45:09Z
foreign_employment,2021,令和３年10月末現在,産業,教育、学習支援業,教育、学習支援業,254,うち派遣・請負事業所,所,2021_000887556.xlsx,別表４,2026-09-07T13:45:09Z
foreign_employment,2021,令和３年10月末現在,産業,教育、学習支援業,教育、学習支援業,73506,外国人労働者数,人,2021_000887556.xlsx,別表４,2026-09-07T13:45:09Z
foreign_employment,2021,令和３年10月末現在,産業,教育、学習支援業,教育、学習支援業,5145,うち派遣・請負労働者,人,2021_000887556.xlsx,別表４,2026-09-07T13:45:09Z
foreign_employment,2021,令和３年10月末現在,産業,医療、福祉,医療、福祉,16455,事業所数,所,2021_000887556.xlsx,別表４,2026-09-07T13:45:09Z
foreign_employment,2021,令和３年10月末現在,産業,医療、福祉,医療、福祉,454,うち派遣・請負事業所,所,2021_000887556.xlsx,別表４,2026-09-07T13:45:09Z
foreign_employment,2021,令和３年10月末現在,産業,医療、福祉,医療、福祉,57788,外国人労働者数,人,2021_000887556.xlsx,別表４,2026-09-07T13:45:09Z
foreign_employment,2021,令和３年10月末現在,産業,医療、福祉,医療、福祉,2223,うち派遣・請負労働者,人,2021_000887556.xlsx,別表４,2026-09-07T13:45:09Z
foreign_employment,2021,令和３年10月末現在,産業,複合サービス事業,複合サービス事業,1463,事業所数,所,2021_000887556.xlsx,別表４,2026-09-07T13:45:09Z
foreign_employment,2021,令和３年10月末現在,産業,複合サービス事業,複合サービス事業,59,うち派遣・請負事業所,所,2021_000887556.xlsx,別表４,2026-09-07T13:45:09Z
foreign_employment,2021,令和３年10月末現在,産業,複合サービス事業,複合サービス事業,5140,外国人労働者数,人,2021_000887556.xlsx,別表４,2026-09-07T13:45:09Z
foreign_employment,2021,令和３年10月末現在,産業,複合サービス事業,複合サービス事業,628,うち派遣・請負労働者,人,2021_000887556.xlsx,別表４,2026-09-07T13:45:09Z
foreign_employment,2021,令和３年10月末現在,産業,サービス業（他に分類されないもの）,サービス業（他に分類されないもの）,22625,事業所数,所,2021_000887556.xlsx,別表４,2026-09-07T13:45:09Z
foreign_employment,2021,令和３年10月末現在,産業,サービス業（他に分類されないもの）,サービス業（他に分類されないもの）,7559,うち派遣・請負事業所,所,2021_000887556.xlsx,別表４,2026-09-07T13:45:09Z
foreign_employment,2021,令和３年10月末現在,産業,サービス業（他に分類されないもの）,サービス業（他に分類されないもの）,282127,外国人労働者数,人,2021_000887556.xlsx,別表４,2026-09-07T13:45:09Z
foreign_employment,2021,令和３年10月末現在,産業,サービス業（他に分類されないもの）,サービス業（他に分類されないもの）,197583,うち派遣・請負労働者,人,2021_000887556.xlsx,別表４,2026-09-07T13:45:09Z
foreign_employment,2021,令和３年10月末現在,産業,公務（他に分類されるものを除く）,公務（他に分類されるものを除く）,1899,事業所数,所,2021_000887556.xlsx,別表４,2026-09-07T13:45:09Z
foreign_employment,2021,令和３年10月末現在,産業,公務（他に分類されるものを除く）,公務（他に分類されるものを除く）,73,うち派遣・請負事業所,所,2021_000887556.xlsx,別表４,2026-09-07T13:45:09Z
foreign_employment,2021,令和３年10月末現在,産業,公務（他に分類されるものを除く）,公務（他に分類されるものを除く）,9732,外国人労働者数,人,2021_000887556.xlsx,別表４,2026-09-07T13:45:09Z
foreign_employment,2021,令和３年10月末現在,産業,公務（他に分類されるものを除く）,公務（他に分類されるものを除く）,794,うち派遣・請負労働者,人,2021_000887556.xlsx,別表４,2026-09-07T13:45:09Z
foreign_employment,2021,令和３年10月末現在,産業,分類不能の産業,分類不能の産業,1071,事業所数,所,2021_000887556.xlsx,別表４,2026-09-07T13:45:09Z
foreign_employment,2021,令和３年10月末現在,産業,分類不能の産業,分類不能の産業,86,うち派遣・請負事業所,所,2021_000887556.xlsx,別表４,2026-09-07T13:45:09Z
foreign_employment,2021,令和３年10月末現在,産業,分類不能の産業,分類不能の産業,5403,外国人労働者数,人,2021_000887556.xlsx,別表４,2026-09-07T13:45:09Z
foreign_employment,2021,令和３年10月末現在,産業,分類不能の産業,分類不能の産業,915,うち派遣・請負労働者,人,2021_000887556.xlsx,別表４,2026-09-07T13:45:09Z
foreign_employment,2021,令和３年10月末現在,在留資格,"①専門的・技術的分野の
　在留資格","①専門的・技術的分野の
　在留資格",394509,外国人労働者数,人,2021_000887556.xlsx,別表６,2026-09-07T13:45:09Z
foreign_employment,2021,令和３年10月末現在,在留資格,②特定活動,②特定活動,65928,外国人労働者数,人,2021_000887556.xlsx,別表６,2026-09-07T13:45:09Z
foreign_employment,2021,令和３年10月末現在,在留資格,③技能実習,③技能実習,351788,外国人労働者数,人,2021_000887556.xlsx,別表６,2026-09-07T13:45:09Z
foreign_employment,2021,令和３年10月末現在,在留資格,④資格外活動,④資格外活動,334603,外国人労働者数,人,2021_000887556.xlsx,別表６,2026-09-07T13:45:09Z
foreign_employment,2021,令和３年10月末現在,在留資格,⑤身分に基づく在留資格　,⑤身分に基づく在留資格　,580328,外国人労働者数,人,2021_000887556.xlsx,別表６,2026-09-07T13:45:09Z
foreign_employment,2021,令和３年10月末現在,在留資格,⑥不明,⑥不明,65,外国人労働者数,人,2021_000887556.xlsx,別表６,2026-09-07T13:45:09Z
foreign_employment,2022,令和４年10月末現在,総数,全国計,全国計,298790,事業所数,所,2022_001044545.xlsx,別表２,2026-09-07T13:45:09Z
foreign_employment,2022,令和４年10月末現在,総数,全国計,全国計,19290,うち派遣・請負事業所,所,2022_001044545.xlsx,別表２,2026-09-07T13:45:09Z
foreign_employment,2022,令和４年10月末現在,総数,全国計,全国計,1822725,外国人労働者数,人,2022_001044545.xlsx,別表２,2026-09-07T13:45:09Z
foreign_employment,2022,令和４年10月末現在,総数,全国計,全国計,350383,うち派遣・請負労働者,人,2022_001044545.xlsx,別表２,2026-09-07T13:45:09Z
foreign_employment,2022,令和４年10月末現在,都道府県,北海道,北海道,6168,事業所数,所,2022_001044545.xlsx,別表２,2026-09-07T13:45:09Z
foreign_employment,2022,令和４年10月末現在,都道府県,北海道,北海道,188,うち派遣・請負事業所,所,2022_001044545.xlsx,別表２,2026-09-07T13:45:09Z
foreign_employment,2022,令和４年10月末現在,都道府県,北海道,北海道,27813,外国人労働者数,人,2022_001044545.xlsx,別表２,2026-09-07T13:45:09Z
foreign_employment,2022,令和４年10月末現在,都道府県,北海道,北海道,1026,うち派遣・請負労働者,人,2022_001044545.xlsx,別表２,2026-09-07T13:45:09Z
foreign_employment,2022,令和４年10月末現在,都道府県,青森,青森,871,事業所数,所,2022_001044545.xlsx,別表２,2026-09-07T13:45:09Z
foreign_employment,2022,令和４年10月末現在,都道府県,青森,青森,18,うち派遣・請負事業所,所,2022_001044545.xlsx,別表２,2026-09-07T13:45:09Z
foreign_employment,2022,令和４年10月末現在,都道府県,青森,青森,4340,外国人労働者数,人,2022_001044545.xlsx,別表２,2026-09-07T13:45:09Z
foreign_employment,2022,令和４年10月末現在,都道府県,青森,青森,43,うち派遣・請負労働者,人,2022_001044545.xlsx,別表２,2026-09-07T13:45:09Z
foreign_employment,2022,令和４年10月末現在,都道府県,岩手,岩手,1107,事業所数,所,2022_001044545.xlsx,別表２,2026-09-07T13:45:09Z
foreign_employment,2022,令和４年10月末現在,都道府県,岩手,岩手,40,うち派遣・請負事業所,所,2022_001044545.xlsx,別表２,2026-09-07T13:45:09Z
foreign_employment,2022,令和４年10月末現在,都道府県,岩手,岩手,5747,外国人労働者数,人,2022_001044545.xlsx,別表２,2026-09-07T13:45:09Z
foreign_employment,2022,令和４年10月末現在,都道府県,岩手,岩手,355,うち派遣・請負労働者,人,2022_001044545.xlsx,別表２,2026-09-07T13:45:09Z
foreign_employment,2022,令和４年10月末現在,都道府県,宮城,宮城,2717,事業所数,所,2022_001044545.xlsx,別表２,2026-09-07T13:45:09Z
foreign_employment,2022,令和４年10月末現在,都道府県,宮城,宮城,139,うち派遣・請負事業所,所,2022_001044545.xlsx,別表２,2026-09-07T13:45:09Z
foreign_employment,2022,令和４年10月末現在,都道府県,宮城,宮城,14778,外国人労働者数,人,2022_001044545.xlsx,別表２,2026-09-07T13:45:09Z
foreign_employment,2022,令和４年10月末現在,都道府県,宮城,宮城,1652,うち派遣・請負労働者,人,2022_001044545.xlsx,別表２,2026-09-07T13:45:09Z
foreign_employment,2022,令和４年10月末現在,都道府県,秋田,秋田,605,事業所数,所,2022_001044545.xlsx,別表２,2026-09-07T13:45:09Z
foreign_employment,2022,令和４年10月末現在,都道府県,秋田,秋田,7,うち派遣・請負事業所,所,2022_001044545.xlsx,別表２,2026-09-07T13:45:09Z
foreign_employment,2022,令和４年10月末現在,都道府県,秋田,秋田,2498,外国人労働者数,人,2022_001044545.xlsx,別表２,2026-09-07T13:45:09Z
foreign_employment,2022,令和４年10月末現在,都道府県,秋田,秋田,27,うち派遣・請負労働者,人,2022_001044545.xlsx,別表２,2026-09-07T13:45:09Z
foreign_employment,2022,令和４年10月末現在,都道府県,山形,山形,1096,事業所数,所,2022_001044545.xlsx,別表２,2026-09-07T13:45:09Z
foreign_employment,2022,令和４年10月末現在,都道府県,山形,山形,56,うち派遣・請負事業所,所,2022_001044545.xlsx,別表２,2026-09-07T13:45:09Z
foreign_employment,2022,令和４年10月末現在,都道府県,山形,山形,4600,外国人労働者数,人,2022_001044545.xlsx,別表２,2026-09-07T13:45:09Z
foreign_employment,2022,令和４年10月末現在,都道府県,山形,山形,456,うち派遣・請負労働者,人,2022_001044545.xlsx,別表２,2026-09-07T13:45:09Z
foreign_employment,2022,令和４年10月末現在,都道府県,福島,福島,2127,事業所数,所,2022_001044545.xlsx,別表２,2026-09-07T13:45:09Z
foreign_employment,2022,令和４年10月末現在,都道府県,福島,福島,177,うち派遣・請負事業所,所,2022_001044545.xlsx,別表２,2026-09-07T13:45:09Z
foreign_employment,2022,令和４年10月末現在,都道府県,福島,福島,9928,外国人労働者数,人,2022_001044545.xlsx,別表２,2026-09-07T13:45:09Z
foreign_employment,2022,令和４年10月末現在,都道府県,福島,福島,1452,うち派遣・請負労働者,人,2022_001044545.xlsx,別表２,2026-09-07T13:45:09Z
foreign_employment,2022,令和４年10月末現在,都道府県,茨城,茨城,7925,事業所数,所,2022_001044545.xlsx,別表２,2026-09-07T13:45:09Z
foreign_employment,2022,令和４年10月末現在,都道府県,茨城,茨城,455,うち派遣・請負事業所,所,2022_001044545.xlsx,別表２,2026-09-07T13:45:09Z
foreign_employment,2022,令和４年10月末現在,都道府県,茨城,茨城,48392,外国人労働者数,人,2022_001044545.xlsx,別表２,2026-09-07T13:45:09Z
foreign_employment,2022,令和４年10月末現在,都道府県,茨城,茨城,9125,うち派遣・請負労働者,人,2022_001044545.xlsx,別表２,2026-09-07T13:45:09Z
foreign_employment,2022,令和４年10月末現在,都道府県,栃木,栃木,4399,事業所数,所,2022_001044545.xlsx,別表２,2026-09-07T13:45:09Z
foreign_employment,2022,令和４年10月末現在,都道府県,栃木,栃木,448,うち派遣・請負事業所,所,2022_001044545.xlsx,別表２,2026-09-07T13:45:09Z
foreign_employment,2022,令和４年10月末現在,都道府県,栃木,栃木,29826,外国人労働者数,人,2022_001044545.xlsx,別表２,2026-09-07T13:45:09Z
foreign_employment,2022,令和４年10月末現在,都道府県,栃木,栃木,9500,うち派遣・請負労働者,人,2022_001044545.xlsx,別表２,2026-09-07T13:45:09Z
foreign_employment,2022,令和４年10月末現在,都道府県,群馬,群馬,5526,事業所数,所,2022_001044545.xlsx,別表２,2026-09-07T13:45:09Z
foreign_employment,2022,令和４年10月末現在,都道府県,群馬,群馬,439,うち派遣・請負事業所,所,2022_001044545.xlsx,別表２,2026-09-07T13:45:09Z
foreign_employment,2022,令和４年10月末現在,都道府県,群馬,群馬,45112,外国人労働者数,人,2022_001044545.xlsx,別表２,2026-09-07T13:45:09Z
foreign_employment,2022,令和４年10月末現在,都道府県,群馬,群馬,15401,うち派遣・請負労働者,人,2022_001044545.xlsx,別表２,2026-09-07T13:45:09Z
foreign_employment,2022,令和４年10月末現在,都道府県,埼玉,埼玉,15512,事業所数,所,2022_001044545.xlsx,別表２,2026-09-07T13:45:09Z
foreign_employment,2022,令和４年10月末現在,都道府県,埼玉,埼玉,868,うち派遣・請負事業所,所,2022_001044545.xlsx,別表２,2026-09-07T13:45:09Z
foreign_employment,2022,令和４年10月末現在,都道府県,埼玉,埼玉,92936,外国人労働者数,人,2022_001044545.xlsx,別表２,2026-09-07T13:45:09Z
foreign_employment,2022,令和４年10月末現在,都道府県,埼玉,埼玉,19219,うち派遣・請負労働者,人,2022_001044545.xlsx,別表２,2026-09-07T13:45:09Z
foreign_employment,2022,令和４年10月末現在,都道府県,千葉,千葉,12805,事業所数,所,2022_001044545.xlsx,別表２,2026-09-07T13:45:09Z
foreign_employment,2022,令和４年10月末現在,都道府県,千葉,千葉,620,うち派遣・請負事業所,所,2022_001044545.xlsx,別表２,2026-09-07T13:45:09Z
foreign_employment,2022,令和４年10月末現在,都道府県,千葉,千葉,69106,外国人労働者数,人,2022_001044545.xlsx,別表２,2026-09-07T13:45:09Z
foreign_employment,2022,令和４年10月末現在,都道府県,千葉,千葉,8738,うち派遣・請負労働者,人,2022_001044545.xlsx,別表２,2026-09-07T13:45:09Z
foreign_employment,2022,令和４年10月末現在,都道府県,東京,東京,76211,事業所数,所,2022_001044545.xlsx,別表２,2026-09-07T13:45:09Z
foreign_employment,2022,令和４年10月末現在,都道府県,東京,東京,4799,うち派遣・請負事業所,所,2022_001044545.xlsx,別表２,2026-09-07T13:45:09Z
foreign_employment,2022,令和４年10月末現在,都道府県,東京,東京,500089,外国人労働者数,人,2022_001044545.xlsx,別表２,2026-09-07T13:45:09Z
foreign_employment,2022,令和４年10月末現在,都道府県,東京,東京,80820,うち派遣・請負労働者,人,2022_001044545.xlsx,別表２,2026-09-07T13:45:09Z
foreign_employment,2022,令和４年10月末現在,都道府県,神奈川,神奈川,19503,事業所数,所,2022_001044545.xlsx,別表２,2026-09-07T13:45:09Z
foreign_employment,2022,令和４年10月末現在,都道府県,神奈川,神奈川,1508,うち派遣・請負事業所,所,2022_001044545.xlsx,別表２,2026-09-07T13:45:09Z
foreign_employment,2022,令和４年10月末現在,都道府県,神奈川,神奈川,105973,外国人労働者数,人,2022_001044545.xlsx,別表２,2026-09-07T13:45:09Z
foreign_employment,2022,令和４年10月末現在,都道府県,神奈川,神奈川,18647,うち派遣・請負労働者,人,2022_001044545.xlsx,別表２,2026-09-07T13:45:09Z
foreign_employment,2022,令和４年10月末現在,都道府県,新潟,新潟,2237,事業所数,所,2022_001044545.xlsx,別表２,2026-09-07T13:45:09Z
foreign_employment,2022,令和４年10月末現在,都道府県,新潟,新潟,101,うち派遣・請負事業所,所,2022_001044545.xlsx,別表２,2026-09-07T13:45:09Z
foreign_employment,2022,令和４年10月末現在,都道府県,新潟,新潟,10705,外国人労働者数,人,2022_001044545.xlsx,別表２,2026-09-07T13:45:09Z
foreign_employment,2022,令和４年10月末現在,都道府県,新潟,新潟,1186,うち派遣・請負労働者,人,2022_001044545.xlsx,別表２,2026-09-07T13:45:09Z
foreign_employment,2022,令和４年10月末現在,都道府県,富山,富山,2207,事業所数,所,2022_001044545.xlsx,別表２,2026-09-07T13:45:09Z
foreign_employment,2022,令和４年10月末現在,都道府県,富山,富山,130,うち派遣・請負事業所,所,2022_001044545.xlsx,別表２,2026-09-07T13:45:09Z
foreign_employment,2022,令和４年10月末現在,都道府県,富山,富山,12221,外国人労働者数,人,2022_001044545.xlsx,別表２,2026-09-07T13:45:09Z
foreign_employment,2022,令和４年10月末現在,都道府県,富山,富山,2166,うち派遣・請負労働者,人,2022_001044545.xlsx,別表２,2026-09-07T13:45:09Z
foreign_employment,2022,令和４年10月末現在,都道府県,石川,石川,2030,事業所数,所,2022_001044545.xlsx,別表２,2026-09-07T13:45:09Z
foreign_employment,2022,令和４年10月末現在,都道府県,石川,石川,187,うち派遣・請負事業所,所,2022_001044545.xlsx,別表２,2026-09-07T13:45:09Z
foreign_employment,2022,令和４年10月末現在,都道府県,石川,石川,11450,外国人労働者数,人,2022_001044545.xlsx,別表２,2026-09-07T13:45:09Z
foreign_employment,2022,令和４年10月末現在,都道府県,石川,石川,2300,うち派遣・請負労働者,人,2022_001044545.xlsx,別表２,2026-09-07T13:45:09Z
foreign_employment,2022,令和４年10月末現在,都道府県,福井,福井,1636,事業所数,所,2022_001044545.xlsx,別表２,2026-09-07T13:45:09Z
foreign_employment,2022,令和４年10月末現在,都道府県,福井,福井,61,うち派遣・請負事業所,所,2022_001044545.xlsx,別表２,2026-09-07T13:45:09Z
foreign_employment,2022,令和４年10月末現在,都道府県,福井,福井,10565,外国人労働者数,人,2022_001044545.xlsx,別表２,2026-09-07T13:45:09Z
foreign_employment,2022,令和４年10月末現在,都道府県,福井,福井,3126,うち派遣・請負労働者,人,2022_001044545.xlsx,別表２,2026-09-07T13:45:09Z
foreign_employment,2022,令和４年10月末現在,都道府県,山梨,山梨,1763,事業所数,所,2022_001044545.xlsx,別表２,2026-09-07T13:45:09Z
foreign_employment,2022,令和４年10月末現在,都道府県,山梨,山梨,131,うち派遣・請負事業所,所,2022_001044545.xlsx,別表２,2026-09-07T13:45:09Z
foreign_employment,2022,令和４年10月末現在,都道府県,山梨,山梨,10433,外国人労働者数,人,2022_001044545.xlsx,別表２,2026-09-07T13:45:09Z
foreign_employment,2022,令和４年10月末現在,都道府県,山梨,山梨,2745,うち派遣・請負労働者,人,2022_001044545.xlsx,別表２,2026-09-07T13:45:09Z
foreign_employment,2022,令和４年10月末現在,都道府県,長野,長野,4332,事業所数,所,2022_001044545.xlsx,別表２,2026-09-07T13:45:09Z
foreign_employment,2022,令和４年10月末現在,都道府県,長野,長野,247,うち派遣・請負事業所,所,2022_001044545.xlsx,別表２,2026-09-07T13:45:09Z
foreign_employment,2022,令和４年10月末現在,都道府県,長野,長野,22387,外国人労働者数,人,2022_001044545.xlsx,別表２,2026-09-07T13:45:09Z
foreign_employment,2022,令和４年10月末現在,都道府県,長野,長野,4100,うち派遣・請負労働者,人,2022_001044545.xlsx,別表２,2026-09-07T13:45:09Z
foreign_employment,2022,令和４年10月末現在,都道府県,岐阜,岐阜,4999,事業所数,所,2022_001044545.xlsx,別表２,2026-09-07T13:45:09Z
foreign_employment,2022,令和４年10月末現在,都道府県,岐阜,岐阜,307,うち派遣・請負事業所,所,2022_001044545.xlsx,別表２,2026-09-07T13:45:09Z
foreign_employment,2022,令和４年10月末現在,都道府県,岐阜,岐阜,36192,外国人労働者数,人,2022_001044545.xlsx,別表２,2026-09-07T13:45:09Z
foreign_employment,2022,令和４年10月末現在,都道府県,岐阜,岐阜,9889,うち派遣・請負労働者,人,2022_001044545.xlsx,別表２,2026-09-07T13:45:09Z
foreign_employment,2022,令和４年10月末現在,都道府県,静岡,静岡,9016,事業所数,所,2022_001044545.xlsx,別表２,2026-09-07T13:45:09Z
foreign_employment,2022,令和４年10月末現在,都道府県,静岡,静岡,1222,うち派遣・請負事業所,所,2022_001044545.xlsx,別表２,2026-09-07T13:45:09Z
foreign_employment,2022,令和４年10月末現在,都道府県,静岡,静岡,67841,外国人労働者数,人,2022_001044545.xlsx,別表２,2026-09-07T13:45:09Z
foreign_employment,2022,令和４年10月末現在,都道府県,静岡,静岡,27893,うち派遣・請負労働者,人,2022_001044545.xlsx,別表２,2026-09-07T13:45:09Z
foreign_employment,2022,令和４年10月末現在,都道府県,愛知,愛知,23850,事業所数,所,2022_001044545.xlsx,別表２,2026-09-07T13:45:09Z
foreign_employment,2022,令和４年10月末現在,都道府県,愛知,愛知,2483,うち派遣・請負事業所,所,2022_001044545.xlsx,別表２,2026-09-07T13:45:09Z
foreign_employment,2022,令和４年10月末現在,都道府県,愛知,愛知,188691,外国人労働者数,人,2022_001044545.xlsx,別表２,2026-09-07T13:45:09Z
foreign_employment,2022,令和４年10月末現在,都道府県,愛知,愛知,54221,うち派遣・請負労働者,人,2022_001044545.xlsx,別表２,2026-09-07T13:45:09Z
foreign_employment,2022,令和４年10月末現在,都道府県,三重,三重,4379,事業所数,所,2022_001044545.xlsx,別表２,2026-09-07T13:45:09Z
foreign_employment,2022,令和４年10月末現在,都道府県,三重,三重,444,うち派遣・請負事業所,所,2022_001044545.xlsx,別表２,2026-09-07T13:45:09Z
foreign_employment,2022,令和４年10月末現在,都道府県,三重,三重,31278,外国人労働者数,人,2022_001044545.xlsx,別表２,2026-09-07T13:45:09Z
foreign_employment,2022,令和４年10月末現在,都道府県,三重,三重,10326,うち派遣・請負労働者,人,2022_001044545.xlsx,別表２,2026-09-07T13:45:09Z
foreign_employment,2022,令和４年10月末現在,都道府県,滋賀,滋賀,2576,事業所数,所,2022_001044545.xlsx,別表２,2026-09-07T13:45:09Z
foreign_employment,2022,令和４年10月末現在,都道府県,滋賀,滋賀,451,うち派遣・請負事業所,所,2022_001044545.xlsx,別表２,2026-09-07T13:45:09Z
foreign_employment,2022,令和４年10月末現在,都道府県,滋賀,滋賀,23096,外国人労働者数,人,2022_001044545.xlsx,別表２,2026-09-07T13:45:09Z
foreign_employment,2022,令和４年10月末現在,都道府県,滋賀,滋賀,10457,うち派遣・請負労働者,人,2022_001044545.xlsx,別表２,2026-09-07T13:45:09Z
foreign_employment,2022,令和４年10月末現在,都道府県,京都,京都,4784,事業所数,所,2022_001044545.xlsx,別表２,2026-09-07T13:45:09Z
foreign_employment,2022,令和４年10月末現在,都道府県,京都,京都,251,うち派遣・請負事業所,所,2022_001044545.xlsx,別表２,2026-09-07T13:45:09Z
foreign_employment,2022,令和４年10月末現在,都道府県,京都,京都,23218,外国人労働者数,人,2022_001044545.xlsx,別表２,2026-09-07T13:45:09Z
foreign_employment,2022,令和４年10月末現在,都道府県,京都,京都,2313,うち派遣・請負労働者,人,2022_001044545.xlsx,別表２,2026-09-07T13:45:09Z
foreign_employment,2022,令和４年10月末現在,都道府県,大阪,大阪,23413,事業所数,所,2022_001044545.xlsx,別表２,2026-09-07T13:45:09Z
foreign_employment,2022,令和４年10月末現在,都道府県,大阪,大阪,810,うち派遣・請負事業所,所,2022_001044545.xlsx,別表２,2026-09-07T13:45:09Z
foreign_employment,2022,令和４年10月末現在,都道府県,大阪,大阪,124570,外国人労働者数,人,2022_001044545.xlsx,別表２,2026-09-07T13:45:09Z
foreign_employment,2022,令和４年10月末現在,都道府県,大阪,大阪,19172,うち派遣・請負労働者,人,2022_001044545.xlsx,別表２,2026-09-07T13:45:09Z
foreign_employment,2022,令和４年10月末現在,都道府県,兵庫,兵庫,9468,事業所数,所,2022_001044545.xlsx,別表２,2026-09-07T13:45:09Z
foreign_employment,2022,令和４年10月末現在,都道府県,兵庫,兵庫,460,うち派遣・請負事業所,所,2022_001044545.xlsx,別表２,2026-09-07T13:45:09Z
foreign_employment,2022,令和４年10月末現在,都道府県,兵庫,兵庫,51092,外国人労働者数,人,2022_001044545.xlsx,別表２,2026-09-07T13:45:09Z
foreign_employment,2022,令和４年10月末現在,都道府県,兵庫,兵庫,8619,うち派遣・請負労働者,人,2022_001044545.xlsx,別表２,2026-09-07T13:45:09Z
foreign_employment,2022,令和４年10月末現在,都道府県,奈良,奈良,1454,事業所数,所,2022_001044545.xlsx,別表２,2026-09-07T13:45:09Z
foreign_employment,2022,令和４年10月末現在,都道府県,奈良,奈良,41,うち派遣・請負事業所,所,2022_001044545.xlsx,別表２,2026-09-07T13:45:09Z
foreign_employment,2022,令和４年10月末現在,都道府県,奈良,奈良,7072,外国人労働者数,人,2022_001044545.xlsx,別表２,2026-09-07T13:45:09Z
foreign_employment,2022,令和４年10月末現在,都道府県,奈良,奈良,618,うち派遣・請負労働者,人,2022_001044545.xlsx,別表２,2026-09-07T13:45:09Z
foreign_employment,2022,令和４年10月末現在,都道府県,和歌山,和歌山,957,事業所数,所,2022_001044545.xlsx,別表２,2026-09-07T13:45:09Z
foreign_employment,2022,令和４年10月末現在,都道府県,和歌山,和歌山,57,うち派遣・請負事業所,所,2022_001044545.xlsx,別表２,2026-09-07T13:45:09Z
foreign_employment,2022,令和４年10月末現在,都道府県,和歌山,和歌山,3816,外国人労働者数,人,2022_001044545.xlsx,別表２,2026-09-07T13:45:09Z
foreign_employment,2022,令和４年10月末現在,都道府県,和歌山,和歌山,242,うち派遣・請負労働者,人,2022_001044545.xlsx,別表２,2026-09-07T13:45:09Z
foreign_employment,2022,令和４年10月末現在,都道府県,鳥取,鳥取,683,事業所数,所,2022_001044545.xlsx,別表２,2026-09-07T13:45:09Z
foreign_employment,2022,令和４年10月末現在,都道府県,鳥取,鳥取,20,うち派遣・請負事業所,所,2022_001044545.xlsx,別表２,2026-09-07T13:45:09Z
foreign_employment,2022,令和４年10月末現在,都道府県,鳥取,鳥取,3072,外国人労働者数,人,2022_001044545.xlsx,別表２,2026-09-07T13:45:09Z
foreign_employment,2022,令和４年10月末現在,都道府県,鳥取,鳥取,88,うち派遣・請負労働者,人,2022_001044545.xlsx,別表２,2026-09-07T13:45:09Z
foreign_employment,2022,令和４年10月末現在,都道府県,島根,島根,814,事業所数,所,2022_001044545.xlsx,別表２,2026-09-07T13:45:09Z
foreign_employment,2022,令和４年10月末現在,都道府県,島根,島根,27,うち派遣・請負事業所,所,2022_001044545.xlsx,別表２,2026-09-07T13:45:09Z
foreign_employment,2022,令和４年10月末現在,都道府県,島根,島根,4613,外国人労働者数,人,2022_001044545.xlsx,別表２,2026-09-07T13:45:09Z
foreign_employment,2022,令和４年10月末現在,都道府県,島根,島根,1312,うち派遣・請負労働者,人,2022_001044545.xlsx,別表２,2026-09-07T13:45:09Z
foreign_employment,2022,令和４年10月末現在,都道府県,岡山,岡山,3277,事業所数,所,2022_001044545.xlsx,別表２,2026-09-07T13:45:09Z
foreign_employment,2022,令和４年10月末現在,都道府県,岡山,岡山,119,うち派遣・請負事業所,所,2022_001044545.xlsx,別表２,2026-09-07T13:45:09Z
foreign_employment,2022,令和４年10月末現在,都道府県,岡山,岡山,21543,外国人労働者数,人,2022_001044545.xlsx,別表２,2026-09-07T13:45:09Z
foreign_employment,2022,令和４年10月末現在,都道府県,岡山,岡山,2143,うち派遣・請負労働者,人,2022_001044545.xlsx,別表２,2026-09-07T13:45:09Z
foreign_employment,2022,令和４年10月末現在,都道府県,広島,広島,6005,事業所数,所,2022_001044545.xlsx,別表２,2026-09-07T13:45:09Z
foreign_employment,2022,令和４年10月末現在,都道府県,広島,広島,385,うち派遣・請負事業所,所,2022_001044545.xlsx,別表２,2026-09-07T13:45:09Z
foreign_employment,2022,令和４年10月末現在,都道府県,広島,広島,38698,外国人労働者数,人,2022_001044545.xlsx,別表２,2026-09-07T13:45:09Z
foreign_employment,2022,令和４年10月末現在,都道府県,広島,広島,4428,うち派遣・請負労働者,人,2022_001044545.xlsx,別表２,2026-09-07T13:45:09Z
foreign_employment,2022,令和４年10月末現在,都道府県,山口,山口,1855,事業所数,所,2022_001044545.xlsx,別表２,2026-09-07T13:45:09Z
foreign_employment,2022,令和４年10月末現在,都道府県,山口,山口,104,うち派遣・請負事業所,所,2022_001044545.xlsx,別表２,2026-09-07T13:45:09Z
foreign_employment,2022,令和４年10月末現在,都道府県,山口,山口,9165,外国人労働者数,人,2022_001044545.xlsx,別表２,2026-09-07T13:45:09Z
foreign_employment,2022,令和４年10月末現在,都道府県,山口,山口,673,うち派遣・請負労働者,人,2022_001044545.xlsx,別表２,2026-09-07T13:45:09Z
foreign_employment,2022,令和４年10月末現在,都道府県,徳島,徳島,1207,事業所数,所,2022_001044545.xlsx,別表２,2026-09-07T13:45:09Z
foreign_employment,2022,令和４年10月末現在,都道府県,徳島,徳島,52,うち派遣・請負事業所,所,2022_001044545.xlsx,別表２,2026-09-07T13:45:09Z
foreign_employment,2022,令和４年10月末現在,都道府県,徳島,徳島,5063,外国人労働者数,人,2022_001044545.xlsx,別表２,2026-09-07T13:45:09Z
foreign_employment,2022,令和４年10月末現在,都道府県,徳島,徳島,270,うち派遣・請負労働者,人,2022_001044545.xlsx,別表２,2026-09-07T13:45:09Z
foreign_employment,2022,令和４年10月末現在,都道府県,香川,香川,1845,事業所数,所,2022_001044545.xlsx,別表２,2026-09-07T13:45:09Z
foreign_employment,2022,令和４年10月末現在,都道府県,香川,香川,95,うち派遣・請負事業所,所,2022_001044545.xlsx,別表２,2026-09-07T13:45:09Z
foreign_employment,2022,令和４年10月末現在,都道府県,香川,香川,10274,外国人労働者数,人,2022_001044545.xlsx,別表２,2026-09-07T13:45:09Z
foreign_employment,2022,令和４年10月末現在,都道府県,香川,香川,692,うち派遣・請負労働者,人,2022_001044545.xlsx,別表２,2026-09-07T13:45:09Z
foreign_employment,2022,令和４年10月末現在,都道府県,愛媛,愛媛,1986,事業所数,所,2022_001044545.xlsx,別表２,2026-09-07T13:45:09Z
foreign_employment,2022,令和４年10月末現在,都道府県,愛媛,愛媛,209,うち派遣・請負事業所,所,2022_001044545.xlsx,別表２,2026-09-07T13:45:09Z
foreign_employment,2022,令和４年10月末現在,都道府県,愛媛,愛媛,10201,外国人労働者数,人,2022_001044545.xlsx,別表２,2026-09-07T13:45:09Z
foreign_employment,2022,令和４年10月末現在,都道府県,愛媛,愛媛,1355,うち派遣・請負労働者,人,2022_001044545.xlsx,別表２,2026-09-07T13:45:09Z
foreign_employment,2022,令和４年10月末現在,都道府県,高知,高知,1017,事業所数,所,2022_001044545.xlsx,別表２,2026-09-07T13:45:09Z
foreign_employment,2022,令和４年10月末現在,都道府県,高知,高知,24,うち派遣・請負事業所,所,2022_001044545.xlsx,別表２,2026-09-07T13:45:09Z
foreign_employment,2022,令和４年10月末現在,都道府県,高知,高知,3783,外国人労働者数,人,2022_001044545.xlsx,別表２,2026-09-07T13:45:09Z
foreign_employment,2022,令和４年10月末現在,都道府県,高知,高知,71,うち派遣・請負労働者,人,2022_001044545.xlsx,別表２,2026-09-07T13:45:09Z
foreign_employment,2022,令和４年10月末現在,都道府県,福岡,福岡,10707,事業所数,所,2022_001044545.xlsx,別表２,2026-09-07T13:45:09Z
foreign_employment,2022,令和４年10月末現在,都道府県,福岡,福岡,603,うち派遣・請負事業所,所,2022_001044545.xlsx,別表２,2026-09-07T13:45:09Z
foreign_employment,2022,令和４年10月末現在,都道府県,福岡,福岡,57393,外国人労働者数,人,2022_001044545.xlsx,別表２,2026-09-07T13:45:09Z
foreign_employment,2022,令和４年10月末現在,都道府県,福岡,福岡,8793,うち派遣・請負労働者,人,2022_001044545.xlsx,別表２,2026-09-07T13:45:09Z
foreign_employment,2022,令和４年10月末現在,都道府県,佐賀,佐賀,1038,事業所数,所,2022_001044545.xlsx,別表２,2026-09-07T13:45:09Z
foreign_employment,2022,令和４年10月末現在,都道府県,佐賀,佐賀,26,うち派遣・請負事業所,所,2022_001044545.xlsx,別表２,2026-09-07T13:45:09Z
foreign_employment,2022,令和４年10月末現在,都道府県,佐賀,佐賀,6054,外国人労働者数,人,2022_001044545.xlsx,別表２,2026-09-07T13:45:09Z
foreign_employment,2022,令和４年10月末現在,都道府県,佐賀,佐賀,411,うち派遣・請負労働者,人,2022_001044545.xlsx,別表２,2026-09-07T13:45:09Z
foreign_employment,2022,令和４年10月末現在,都道府県,長崎,長崎,1609,事業所数,所,2022_001044545.xlsx,別表２,2026-09-07T13:45:09Z
foreign_employment,2022,令和４年10月末現在,都道府県,長崎,長崎,72,うち派遣・請負事業所,所,2022_001044545.xlsx,別表２,2026-09-07T13:45:09Z
foreign_employment,2022,令和４年10月末現在,都道府県,長崎,長崎,6951,外国人労働者数,人,2022_001044545.xlsx,別表２,2026-09-07T13:45:09Z
foreign_employment,2022,令和４年10月末現在,都道府県,長崎,長崎,508,うち派遣・請負労働者,人,2022_001044545.xlsx,別表２,2026-09-07T13:45:09Z
foreign_employment,2022,令和４年10月末現在,都道府県,熊本,熊本,3189,事業所数,所,2022_001044545.xlsx,別表２,2026-09-07T13:45:09Z
foreign_employment,2022,令和４年10月末現在,都道府県,熊本,熊本,108,うち派遣・請負事業所,所,2022_001044545.xlsx,別表２,2026-09-07T13:45:09Z
foreign_employment,2022,令和４年10月末現在,都道府県,熊本,熊本,14522,外国人労働者数,人,2022_001044545.xlsx,別表２,2026-09-07T13:45:09Z
foreign_employment,2022,令和４年10月末現在,都道府県,熊本,熊本,1080,うち派遣・請負労働者,人,2022_001044545.xlsx,別表２,2026-09-07T13:45:09Z
foreign_employment,2022,令和４年10月末現在,都道府県,大分,大分,1834,事業所数,所,2022_001044545.xlsx,別表２,2026-09-07T13:45:09Z
foreign_employment,2022,令和４年10月末現在,都道府県,大分,大分,56,うち派遣・請負事業所,所,2022_001044545.xlsx,別表２,2026-09-07T13:45:09Z
foreign_employment,2022,令和４年10月末現在,都道府県,大分,大分,8383,外国人労働者数,人,2022_001044545.xlsx,別表２,2026-09-07T13:45:09Z
foreign_employment,2022,令和４年10月末現在,都道府県,大分,大分,403,うち派遣・請負労働者,人,2022_001044545.xlsx,別表２,2026-09-07T13:45:09Z
foreign_employment,2022,令和４年10月末現在,都道府県,宮崎,宮崎,1252,事業所数,所,2022_001044545.xlsx,別表２,2026-09-07T13:45:09Z
foreign_employment,2022,令和４年10月末現在,都道府県,宮崎,宮崎,21,うち派遣・請負事業所,所,2022_001044545.xlsx,別表２,2026-09-07T13:45:09Z
foreign_employment,2022,令和４年10月末現在,都道府県,宮崎,宮崎,5616,外国人労働者数,人,2022_001044545.xlsx,別表２,2026-09-07T13:45:09Z
foreign_employment,2022,令和４年10月末現在,都道府県,宮崎,宮崎,93,うち派遣・請負労働者,人,2022_001044545.xlsx,別表２,2026-09-07T13:45:09Z
foreign_employment,2022,令和４年10月末現在,都道府県,鹿児島,鹿児島,2048,事業所数,所,2022_001044545.xlsx,別表２,2026-09-07T13:45:09Z
foreign_employment,2022,令和４年10月末現在,都道府県,鹿児島,鹿児島,79,うち派遣・請負事業所,所,2022_001044545.xlsx,別表２,2026-09-07T13:45:09Z
foreign_employment,2022,令和４年10月末現在,都道府県,鹿児島,鹿児島,9900,外国人労働者数,人,2022_001044545.xlsx,別表２,2026-09-07T13:45:09Z
foreign_employment,2022,令和４年10月末現在,都道府県,鹿児島,鹿児島,627,うち派遣・請負労働者,人,2022_001044545.xlsx,別表２,2026-09-07T13:45:09Z
foreign_employment,2022,令和４年10月末現在,都道府県,沖縄,沖縄,2751,事業所数,所,2022_001044545.xlsx,別表２,2026-09-07T13:45:09Z
foreign_employment,2022,令和４年10月末現在,都道府県,沖縄,沖縄,145,うち派遣・請負事業所,所,2022_001044545.xlsx,別表２,2026-09-07T13:45:09Z
foreign_employment,2022,令和４年10月末現在,都道府県,沖縄,沖縄,11729,外国人労働者数,人,2022_001044545.xlsx,別表２,2026-09-07T13:45:09Z
foreign_employment,2022,令和４年10月末現在,都道府県,沖縄,沖縄,1602,うち派遣・請負労働者,人,2022_001044545.xlsx,別表２,2026-09-07T13:45:09Z
foreign_employment,2022,令和４年10月末現在,産業,全産業計,全産業計,298790,事業所数,所,2022_001044545.xlsx,別表４,2026-09-07T13:45:09Z
foreign_employment,2022,令和４年10月末現在,産業,全産業計,全産業計,19290,うち派遣・請負事業所,所,2022_001044545.xlsx,別表４,2026-09-07T13:45:09Z
foreign_employment,2022,令和４年10月末現在,産業,全産業計,全産業計,1822725,外国人労働者数,人,2022_001044545.xlsx,別表４,2026-09-07T13:45:09Z
foreign_employment,2022,令和４年10月末現在,産業,全産業計,全産業計,350383,うち派遣・請負労働者,人,2022_001044545.xlsx,別表４,2026-09-07T13:45:09Z
foreign_employment,2022,令和４年10月末現在,産業,農業、林業,農業、林業,11666,事業所数,所,2022_001044545.xlsx,別表４,2026-09-07T13:45:09Z
foreign_employment,2022,令和４年10月末現在,産業,農業、林業,農業、林業,177,うち派遣・請負事業所,所,2022_001044545.xlsx,別表４,2026-09-07T13:45:09Z
foreign_employment,2022,令和４年10月末現在,産業,農業、林業,農業、林業,43748,外国人労働者数,人,2022_001044545.xlsx,別表４,2026-09-07T13:45:09Z
foreign_employment,2022,令和４年10月末現在,産業,農業、林業,農業、林業,1014,うち派遣・請負労働者,人,2022_001044545.xlsx,別表４,2026-09-07T13:45:09Z
foreign_employment,2022,令和４年10月末現在,産業,漁業,漁業,1148,事業所数,所,2022_001044545.xlsx,別表４,2026-09-07T13:45:09Z
foreign_employment,2022,令和４年10月末現在,産業,漁業,漁業,7,うち派遣・請負事業所,所,2022_001044545.xlsx,別表４,2026-09-07T13:45:09Z
foreign_employment,2022,令和４年10月末現在,産業,漁業,漁業,4465,外国人労働者数,人,2022_001044545.xlsx,別表４,2026-09-07T13:45:09Z
foreign_employment,2022,令和４年10月末現在,産業,漁業,漁業,31,うち派遣・請負労働者,人,2022_001044545.xlsx,別表４,2026-09-07T13:45:09Z
foreign_employment,2022,令和４年10月末現在,産業,鉱業、採石業、砂利採取業,鉱業、採石業、砂利採取業,93,事業所数,所,2022_001044545.xlsx,別表４,2026-09-07T13:45:09Z
foreign_employment,2022,令和４年10月末現在,産業,鉱業、採石業、砂利採取業,鉱業、採石業、砂利採取業,3,うち派遣・請負事業所,所,2022_001044545.xlsx,別表４,2026-09-07T13:45:09Z
foreign_employment,2022,令和４年10月末現在,産業,鉱業、採石業、砂利採取業,鉱業、採石業、砂利採取業,395,外国人労働者数,人,2022_001044545.xlsx,別表４,2026-09-07T13:45:09Z
foreign_employment,2022,令和４年10月末現在,産業,鉱業、採石業、砂利採取業,鉱業、採石業、砂利採取業,51,うち派遣・請負労働者,人,2022_001044545.xlsx,別表４,2026-09-07T13:45:09Z
foreign_employment,2022,令和４年10月末現在,産業,建設業,建設業,35309,事業所数,所,2022_001044545.xlsx,別表４,2026-09-07T13:45:09Z
foreign_employment,2022,令和４年10月末現在,産業,建設業,建設業,1590,うち派遣・請負事業所,所,2022_001044545.xlsx,別表４,2026-09-07T13:45:09Z
foreign_employment,2022,令和４年10月末現在,産業,建設業,建設業,116789,外国人労働者数,人,2022_001044545.xlsx,別表４,2026-09-07T13:45:09Z
foreign_employment,2022,令和４年10月末現在,産業,建設業,建設業,7022,うち派遣・請負労働者,人,2022_001044545.xlsx,別表４,2026-09-07T13:45:09Z
foreign_employment,2022,令和４年10月末現在,産業,製造業,製造業,53026,事業所数,所,2022_001044545.xlsx,別表４,2026-09-07T13:45:09Z
foreign_employment,2022,令和４年10月末現在,産業,製造業,製造業,4011,うち派遣・請負事業所,所,2022_001044545.xlsx,別表４,2026-09-07T13:45:09Z
foreign_employment,2022,令和４年10月末現在,産業,製造業,製造業,485128,外国人労働者数,人,2022_001044545.xlsx,別表４,2026-09-07T13:45:09Z
foreign_employment,2022,令和４年10月末現在,産業,製造業,製造業,69122,うち派遣・請負労働者,人,2022_001044545.xlsx,別表４,2026-09-07T13:45:09Z
foreign_employment,2022,令和４年10月末現在,産業,電気・ガス・熱供給・水道業,電気・ガス・熱供給・水道業,184,事業所数,所,2022_001044545.xlsx,別表４,2026-09-07T13:45:09Z
foreign_employment,2022,令和４年10月末現在,産業,電気・ガス・熱供給・水道業,電気・ガス・熱供給・水道業,13,うち派遣・請負事業所,所,2022_001044545.xlsx,別表４,2026-09-07T13:45:09Z
foreign_employment,2022,令和４年10月末現在,産業,電気・ガス・熱供給・水道業,電気・ガス・熱供給・水道業,619,外国人労働者数,人,2022_001044545.xlsx,別表４,2026-09-07T13:45:09Z
foreign_employment,2022,令和４年10月末現在,産業,電気・ガス・熱供給・水道業,電気・ガス・熱供給・水道業,49,うち派遣・請負労働者,人,2022_001044545.xlsx,別表４,2026-09-07T13:45:09Z
foreign_employment,2022,令和４年10月末現在,産業,情報通信業,情報通信業,12601,事業所数,所,2022_001044545.xlsx,別表４,2026-09-07T13:45:09Z
foreign_employment,2022,令和４年10月末現在,産業,情報通信業,情報通信業,1101,うち派遣・請負事業所,所,2022_001044545.xlsx,別表４,2026-09-07T13:45:09Z
foreign_employment,2022,令和４年10月末現在,産業,情報通信業,情報通信業,75954,外国人労働者数,人,2022_001044545.xlsx,別表４,2026-09-07T13:45:09Z
foreign_employment,2022,令和４年10月末現在,産業,情報通信業,情報通信業,10072,うち派遣・請負労働者,人,2022_001044545.xlsx,別表４,2026-09-07T13:45:09Z
foreign_employment,2022,令和４年10月末現在,産業,運輸業、郵便業,運輸業、郵便業,8770,事業所数,所,2022_001044545.xlsx,別表４,2026-09-07T13:45:09Z
foreign_employment,2022,令和４年10月末現在,産業,運輸業、郵便業,運輸業、郵便業,575,うち派遣・請負事業所,所,2022_001044545.xlsx,別表４,2026-09-07T13:45:09Z
foreign_employment,2022,令和４年10月末現在,産業,運輸業、郵便業,運輸業、郵便業,64617,外国人労働者数,人,2022_001044545.xlsx,別表４,2026-09-07T13:45:09Z
foreign_employment,2022,令和４年10月末現在,産業,運輸業、郵便業,運輸業、郵便業,11297,うち派遣・請負労働者,人,2022_001044545.xlsx,別表４,2026-09-07T13:45:09Z
foreign_employment,2022,令和４年10月末現在,産業,卸売業、小売業,卸売業、小売業,55712,事業所数,所,2022_001044545.xlsx,別表４,2026-09-07T13:45:09Z
foreign_employment,2022,令和４年10月末現在,産業,卸売業、小売業,卸売業、小売業,1246,うち派遣・請負事業所,所,2022_001044545.xlsx,別表４,2026-09-07T13:45:09Z
foreign_employment,2022,令和４年10月末現在,産業,卸売業、小売業,卸売業、小売業,237928,外国人労働者数,人,2022_001044545.xlsx,別表４,2026-09-07T13:45:09Z
foreign_employment,2022,令和４年10月末現在,産業,卸売業、小売業,卸売業、小売業,9759,うち派遣・請負労働者,人,2022_001044545.xlsx,別表４,2026-09-07T13:45:09Z
foreign_employment,2022,令和４年10月末現在,産業,金融業、保険業,金融業、保険業,1541,事業所数,所,2022_001044545.xlsx,別表４,2026-09-07T13:45:09Z
foreign_employment,2022,令和４年10月末現在,産業,金融業、保険業,金融業、保険業,61,うち派遣・請負事業所,所,2022_001044545.xlsx,別表４,2026-09-07T13:45:09Z
foreign_employment,2022,令和４年10月末現在,産業,金融業、保険業,金融業、保険業,11535,外国人労働者数,人,2022_001044545.xlsx,別表４,2026-09-07T13:45:09Z
foreign_employment,2022,令和４年10月末現在,産業,金融業、保険業,金融業、保険業,878,うち派遣・請負労働者,人,2022_001044545.xlsx,別表４,2026-09-07T13:45:09Z
foreign_employment,2022,令和４年10月末現在,産業,不動産業、物品賃貸業,不動産業、物品賃貸業,4079,事業所数,所,2022_001044545.xlsx,別表４,2026-09-07T13:45:09Z
foreign_employment,2022,令和４年10月末現在,産業,不動産業、物品賃貸業,不動産業、物品賃貸業,140,うち派遣・請負事業所,所,2022_001044545.xlsx,別表４,2026-09-07T13:45:09Z
foreign_employment,2022,令和４年10月末現在,産業,不動産業、物品賃貸業,不動産業、物品賃貸業,16547,外国人労働者数,人,2022_001044545.xlsx,別表４,2026-09-07T13:45:09Z
foreign_employment,2022,令和４年10月末現在,産業,不動産業、物品賃貸業,不動産業、物品賃貸業,2127,うち派遣・請負労働者,人,2022_001044545.xlsx,別表４,2026-09-07T13:45:09Z
foreign_employment,2022,令和４年10月末現在,産業,学術研究、専門・技術サービス業,学術研究、専門・技術サービス業,11962,事業所数,所,2022_001044545.xlsx,別表４,2026-09-07T13:45:09Z
foreign_employment,2022,令和４年10月末現在,産業,学術研究、専門・技術サービス業,学術研究、専門・技術サービス業,761,うち派遣・請負事業所,所,2022_001044545.xlsx,別表４,2026-09-07T13:45:09Z
foreign_employment,2022,令和４年10月末現在,産業,学術研究、専門・技術サービス業,学術研究、専門・技術サービス業,64261,外国人労働者数,人,2022_001044545.xlsx,別表４,2026-09-07T13:45:09Z
foreign_employment,2022,令和４年10月末現在,産業,学術研究、専門・技術サービス業,学術研究、専門・技術サービス業,14058,うち派遣・請負労働者,人,2022_001044545.xlsx,別表４,2026-09-07T13:45:09Z
foreign_employment,2022,令和４年10月末現在,産業,宿泊業、飲食サービス業,宿泊業、飲食サービス業,42896,事業所数,所,2022_001044545.xlsx,別表４,2026-09-07T13:45:09Z
foreign_employment,2022,令和４年10月末現在,産業,宿泊業、飲食サービス業,宿泊業、飲食サービス業,694,うち派遣・請負事業所,所,2022_001044545.xlsx,別表４,2026-09-07T13:45:09Z
foreign_employment,2022,令和４年10月末現在,産業,宿泊業、飲食サービス業,宿泊業、飲食サービス業,208981,外国人労働者数,人,2022_001044545.xlsx,別表４,2026-09-07T13:45:09Z
foreign_employment,2022,令和４年10月末現在,産業,宿泊業、飲食サービス業,宿泊業、飲食サービス業,7231,うち派遣・請負労働者,人,2022_001044545.xlsx,別表４,2026-09-07T13:45:09Z
foreign_employment,2022,令和４年10月末現在,産業,生活関連サービス業、娯楽業,生活関連サービス業、娯楽業,5749,事業所数,所,2022_001044545.xlsx,別表４,2026-09-07T13:45:09Z
foreign_employment,2022,令和４年10月末現在,産業,生活関連サービス業、娯楽業,生活関連サービス業、娯楽業,233,うち派遣・請負事業所,所,2022_001044545.xlsx,別表４,2026-09-07T13:45:09Z
foreign_employment,2022,令和４年10月末現在,産業,生活関連サービス業、娯楽業,生活関連サービス業、娯楽業,23339,外国人労働者数,人,2022_001044545.xlsx,別表４,2026-09-07T13:45:09Z
foreign_employment,2022,令和４年10月末現在,産業,生活関連サービス業、娯楽業,生活関連サービス業、娯楽業,3535,うち派遣・請負労働者,人,2022_001044545.xlsx,別表４,2026-09-07T13:45:09Z
foreign_employment,2022,令和４年10月末現在,産業,教育、学習支援業,教育、学習支援業,7331,事業所数,所,2022_001044545.xlsx,別表４,2026-09-07T13:45:09Z
foreign_employment,2022,令和４年10月末現在,産業,教育、学習支援業,教育、学習支援業,254,うち派遣・請負事業所,所,2022_001044545.xlsx,別表４,2026-09-07T13:45:09Z
foreign_employment,2022,令和４年10月末現在,産業,教育、学習支援業,教育、学習支援業,76854,外国人労働者数,人,2022_001044545.xlsx,別表４,2026-09-07T13:45:09Z
foreign_employment,2022,令和４年10月末現在,産業,教育、学習支援業,教育、学習支援業,4917,うち派遣・請負労働者,人,2022_001044545.xlsx,別表４,2026-09-07T13:45:09Z
foreign_employment,2022,令和４年10月末現在,産業,医療、福祉,医療、福祉,18553,事業所数,所,2022_001044545.xlsx,別表４,2026-09-07T13:45:09Z
foreign_employment,2022,令和４年10月末現在,産業,医療、福祉,医療、福祉,461,うち派遣・請負事業所,所,2022_001044545.xlsx,別表４,2026-09-07T13:45:09Z
foreign_employment,2022,令和４年10月末現在,産業,医療、福祉,医療、福祉,74339,外国人労働者数,人,2022_001044545.xlsx,別表４,2026-09-07T13:45:09Z
foreign_employment,2022,令和４年10月末現在,産業,医療、福祉,医療、福祉,2509,うち派遣・請負労働者,人,2022_001044545.xlsx,別表４,2026-09-07T13:45:09Z
foreign_employment,2022,令和４年10月末現在,産業,複合サービス事業,複合サービス事業,1492,事業所数,所,2022_001044545.xlsx,別表４,2026-09-07T13:45:09Z
foreign_employment,2022,令和４年10月末現在,産業,複合サービス事業,複合サービス事業,58,うち派遣・請負事業所,所,2022_001044545.xlsx,別表４,2026-09-07T13:45:09Z
foreign_employment,2022,令和４年10月末現在,産業,複合サービス事業,複合サービス事業,5511,外国人労働者数,人,2022_001044545.xlsx,別表４,2026-09-07T13:45:09Z
foreign_employment,2022,令和４年10月末現在,産業,複合サービス事業,複合サービス事業,702,うち派遣・請負労働者,人,2022_001044545.xlsx,別表４,2026-09-07T13:45:09Z
foreign_employment,2022,令和４年10月末現在,産業,サービス業（他に分類されないもの）,サービス業（他に分類されないもの）,23652,事業所数,所,2022_001044545.xlsx,別表４,2026-09-07T13:45:09Z
foreign_employment,2022,令和４年10月末現在,産業,サービス業（他に分類されないもの）,サービス業（他に分類されないもの）,7756,うち派遣・請負事業所,所,2022_001044545.xlsx,別表４,2026-09-07T13:45:09Z
foreign_employment,2022,令和４年10月末現在,産業,サービス業（他に分類されないもの）,サービス業（他に分類されないもの）,295700,外国人労働者数,人,2022_001044545.xlsx,別表４,2026-09-07T13:45:09Z
foreign_employment,2022,令和４年10月末現在,産業,サービス業（他に分類されないもの）,サービス業（他に分類されないもの）,204556,うち派遣・請負労働者,人,2022_001044545.xlsx,別表４,2026-09-07T13:45:09Z
foreign_employment,2022,令和４年10月末現在,産業,公務（他に分類されるものを除く）,公務（他に分類されるものを除く）,1941,事業所数,所,2022_001044545.xlsx,別表４,2026-09-07T13:45:09Z
foreign_employment,2022,令和４年10月末現在,産業,公務（他に分類されるものを除く）,公務（他に分類されるものを除く）,72,うち派遣・請負事業所,所,2022_001044545.xlsx,別表４,2026-09-07T13:45:09Z
foreign_employment,2022,令和４年10月末現在,産業,公務（他に分類されるものを除く）,公務（他に分類されるものを除く）,10718,外国人労働者数,人,2022_001044545.xlsx,別表４,2026-09-07T13:45:09Z
foreign_employment,2022,令和４年10月末現在,産業,公務（他に分類されるものを除く）,公務（他に分類されるものを除く）,811,うち派遣・請負労働者,人,2022_001044545.xlsx,別表４,2026-09-07T13:45:09Z
foreign_employment,2022,令和４年10月末現在,産業,分類不能の産業,分類不能の産業,1085,事業所数,所,2022_001044545.xlsx,別表４,2026-09-07T13:45:09Z
foreign_employment,2022,令和４年10月末現在,産業,分類不能の産業,分類不能の産業,77,うち派遣・請負事業所,所,2022_001044545.xlsx,別表４,2026-09-07T13:45:09Z
foreign_employment,2022,令和４年10月末現在,産業,分類不能の産業,分類不能の産業,5297,外国人労働者数,人,2022_001044545.xlsx,別表４,2026-09-07T13:45:09Z
foreign_employment,2022,令和４年10月末現在,産業,分類不能の産業,分類不能の産業,642,うち派遣・請負労働者,人,2022_001044545.xlsx,別表４,2026-09-07T13:45:09Z
foreign_employment,2022,令和４年10月末現在,在留資格,"①専門的・技術的分野の
　在留資格（注３）","①専門的・技術的分野の
　在留資格（注３）",479949,外国人労働者数,人,2022_001044545.xlsx,別表６,2026-09-07T13:45:09Z
foreign_employment,2022,令和４年10月末現在,在留資格,②特定活動（注４）,②特定活動（注４）,73363,外国人労働者数,人,2022_001044545.xlsx,別表６,2026-09-07T13:45:09Z
foreign_employment,2022,令和４年10月末現在,在留資格,③技能実習,③技能実習,343254,外国人労働者数,人,2022_001044545.xlsx,別表６,2026-09-07T13:45:09Z
foreign_employment,2022,令和４年10月末現在,在留資格,④資格外活動,④資格外活動,330910,外国人労働者数,人,2022_001044545.xlsx,別表６,2026-09-07T13:45:09Z
foreign_employment,2022,令和４年10月末現在,在留資格,⑤身分に基づく在留資格　,⑤身分に基づく在留資格　,595207,外国人労働者数,人,2022_001044545.xlsx,別表６,2026-09-07T13:45:09Z
foreign_employment,2022,令和４年10月末現在,在留資格,⑥不明,⑥不明,42,外国人労働者数,人,2022_001044545.xlsx,別表６,2026-09-07T13:45:09Z
foreign_employment,2023,令和５年10月末時点,総数,全国計,全国計,318775,事業所数,所,2023_001195791.xlsx,別表２,2026-09-07T13:45:09Z
foreign_employment,2023,令和５年10月末時点,総数,全国計,全国計,19722,うち派遣・請負事業所,所,2023_001195791.xlsx,別表２,2026-09-07T13:45:09Z
foreign_employment,2023,令和５年10月末時点,総数,全国計,全国計,2048675,外国人労働者数,人,2023_001195791.xlsx,別表２,2026-09-07T13:45:09Z
foreign_employment,2023,令和５年10月末時点,総数,全国計,全国計,372287,うち派遣・請負労働者,人,2023_001195791.xlsx,別表２,2026-09-07T13:45:09Z
foreign_employment,2023,令和５年10月末時点,都道府県,北海道,北海道,6902,事業所数,所,2023_001195791.xlsx,別表２,2026-09-07T13:45:09Z
foreign_employment,2023,令和５年10月末時点,都道府県,北海道,北海道,201,うち派遣・請負事業所,所,2023_001195791.xlsx,別表２,2026-09-07T13:45:09Z
foreign_employment,2023,令和５年10月末時点,都道府県,北海道,北海道,35439,外国人労働者数,人,2023_001195791.xlsx,別表２,2026-09-07T13:45:09Z
foreign_employment,2023,令和５年10月末時点,都道府県,北海道,北海道,1333,うち派遣・請負労働者,人,2023_001195791.xlsx,別表２,2026-09-07T13:45:09Z
foreign_employment,2023,令和５年10月末時点,都道府県,青森,青森,927,事業所数,所,2023_001195791.xlsx,別表２,2026-09-07T13:45:09Z
foreign_employment,2023,令和５年10月末時点,都道府県,青森,青森,21,うち派遣・請負事業所,所,2023_001195791.xlsx,別表２,2026-09-07T13:45:09Z
foreign_employment,2023,令和５年10月末時点,都道府県,青森,青森,5584,外国人労働者数,人,2023_001195791.xlsx,別表２,2026-09-07T13:45:09Z
foreign_employment,2023,令和５年10月末時点,都道府県,青森,青森,54,うち派遣・請負労働者,人,2023_001195791.xlsx,別表２,2026-09-07T13:45:09Z
foreign_employment,2023,令和５年10月末時点,都道府県,岩手,岩手,1200,事業所数,所,2023_001195791.xlsx,別表２,2026-09-07T13:45:09Z
foreign_employment,2023,令和５年10月末時点,都道府県,岩手,岩手,43,うち派遣・請負事業所,所,2023_001195791.xlsx,別表２,2026-09-07T13:45:09Z
foreign_employment,2023,令和５年10月末時点,都道府県,岩手,岩手,7082,外国人労働者数,人,2023_001195791.xlsx,別表２,2026-09-07T13:45:09Z
foreign_employment,2023,令和５年10月末時点,都道府県,岩手,岩手,331,うち派遣・請負労働者,人,2023_001195791.xlsx,別表２,2026-09-07T13:45:09Z
foreign_employment,2023,令和５年10月末時点,都道府県,宮城,宮城,2872,事業所数,所,2023_001195791.xlsx,別表２,2026-09-07T13:45:09Z
foreign_employment,2023,令和５年10月末時点,都道府県,宮城,宮城,164,うち派遣・請負事業所,所,2023_001195791.xlsx,別表２,2026-09-07T13:45:09Z
foreign_employment,2023,令和５年10月末時点,都道府県,宮城,宮城,16586,外国人労働者数,人,2023_001195791.xlsx,別表２,2026-09-07T13:45:09Z
foreign_employment,2023,令和５年10月末時点,都道府県,宮城,宮城,1898,うち派遣・請負労働者,人,2023_001195791.xlsx,別表２,2026-09-07T13:45:09Z
foreign_employment,2023,令和５年10月末時点,都道府県,秋田,秋田,664,事業所数,所,2023_001195791.xlsx,別表２,2026-09-07T13:45:09Z
foreign_employment,2023,令和５年10月末時点,都道府県,秋田,秋田,8,うち派遣・請負事業所,所,2023_001195791.xlsx,別表２,2026-09-07T13:45:09Z
foreign_employment,2023,令和５年10月末時点,都道府県,秋田,秋田,3161,外国人労働者数,人,2023_001195791.xlsx,別表２,2026-09-07T13:45:09Z
foreign_employment,2023,令和５年10月末時点,都道府県,秋田,秋田,46,うち派遣・請負労働者,人,2023_001195791.xlsx,別表２,2026-09-07T13:45:09Z
foreign_employment,2023,令和５年10月末時点,都道府県,山形,山形,1174,事業所数,所,2023_001195791.xlsx,別表２,2026-09-07T13:45:09Z
foreign_employment,2023,令和５年10月末時点,都道府県,山形,山形,61,うち派遣・請負事業所,所,2023_001195791.xlsx,別表２,2026-09-07T13:45:09Z
foreign_employment,2023,令和５年10月末時点,都道府県,山形,山形,5743,外国人労働者数,人,2023_001195791.xlsx,別表２,2026-09-07T13:45:09Z
foreign_employment,2023,令和５年10月末時点,都道府県,山形,山形,515,うち派遣・請負労働者,人,2023_001195791.xlsx,別表２,2026-09-07T13:45:09Z
foreign_employment,2023,令和５年10月末時点,都道府県,福島,福島,2328,事業所数,所,2023_001195791.xlsx,別表２,2026-09-07T13:45:09Z
foreign_employment,2023,令和５年10月末時点,都道府県,福島,福島,184,うち派遣・請負事業所,所,2023_001195791.xlsx,別表２,2026-09-07T13:45:09Z
foreign_employment,2023,令和５年10月末時点,都道府県,福島,福島,11987,外国人労働者数,人,2023_001195791.xlsx,別表２,2026-09-07T13:45:09Z
foreign_employment,2023,令和５年10月末時点,都道府県,福島,福島,1703,うち派遣・請負労働者,人,2023_001195791.xlsx,別表２,2026-09-07T13:45:09Z
foreign_employment,2023,令和５年10月末時点,都道府県,茨城,茨城,8642,事業所数,所,2023_001195791.xlsx,別表２,2026-09-07T13:45:09Z
foreign_employment,2023,令和５年10月末時点,都道府県,茨城,茨城,451,うち派遣・請負事業所,所,2023_001195791.xlsx,別表２,2026-09-07T13:45:09Z
foreign_employment,2023,令和５年10月末時点,都道府県,茨城,茨城,54875,外国人労働者数,人,2023_001195791.xlsx,別表２,2026-09-07T13:45:09Z
foreign_employment,2023,令和５年10月末時点,都道府県,茨城,茨城,9535,うち派遣・請負労働者,人,2023_001195791.xlsx,別表２,2026-09-07T13:45:09Z
foreign_employment,2023,令和５年10月末時点,都道府県,栃木,栃木,4700,事業所数,所,2023_001195791.xlsx,別表２,2026-09-07T13:45:09Z
foreign_employment,2023,令和５年10月末時点,都道府県,栃木,栃木,452,うち派遣・請負事業所,所,2023_001195791.xlsx,別表２,2026-09-07T13:45:09Z
foreign_employment,2023,令和５年10月末時点,都道府県,栃木,栃木,32728,外国人労働者数,人,2023_001195791.xlsx,別表２,2026-09-07T13:45:09Z
foreign_employment,2023,令和５年10月末時点,都道府県,栃木,栃木,9580,うち派遣・請負労働者,人,2023_001195791.xlsx,別表２,2026-09-07T13:45:09Z
foreign_employment,2023,令和５年10月末時点,都道府県,群馬,群馬,5841,事業所数,所,2023_001195791.xlsx,別表２,2026-09-07T13:45:09Z
foreign_employment,2023,令和５年10月末時点,都道府県,群馬,群馬,457,うち派遣・請負事業所,所,2023_001195791.xlsx,別表２,2026-09-07T13:45:09Z
foreign_employment,2023,令和５年10月末時点,都道府県,群馬,群馬,50324,外国人労働者数,人,2023_001195791.xlsx,別表２,2026-09-07T13:45:09Z
foreign_employment,2023,令和５年10月末時点,都道府県,群馬,群馬,16024,うち派遣・請負労働者,人,2023_001195791.xlsx,別表２,2026-09-07T13:45:09Z
foreign_employment,2023,令和５年10月末時点,都道府県,埼玉,埼玉,16734,事業所数,所,2023_001195791.xlsx,別表２,2026-09-07T13:45:09Z
foreign_employment,2023,令和５年10月末時点,都道府県,埼玉,埼玉,900,うち派遣・請負事業所,所,2023_001195791.xlsx,別表２,2026-09-07T13:45:09Z
foreign_employment,2023,令和５年10月末時点,都道府県,埼玉,埼玉,103515,外国人労働者数,人,2023_001195791.xlsx,別表２,2026-09-07T13:45:09Z
foreign_employment,2023,令和５年10月末時点,都道府県,埼玉,埼玉,20767,うち派遣・請負労働者,人,2023_001195791.xlsx,別表２,2026-09-07T13:45:09Z
foreign_employment,2023,令和５年10月末時点,都道府県,千葉,千葉,13645,事業所数,所,2023_001195791.xlsx,別表２,2026-09-07T13:45:09Z
foreign_employment,2023,令和５年10月末時点,都道府県,千葉,千葉,627,うち派遣・請負事業所,所,2023_001195791.xlsx,別表２,2026-09-07T13:45:09Z
foreign_employment,2023,令和５年10月末時点,都道府県,千葉,千葉,78854,外国人労働者数,人,2023_001195791.xlsx,別表２,2026-09-07T13:45:09Z
foreign_employment,2023,令和５年10月末時点,都道府県,千葉,千葉,9939,うち派遣・請負労働者,人,2023_001195791.xlsx,別表２,2026-09-07T13:45:09Z
foreign_employment,2023,令和５年10月末時点,都道府県,東京,東京,79707,事業所数,所,2023_001195791.xlsx,別表２,2026-09-07T13:45:09Z
foreign_employment,2023,令和５年10月末時点,都道府県,東京,東京,4932,うち派遣・請負事業所,所,2023_001195791.xlsx,別表２,2026-09-07T13:45:09Z
foreign_employment,2023,令和５年10月末時点,都道府県,東京,東京,542992,外国人労働者数,人,2023_001195791.xlsx,別表２,2026-09-07T13:45:09Z
foreign_employment,2023,令和５年10月末時点,都道府県,東京,東京,83994,うち派遣・請負労働者,人,2023_001195791.xlsx,別表２,2026-09-07T13:45:09Z
foreign_employment,2023,令和５年10月末時点,都道府県,神奈川,神奈川,20884,事業所数,所,2023_001195791.xlsx,別表２,2026-09-07T13:45:09Z
foreign_employment,2023,令和５年10月末時点,都道府県,神奈川,神奈川,1558,うち派遣・請負事業所,所,2023_001195791.xlsx,別表２,2026-09-07T13:45:09Z
foreign_employment,2023,令和５年10月末時点,都道府県,神奈川,神奈川,119466,外国人労働者数,人,2023_001195791.xlsx,別表２,2026-09-07T13:45:09Z
foreign_employment,2023,令和５年10月末時点,都道府県,神奈川,神奈川,20398,うち派遣・請負労働者,人,2023_001195791.xlsx,別表２,2026-09-07T13:45:09Z
foreign_employment,2023,令和５年10月末時点,都道府県,新潟,新潟,2404,事業所数,所,2023_001195791.xlsx,別表２,2026-09-07T13:45:09Z
foreign_employment,2023,令和５年10月末時点,都道府県,新潟,新潟,96,うち派遣・請負事業所,所,2023_001195791.xlsx,別表２,2026-09-07T13:45:09Z
foreign_employment,2023,令和５年10月末時点,都道府県,新潟,新潟,12462,外国人労働者数,人,2023_001195791.xlsx,別表２,2026-09-07T13:45:09Z
foreign_employment,2023,令和５年10月末時点,都道府県,新潟,新潟,1598,うち派遣・請負労働者,人,2023_001195791.xlsx,別表２,2026-09-07T13:45:09Z
foreign_employment,2023,令和５年10月末時点,都道府県,富山,富山,2295,事業所数,所,2023_001195791.xlsx,別表２,2026-09-07T13:45:09Z
foreign_employment,2023,令和５年10月末時点,都道府県,富山,富山,127,うち派遣・請負事業所,所,2023_001195791.xlsx,別表２,2026-09-07T13:45:09Z
foreign_employment,2023,令和５年10月末時点,都道府県,富山,富山,13427,外国人労働者数,人,2023_001195791.xlsx,別表２,2026-09-07T13:45:09Z
foreign_employment,2023,令和５年10月末時点,都道府県,富山,富山,2198,うち派遣・請負労働者,人,2023_001195791.xlsx,別表２,2026-09-07T13:45:09Z
foreign_employment,2023,令和５年10月末時点,都道府県,石川,石川,2161,事業所数,所,2023_001195791.xlsx,別表２,2026-09-07T13:45:09Z
foreign_employment,2023,令和５年10月末時点,都道府県,石川,石川,179,うち派遣・請負事業所,所,2023_001195791.xlsx,別表２,2026-09-07T13:45:09Z
foreign_employment,2023,令和５年10月末時点,都道府県,石川,石川,13068,外国人労働者数,人,2023_001195791.xlsx,別表２,2026-09-07T13:45:09Z
foreign_employment,2023,令和５年10月末時点,都道府県,石川,石川,2370,うち派遣・請負労働者,人,2023_001195791.xlsx,別表２,2026-09-07T13:45:09Z
foreign_employment,2023,令和５年10月末時点,都道府県,福井,福井,1734,事業所数,所,2023_001195791.xlsx,別表２,2026-09-07T13:45:09Z
foreign_employment,2023,令和５年10月末時点,都道府県,福井,福井,60,うち派遣・請負事業所,所,2023_001195791.xlsx,別表２,2026-09-07T13:45:09Z
foreign_employment,2023,令和５年10月末時点,都道府県,福井,福井,11101,外国人労働者数,人,2023_001195791.xlsx,別表２,2026-09-07T13:45:09Z
foreign_employment,2023,令和５年10月末時点,都道府県,福井,福井,2435,うち派遣・請負労働者,人,2023_001195791.xlsx,別表２,2026-09-07T13:45:09Z
foreign_employment,2023,令和５年10月末時点,都道府県,山梨,山梨,1900,事業所数,所,2023_001195791.xlsx,別表２,2026-09-07T13:45:09Z
foreign_employment,2023,令和５年10月末時点,都道府県,山梨,山梨,133,うち派遣・請負事業所,所,2023_001195791.xlsx,別表２,2026-09-07T13:45:09Z
foreign_employment,2023,令和５年10月末時点,都道府県,山梨,山梨,11227,外国人労働者数,人,2023_001195791.xlsx,別表２,2026-09-07T13:45:09Z
foreign_employment,2023,令和５年10月末時点,都道府県,山梨,山梨,2572,うち派遣・請負労働者,人,2023_001195791.xlsx,別表２,2026-09-07T13:45:09Z
foreign_employment,2023,令和５年10月末時点,都道府県,長野,長野,4598,事業所数,所,2023_001195791.xlsx,別表２,2026-09-07T13:45:09Z
foreign_employment,2023,令和５年10月末時点,都道府県,長野,長野,245,うち派遣・請負事業所,所,2023_001195791.xlsx,別表２,2026-09-07T13:45:09Z
foreign_employment,2023,令和５年10月末時点,都道府県,長野,長野,24893,外国人労働者数,人,2023_001195791.xlsx,別表２,2026-09-07T13:45:09Z
foreign_employment,2023,令和５年10月末時点,都道府県,長野,長野,3779,うち派遣・請負労働者,人,2023_001195791.xlsx,別表２,2026-09-07T13:45:09Z
foreign_employment,2023,令和５年10月末時点,都道府県,岐阜,岐阜,5397,事業所数,所,2023_001195791.xlsx,別表２,2026-09-07T13:45:09Z
foreign_employment,2023,令和５年10月末時点,都道府県,岐阜,岐阜,312,うち派遣・請負事業所,所,2023_001195791.xlsx,別表２,2026-09-07T13:45:09Z
foreign_employment,2023,令和５年10月末時点,都道府県,岐阜,岐阜,40028,外国人労働者数,人,2023_001195791.xlsx,別表２,2026-09-07T13:45:09Z
foreign_employment,2023,令和５年10月末時点,都道府県,岐阜,岐阜,9804,うち派遣・請負労働者,人,2023_001195791.xlsx,別表２,2026-09-07T13:45:09Z
foreign_employment,2023,令和５年10月末時点,都道府県,静岡,静岡,9523,事業所数,所,2023_001195791.xlsx,別表２,2026-09-07T13:45:09Z
foreign_employment,2023,令和５年10月末時点,都道府県,静岡,静岡,1234,うち派遣・請負事業所,所,2023_001195791.xlsx,別表２,2026-09-07T13:45:09Z
foreign_employment,2023,令和５年10月末時点,都道府県,静岡,静岡,74859,外国人労働者数,人,2023_001195791.xlsx,別表２,2026-09-07T13:45:09Z
foreign_employment,2023,令和５年10月末時点,都道府県,静岡,静岡,30728,うち派遣・請負労働者,人,2023_001195791.xlsx,別表２,2026-09-07T13:45:09Z
foreign_employment,2023,令和５年10月末時点,都道府県,愛知,愛知,25225,事業所数,所,2023_001195791.xlsx,別表２,2026-09-07T13:45:09Z
foreign_employment,2023,令和５年10月末時点,都道府県,愛知,愛知,2491,うち派遣・請負事業所,所,2023_001195791.xlsx,別表２,2026-09-07T13:45:09Z
foreign_employment,2023,令和５年10月末時点,都道府県,愛知,愛知,210159,外国人労働者数,人,2023_001195791.xlsx,別表２,2026-09-07T13:45:09Z
foreign_employment,2023,令和５年10月末時点,都道府県,愛知,愛知,59376,うち派遣・請負労働者,人,2023_001195791.xlsx,別表２,2026-09-07T13:45:09Z
foreign_employment,2023,令和５年10月末時点,都道府県,三重,三重,4621,事業所数,所,2023_001195791.xlsx,別表２,2026-09-07T13:45:09Z
foreign_employment,2023,令和５年10月末時点,都道府県,三重,三重,446,うち派遣・請負事業所,所,2023_001195791.xlsx,別表２,2026-09-07T13:45:09Z
foreign_employment,2023,令和５年10月末時点,都道府県,三重,三重,33753,外国人労働者数,人,2023_001195791.xlsx,別表２,2026-09-07T13:45:09Z
foreign_employment,2023,令和５年10月末時点,都道府県,三重,三重,10032,うち派遣・請負労働者,人,2023_001195791.xlsx,別表２,2026-09-07T13:45:09Z
foreign_employment,2023,令和５年10月末時点,都道府県,滋賀,滋賀,2752,事業所数,所,2023_001195791.xlsx,別表２,2026-09-07T13:45:09Z
foreign_employment,2023,令和５年10月末時点,都道府県,滋賀,滋賀,447,うち派遣・請負事業所,所,2023_001195791.xlsx,別表２,2026-09-07T13:45:09Z
foreign_employment,2023,令和５年10月末時点,都道府県,滋賀,滋賀,24791,外国人労働者数,人,2023_001195791.xlsx,別表２,2026-09-07T13:45:09Z
foreign_employment,2023,令和５年10月末時点,都道府県,滋賀,滋賀,10274,うち派遣・請負労働者,人,2023_001195791.xlsx,別表２,2026-09-07T13:45:09Z
foreign_employment,2023,令和５年10月末時点,都道府県,京都,京都,5237,事業所数,所,2023_001195791.xlsx,別表２,2026-09-07T13:45:09Z
foreign_employment,2023,令和５年10月末時点,都道府県,京都,京都,255,うち派遣・請負事業所,所,2023_001195791.xlsx,別表２,2026-09-07T13:45:09Z
foreign_employment,2023,令和５年10月末時点,都道府県,京都,京都,28506,外国人労働者数,人,2023_001195791.xlsx,別表２,2026-09-07T13:45:09Z
foreign_employment,2023,令和５年10月末時点,都道府県,京都,京都,2700,うち派遣・請負労働者,人,2023_001195791.xlsx,別表２,2026-09-07T13:45:09Z
foreign_employment,2023,令和５年10月末時点,都道府県,大阪,大阪,25450,事業所数,所,2023_001195791.xlsx,別表２,2026-09-07T13:45:09Z
foreign_employment,2023,令和５年10月末時点,都道府県,大阪,大阪,826,うち派遣・請負事業所,所,2023_001195791.xlsx,別表２,2026-09-07T13:45:09Z
foreign_employment,2023,令和５年10月末時点,都道府県,大阪,大阪,146384,外国人労働者数,人,2023_001195791.xlsx,別表２,2026-09-07T13:45:09Z
foreign_employment,2023,令和５年10月末時点,都道府県,大阪,大阪,20722,うち派遣・請負労働者,人,2023_001195791.xlsx,別表２,2026-09-07T13:45:09Z
foreign_employment,2023,令和５年10月末時点,都道府県,兵庫,兵庫,10312,事業所数,所,2023_001195791.xlsx,別表２,2026-09-07T13:45:09Z
foreign_employment,2023,令和５年10月末時点,都道府県,兵庫,兵庫,494,うち派遣・請負事業所,所,2023_001195791.xlsx,別表２,2026-09-07T13:45:09Z
foreign_employment,2023,令和５年10月末時点,都道府県,兵庫,兵庫,57375,外国人労働者数,人,2023_001195791.xlsx,別表２,2026-09-07T13:45:09Z
foreign_employment,2023,令和５年10月末時点,都道府県,兵庫,兵庫,8810,うち派遣・請負労働者,人,2023_001195791.xlsx,別表２,2026-09-07T13:45:09Z
foreign_employment,2023,令和５年10月末時点,都道府県,奈良,奈良,1628,事業所数,所,2023_001195791.xlsx,別表２,2026-09-07T13:45:09Z
foreign_employment,2023,令和５年10月末時点,都道府県,奈良,奈良,48,うち派遣・請負事業所,所,2023_001195791.xlsx,別表２,2026-09-07T13:45:09Z
foreign_employment,2023,令和５年10月末時点,都道府県,奈良,奈良,8447,外国人労働者数,人,2023_001195791.xlsx,別表２,2026-09-07T13:45:09Z
foreign_employment,2023,令和５年10月末時点,都道府県,奈良,奈良,578,うち派遣・請負労働者,人,2023_001195791.xlsx,別表２,2026-09-07T13:45:09Z
foreign_employment,2023,令和５年10月末時点,都道府県,和歌山,和歌山,1034,事業所数,所,2023_001195791.xlsx,別表２,2026-09-07T13:45:09Z
foreign_employment,2023,令和５年10月末時点,都道府県,和歌山,和歌山,53,うち派遣・請負事業所,所,2023_001195791.xlsx,別表２,2026-09-07T13:45:09Z
foreign_employment,2023,令和５年10月末時点,都道府県,和歌山,和歌山,4682,外国人労働者数,人,2023_001195791.xlsx,別表２,2026-09-07T13:45:09Z
foreign_employment,2023,令和５年10月末時点,都道府県,和歌山,和歌山,302,うち派遣・請負労働者,人,2023_001195791.xlsx,別表２,2026-09-07T13:45:09Z
foreign_employment,2023,令和５年10月末時点,都道府県,鳥取,鳥取,719,事業所数,所,2023_001195791.xlsx,別表２,2026-09-07T13:45:09Z
foreign_employment,2023,令和５年10月末時点,都道府県,鳥取,鳥取,27,うち派遣・請負事業所,所,2023_001195791.xlsx,別表２,2026-09-07T13:45:09Z
foreign_employment,2023,令和５年10月末時点,都道府県,鳥取,鳥取,3526,外国人労働者数,人,2023_001195791.xlsx,別表２,2026-09-07T13:45:09Z
foreign_employment,2023,令和５年10月末時点,都道府県,鳥取,鳥取,80,うち派遣・請負労働者,人,2023_001195791.xlsx,別表２,2026-09-07T13:45:09Z
foreign_employment,2023,令和５年10月末時点,都道府県,島根,島根,873,事業所数,所,2023_001195791.xlsx,別表２,2026-09-07T13:45:09Z
foreign_employment,2023,令和５年10月末時点,都道府県,島根,島根,28,うち派遣・請負事業所,所,2023_001195791.xlsx,別表２,2026-09-07T13:45:09Z
foreign_employment,2023,令和５年10月末時点,都道府県,島根,島根,4978,外国人労働者数,人,2023_001195791.xlsx,別表２,2026-09-07T13:45:09Z
foreign_employment,2023,令和５年10月末時点,都道府県,島根,島根,1079,うち派遣・請負労働者,人,2023_001195791.xlsx,別表２,2026-09-07T13:45:09Z
foreign_employment,2023,令和５年10月末時点,都道府県,岡山,岡山,3406,事業所数,所,2023_001195791.xlsx,別表２,2026-09-07T13:45:09Z
foreign_employment,2023,令和５年10月末時点,都道府県,岡山,岡山,112,うち派遣・請負事業所,所,2023_001195791.xlsx,別表２,2026-09-07T13:45:09Z
foreign_employment,2023,令和５年10月末時点,都道府県,岡山,岡山,24052,外国人労働者数,人,2023_001195791.xlsx,別表２,2026-09-07T13:45:09Z
foreign_employment,2023,令和５年10月末時点,都道府県,岡山,岡山,2115,うち派遣・請負労働者,人,2023_001195791.xlsx,別表２,2026-09-07T13:45:09Z
foreign_employment,2023,令和５年10月末時点,都道府県,広島,広島,6328,事業所数,所,2023_001195791.xlsx,別表２,2026-09-07T13:45:09Z
foreign_employment,2023,令和５年10月末時点,都道府県,広島,広島,394,うち派遣・請負事業所,所,2023_001195791.xlsx,別表２,2026-09-07T13:45:09Z
foreign_employment,2023,令和５年10月末時点,都道府県,広島,広島,44093,外国人労働者数,人,2023_001195791.xlsx,別表２,2026-09-07T13:45:09Z
foreign_employment,2023,令和５年10月末時点,都道府県,広島,広島,4897,うち派遣・請負労働者,人,2023_001195791.xlsx,別表２,2026-09-07T13:45:09Z
foreign_employment,2023,令和５年10月末時点,都道府県,山口,山口,1992,事業所数,所,2023_001195791.xlsx,別表２,2026-09-07T13:45:09Z
foreign_employment,2023,令和５年10月末時点,都道府県,山口,山口,113,うち派遣・請負事業所,所,2023_001195791.xlsx,別表２,2026-09-07T13:45:09Z
foreign_employment,2023,令和５年10月末時点,都道府県,山口,山口,10931,外国人労働者数,人,2023_001195791.xlsx,別表２,2026-09-07T13:45:09Z
foreign_employment,2023,令和５年10月末時点,都道府県,山口,山口,969,うち派遣・請負労働者,人,2023_001195791.xlsx,別表２,2026-09-07T13:45:09Z
foreign_employment,2023,令和５年10月末時点,都道府県,徳島,徳島,1230,事業所数,所,2023_001195791.xlsx,別表２,2026-09-07T13:45:09Z
foreign_employment,2023,令和５年10月末時点,都道府県,徳島,徳島,53,うち派遣・請負事業所,所,2023_001195791.xlsx,別表２,2026-09-07T13:45:09Z
foreign_employment,2023,令和５年10月末時点,都道府県,徳島,徳島,5656,外国人労働者数,人,2023_001195791.xlsx,別表２,2026-09-07T13:45:09Z
foreign_employment,2023,令和５年10月末時点,都道府県,徳島,徳島,354,うち派遣・請負労働者,人,2023_001195791.xlsx,別表２,2026-09-07T13:45:09Z
foreign_employment,2023,令和５年10月末時点,都道府県,香川,香川,1980,事業所数,所,2023_001195791.xlsx,別表２,2026-09-07T13:45:09Z
foreign_employment,2023,令和５年10月末時点,都道府県,香川,香川,98,うち派遣・請負事業所,所,2023_001195791.xlsx,別表２,2026-09-07T13:45:09Z
foreign_employment,2023,令和５年10月末時点,都道府県,香川,香川,12302,外国人労働者数,人,2023_001195791.xlsx,別表２,2026-09-07T13:45:09Z
foreign_employment,2023,令和５年10月末時点,都道府県,香川,香川,648,うち派遣・請負労働者,人,2023_001195791.xlsx,別表２,2026-09-07T13:45:09Z
foreign_employment,2023,令和５年10月末時点,都道府県,愛媛,愛媛,2131,事業所数,所,2023_001195791.xlsx,別表２,2026-09-07T13:45:09Z
foreign_employment,2023,令和５年10月末時点,都道府県,愛媛,愛媛,229,うち派遣・請負事業所,所,2023_001195791.xlsx,別表２,2026-09-07T13:45:09Z
foreign_employment,2023,令和５年10月末時点,都道府県,愛媛,愛媛,12476,外国人労働者数,人,2023_001195791.xlsx,別表２,2026-09-07T13:45:09Z
foreign_employment,2023,令和５年10月末時点,都道府県,愛媛,愛媛,1697,うち派遣・請負労働者,人,2023_001195791.xlsx,別表２,2026-09-07T13:45:09Z
foreign_employment,2023,令和５年10月末時点,都道府県,高知,高知,1106,事業所数,所,2023_001195791.xlsx,別表２,2026-09-07T13:45:09Z
foreign_employment,2023,令和５年10月末時点,都道府県,高知,高知,25,うち派遣・請負事業所,所,2023_001195791.xlsx,別表２,2026-09-07T13:45:09Z
foreign_employment,2023,令和５年10月末時点,都道府県,高知,高知,4510,外国人労働者数,人,2023_001195791.xlsx,別表２,2026-09-07T13:45:09Z
foreign_employment,2023,令和５年10月末時点,都道府県,高知,高知,89,うち派遣・請負労働者,人,2023_001195791.xlsx,別表２,2026-09-07T13:45:09Z
foreign_employment,2023,令和５年10月末時点,都道府県,福岡,福岡,11349,事業所数,所,2023_001195791.xlsx,別表２,2026-09-07T13:45:09Z
foreign_employment,2023,令和５年10月末時点,都道府県,福岡,福岡,618,うち派遣・請負事業所,所,2023_001195791.xlsx,別表２,2026-09-07T13:45:09Z
foreign_employment,2023,令和５年10月末時点,都道府県,福岡,福岡,64990,外国人労働者数,人,2023_001195791.xlsx,別表２,2026-09-07T13:45:09Z
foreign_employment,2023,令和５年10月末時点,都道府県,福岡,福岡,10374,うち派遣・請負労働者,人,2023_001195791.xlsx,別表２,2026-09-07T13:45:09Z
foreign_employment,2023,令和５年10月末時点,都道府県,佐賀,佐賀,1179,事業所数,所,2023_001195791.xlsx,別表２,2026-09-07T13:45:09Z
foreign_employment,2023,令和５年10月末時点,都道府県,佐賀,佐賀,28,うち派遣・請負事業所,所,2023_001195791.xlsx,別表２,2026-09-07T13:45:09Z
foreign_employment,2023,令和５年10月末時点,都道府県,佐賀,佐賀,7350,外国人労働者数,人,2023_001195791.xlsx,別表２,2026-09-07T13:45:09Z
foreign_employment,2023,令和５年10月末時点,都道府県,佐賀,佐賀,277,うち派遣・請負労働者,人,2023_001195791.xlsx,別表２,2026-09-07T13:45:09Z
foreign_employment,2023,令和５年10月末時点,都道府県,長崎,長崎,1837,事業所数,所,2023_001195791.xlsx,別表２,2026-09-07T13:45:09Z
foreign_employment,2023,令和５年10月末時点,都道府県,長崎,長崎,76,うち派遣・請負事業所,所,2023_001195791.xlsx,別表２,2026-09-07T13:45:09Z
foreign_employment,2023,令和５年10月末時点,都道府県,長崎,長崎,8663,外国人労働者数,人,2023_001195791.xlsx,別表２,2026-09-07T13:45:09Z
foreign_employment,2023,令和５年10月末時点,都道府県,長崎,長崎,675,うち派遣・請負労働者,人,2023_001195791.xlsx,別表２,2026-09-07T13:45:09Z
foreign_employment,2023,令和５年10月末時点,都道府県,熊本,熊本,3578,事業所数,所,2023_001195791.xlsx,別表２,2026-09-07T13:45:09Z
foreign_employment,2023,令和５年10月末時点,都道府県,熊本,熊本,117,うち派遣・請負事業所,所,2023_001195791.xlsx,別表２,2026-09-07T13:45:09Z
foreign_employment,2023,令和５年10月末時点,都道府県,熊本,熊本,18226,外国人労働者数,人,2023_001195791.xlsx,別表２,2026-09-07T13:45:09Z
foreign_employment,2023,令和５年10月末時点,都道府県,熊本,熊本,1348,うち派遣・請負労働者,人,2023_001195791.xlsx,別表２,2026-09-07T13:45:09Z
foreign_employment,2023,令和５年10月末時点,都道府県,大分,大分,1996,事業所数,所,2023_001195791.xlsx,別表２,2026-09-07T13:45:09Z
foreign_employment,2023,令和５年10月末時点,都道府県,大分,大分,58,うち派遣・請負事業所,所,2023_001195791.xlsx,別表２,2026-09-07T13:45:09Z
foreign_employment,2023,令和５年10月末時点,都道府県,大分,大分,9982,外国人労働者数,人,2023_001195791.xlsx,別表２,2026-09-07T13:45:09Z
foreign_employment,2023,令和５年10月末時点,都道府県,大分,大分,521,うち派遣・請負労働者,人,2023_001195791.xlsx,別表２,2026-09-07T13:45:09Z
foreign_employment,2023,令和５年10月末時点,都道府県,宮崎,宮崎,1357,事業所数,所,2023_001195791.xlsx,別表２,2026-09-07T13:45:09Z
foreign_employment,2023,令和５年10月末時点,都道府県,宮崎,宮崎,16,うち派遣・請負事業所,所,2023_001195791.xlsx,別表２,2026-09-07T13:45:09Z
foreign_employment,2023,令和５年10月末時点,都道府県,宮崎,宮崎,7021,外国人労働者数,人,2023_001195791.xlsx,別表２,2026-09-07T13:45:09Z
foreign_employment,2023,令和５年10月末時点,都道府県,宮崎,宮崎,102,うち派遣・請負労働者,人,2023_001195791.xlsx,別表２,2026-09-07T13:45:09Z
foreign_employment,2023,令和５年10月末時点,都道府県,鹿児島,鹿児島,2194,事業所数,所,2023_001195791.xlsx,別表２,2026-09-07T13:45:09Z
foreign_employment,2023,令和５年10月末時点,都道府県,鹿児島,鹿児島,73,うち派遣・請負事業所,所,2023_001195791.xlsx,別表２,2026-09-07T13:45:09Z
foreign_employment,2023,令和５年10月末時点,都道府県,鹿児島,鹿児島,12015,外国人労働者数,人,2023_001195791.xlsx,別表２,2026-09-07T13:45:09Z
foreign_employment,2023,令和５年10月末時点,都道府県,鹿児島,鹿児島,679,うち派遣・請負労働者,人,2023_001195791.xlsx,別表２,2026-09-07T13:45:09Z
foreign_employment,2023,令和５年10月末時点,都道府県,沖縄,沖縄,3029,事業所数,所,2023_001195791.xlsx,別表２,2026-09-07T13:45:09Z
foreign_employment,2023,令和５年10月末時点,都道府県,沖縄,沖縄,152,うち派遣・請負事業所,所,2023_001195791.xlsx,別表２,2026-09-07T13:45:09Z
foreign_employment,2023,令和５年10月末時点,都道府県,沖縄,沖縄,14406,外国人労働者数,人,2023_001195791.xlsx,別表２,2026-09-07T13:45:09Z
foreign_employment,2023,令和５年10月末時点,都道府県,沖縄,沖縄,1988,うち派遣・請負労働者,人,2023_001195791.xlsx,別表２,2026-09-07T13:45:09Z
foreign_employment,2023,令和５年10月末時点,産業,全産業計,全産業計,318775,事業所数,所,2023_001195791.xlsx,別表４,2026-09-07T13:45:09Z
foreign_employment,2023,令和５年10月末時点,産業,全産業計,全産業計,19722,うち派遣・請負事業所,所,2023_001195791.xlsx,別表４,2026-09-07T13:45:09Z
foreign_employment,2023,令和５年10月末時点,産業,全産業計,全産業計,2048675,外国人労働者数,人,2023_001195791.xlsx,別表４,2026-09-07T13:45:09Z
foreign_employment,2023,令和５年10月末時点,産業,全産業計,全産業計,372287,うち派遣・請負労働者,人,2023_001195791.xlsx,別表４,2026-09-07T13:45:09Z
foreign_employment,2023,令和５年10月末時点,産業,農業、林業,農業、林業,12683,事業所数,所,2023_001195791.xlsx,別表４,2026-09-07T13:45:09Z
foreign_employment,2023,令和５年10月末時点,産業,農業、林業,農業、林業,182,うち派遣・請負事業所,所,2023_001195791.xlsx,別表４,2026-09-07T13:45:09Z
foreign_employment,2023,令和５年10月末時点,産業,農業、林業,農業、林業,51628,外国人労働者数,人,2023_001195791.xlsx,別表４,2026-09-07T13:45:09Z
foreign_employment,2023,令和５年10月末時点,産業,農業、林業,農業、林業,1178,うち派遣・請負労働者,人,2023_001195791.xlsx,別表４,2026-09-07T13:45:09Z
foreign_employment,2023,令和５年10月末時点,産業,漁業,漁業,1404,事業所数,所,2023_001195791.xlsx,別表４,2026-09-07T13:45:09Z
foreign_employment,2023,令和５年10月末時点,産業,漁業,漁業,7,うち派遣・請負事業所,所,2023_001195791.xlsx,別表４,2026-09-07T13:45:09Z
foreign_employment,2023,令和５年10月末時点,産業,漁業,漁業,5507,外国人労働者数,人,2023_001195791.xlsx,別表４,2026-09-07T13:45:09Z
foreign_employment,2023,令和５年10月末時点,産業,漁業,漁業,38,うち派遣・請負労働者,人,2023_001195791.xlsx,別表４,2026-09-07T13:45:09Z
foreign_employment,2023,令和５年10月末時点,産業,鉱業、採石業、砂利採取業,鉱業、採石業、砂利採取業,103,事業所数,所,2023_001195791.xlsx,別表４,2026-09-07T13:45:09Z
foreign_employment,2023,令和５年10月末時点,産業,鉱業、採石業、砂利採取業,鉱業、採石業、砂利採取業,3,うち派遣・請負事業所,所,2023_001195791.xlsx,別表４,2026-09-07T13:45:09Z
foreign_employment,2023,令和５年10月末時点,産業,鉱業、採石業、砂利採取業,鉱業、採石業、砂利採取業,451,外国人労働者数,人,2023_001195791.xlsx,別表４,2026-09-07T13:45:09Z
foreign_employment,2023,令和５年10月末時点,産業,鉱業、採石業、砂利採取業,鉱業、採石業、砂利採取業,55,うち派遣・請負労働者,人,2023_001195791.xlsx,別表４,2026-09-07T13:45:09Z
foreign_employment,2023,令和５年10月末時点,産業,建設業,建設業,39415,事業所数,所,2023_001195791.xlsx,別表４,2026-09-07T13:45:09Z
foreign_employment,2023,令和５年10月末時点,産業,建設業,建設業,1729,うち派遣・請負事業所,所,2023_001195791.xlsx,別表４,2026-09-07T13:45:09Z
foreign_employment,2023,令和５年10月末時点,産業,建設業,建設業,144981,外国人労働者数,人,2023_001195791.xlsx,別表４,2026-09-07T13:45:09Z
foreign_employment,2023,令和５年10月末時点,産業,建設業,建設業,8337,うち派遣・請負労働者,人,2023_001195791.xlsx,別表４,2026-09-07T13:45:09Z
foreign_employment,2023,令和５年10月末時点,産業,製造業,製造業,54980,事業所数,所,2023_001195791.xlsx,別表４,2026-09-07T13:45:09Z
foreign_employment,2023,令和５年10月末時点,産業,製造業,製造業,4003,うち派遣・請負事業所,所,2023_001195791.xlsx,別表４,2026-09-07T13:45:09Z
foreign_employment,2023,令和５年10月末時点,産業,製造業,製造業,552399,外国人労働者数,人,2023_001195791.xlsx,別表４,2026-09-07T13:45:09Z
foreign_employment,2023,令和５年10月末時点,産業,製造業,製造業,75813,うち派遣・請負労働者,人,2023_001195791.xlsx,別表４,2026-09-07T13:45:09Z
foreign_employment,2023,令和５年10月末時点,産業,電気・ガス・熱供給・水道業,電気・ガス・熱供給・水道業,189,事業所数,所,2023_001195791.xlsx,別表４,2026-09-07T13:45:09Z
foreign_employment,2023,令和５年10月末時点,産業,電気・ガス・熱供給・水道業,電気・ガス・熱供給・水道業,13,うち派遣・請負事業所,所,2023_001195791.xlsx,別表４,2026-09-07T13:45:09Z
foreign_employment,2023,令和５年10月末時点,産業,電気・ガス・熱供給・水道業,電気・ガス・熱供給・水道業,724,外国人労働者数,人,2023_001195791.xlsx,別表４,2026-09-07T13:45:09Z
foreign_employment,2023,令和５年10月末時点,産業,電気・ガス・熱供給・水道業,電気・ガス・熱供給・水道業,67,うち派遣・請負労働者,人,2023_001195791.xlsx,別表４,2026-09-07T13:45:09Z
foreign_employment,2023,令和５年10月末時点,産業,情報通信業,情報通信業,13248,事業所数,所,2023_001195791.xlsx,別表４,2026-09-07T13:45:09Z
foreign_employment,2023,令和５年10月末時点,産業,情報通信業,情報通信業,1120,うち派遣・請負事業所,所,2023_001195791.xlsx,別表４,2026-09-07T13:45:09Z
foreign_employment,2023,令和５年10月末時点,産業,情報通信業,情報通信業,85401,外国人労働者数,人,2023_001195791.xlsx,別表４,2026-09-07T13:45:09Z
foreign_employment,2023,令和５年10月末時点,産業,情報通信業,情報通信業,10871,うち派遣・請負労働者,人,2023_001195791.xlsx,別表４,2026-09-07T13:45:09Z
foreign_employment,2023,令和５年10月末時点,産業,運輸業、郵便業,運輸業、郵便業,9080,事業所数,所,2023_001195791.xlsx,別表４,2026-09-07T13:45:09Z
foreign_employment,2023,令和５年10月末時点,産業,運輸業、郵便業,運輸業、郵便業,581,うち派遣・請負事業所,所,2023_001195791.xlsx,別表４,2026-09-07T13:45:09Z
foreign_employment,2023,令和５年10月末時点,産業,運輸業、郵便業,運輸業、郵便業,66581,外国人労働者数,人,2023_001195791.xlsx,別表４,2026-09-07T13:45:09Z
foreign_employment,2023,令和５年10月末時点,産業,運輸業、郵便業,運輸業、郵便業,11580,うち派遣・請負労働者,人,2023_001195791.xlsx,別表４,2026-09-07T13:45:09Z
foreign_employment,2023,令和５年10月末時点,産業,卸売業、小売業,卸売業、小売業,59497,事業所数,所,2023_001195791.xlsx,別表４,2026-09-07T13:45:09Z
foreign_employment,2023,令和５年10月末時点,産業,卸売業、小売業,卸売業、小売業,1213,うち派遣・請負事業所,所,2023_001195791.xlsx,別表４,2026-09-07T13:45:09Z
foreign_employment,2023,令和５年10月末時点,産業,卸売業、小売業,卸売業、小売業,263555,外国人労働者数,人,2023_001195791.xlsx,別表４,2026-09-07T13:45:09Z
foreign_employment,2023,令和５年10月末時点,産業,卸売業、小売業,卸売業、小売業,10493,うち派遣・請負労働者,人,2023_001195791.xlsx,別表４,2026-09-07T13:45:09Z
foreign_employment,2023,令和５年10月末時点,産業,金融業、保険業,金融業、保険業,1564,事業所数,所,2023_001195791.xlsx,別表４,2026-09-07T13:45:09Z
foreign_employment,2023,令和５年10月末時点,産業,金融業、保険業,金融業、保険業,63,うち派遣・請負事業所,所,2023_001195791.xlsx,別表４,2026-09-07T13:45:09Z
foreign_employment,2023,令和５年10月末時点,産業,金融業、保険業,金融業、保険業,12188,外国人労働者数,人,2023_001195791.xlsx,別表４,2026-09-07T13:45:09Z
foreign_employment,2023,令和５年10月末時点,産業,金融業、保険業,金融業、保険業,884,うち派遣・請負労働者,人,2023_001195791.xlsx,別表４,2026-09-07T13:45:09Z
foreign_employment,2023,令和５年10月末時点,産業,不動産業、物品賃貸業,不動産業、物品賃貸業,4530,事業所数,所,2023_001195791.xlsx,別表４,2026-09-07T13:45:09Z
foreign_employment,2023,令和５年10月末時点,産業,不動産業、物品賃貸業,不動産業、物品賃貸業,144,うち派遣・請負事業所,所,2023_001195791.xlsx,別表４,2026-09-07T13:45:09Z
foreign_employment,2023,令和５年10月末時点,産業,不動産業、物品賃貸業,不動産業、物品賃貸業,19332,外国人労働者数,人,2023_001195791.xlsx,別表４,2026-09-07T13:45:09Z
foreign_employment,2023,令和５年10月末時点,産業,不動産業、物品賃貸業,不動産業、物品賃貸業,2078,うち派遣・請負労働者,人,2023_001195791.xlsx,別表４,2026-09-07T13:45:09Z
foreign_employment,2023,令和５年10月末時点,産業,学術研究、専門・技術サービス業,学術研究、専門・技術サービス業,12701,事業所数,所,2023_001195791.xlsx,別表４,2026-09-07T13:45:09Z
foreign_employment,2023,令和５年10月末時点,産業,学術研究、専門・技術サービス業,学術研究、専門・技術サービス業,798,うち派遣・請負事業所,所,2023_001195791.xlsx,別表４,2026-09-07T13:45:09Z
foreign_employment,2023,令和５年10月末時点,産業,学術研究、専門・技術サービス業,学術研究、専門・技術サービス業,71700,外国人労働者数,人,2023_001195791.xlsx,別表４,2026-09-07T13:45:09Z
foreign_employment,2023,令和５年10月末時点,産業,学術研究、専門・技術サービス業,学術研究、専門・技術サービス業,12879,うち派遣・請負労働者,人,2023_001195791.xlsx,別表４,2026-09-07T13:45:09Z
foreign_employment,2023,令和５年10月末時点,産業,宿泊業、飲食サービス業,宿泊業、飲食サービス業,45495,事業所数,所,2023_001195791.xlsx,別表４,2026-09-07T13:45:09Z
foreign_employment,2023,令和５年10月末時点,産業,宿泊業、飲食サービス業,宿泊業、飲食サービス業,687,うち派遣・請負事業所,所,2023_001195791.xlsx,別表４,2026-09-07T13:45:09Z
foreign_employment,2023,令和５年10月末時点,産業,宿泊業、飲食サービス業,宿泊業、飲食サービス業,233911,外国人労働者数,人,2023_001195791.xlsx,別表４,2026-09-07T13:45:09Z
foreign_employment,2023,令和５年10月末時点,産業,宿泊業、飲食サービス業,宿泊業、飲食サービス業,7500,うち派遣・請負労働者,人,2023_001195791.xlsx,別表４,2026-09-07T13:45:09Z
foreign_employment,2023,令和５年10月末時点,産業,生活関連サービス業、娯楽業,生活関連サービス業、娯楽業,6104,事業所数,所,2023_001195791.xlsx,別表４,2026-09-07T13:45:09Z
foreign_employment,2023,令和５年10月末時点,産業,生活関連サービス業、娯楽業,生活関連サービス業、娯楽業,233,うち派遣・請負事業所,所,2023_001195791.xlsx,別表４,2026-09-07T13:45:09Z
foreign_employment,2023,令和５年10月末時点,産業,生活関連サービス業、娯楽業,生活関連サービス業、娯楽業,25971,外国人労働者数,人,2023_001195791.xlsx,別表４,2026-09-07T13:45:09Z
foreign_employment,2023,令和５年10月末時点,産業,生活関連サービス業、娯楽業,生活関連サービス業、娯楽業,3722,うち派遣・請負労働者,人,2023_001195791.xlsx,別表４,2026-09-07T13:45:09Z
foreign_employment,2023,令和５年10月末時点,産業,教育、学習支援業,教育、学習支援業,7545,事業所数,所,2023_001195791.xlsx,別表４,2026-09-07T13:45:09Z
foreign_employment,2023,令和５年10月末時点,産業,教育、学習支援業,教育、学習支援業,249,うち派遣・請負事業所,所,2023_001195791.xlsx,別表４,2026-09-07T13:45:09Z
foreign_employment,2023,令和５年10月末時点,産業,教育、学習支援業,教育、学習支援業,80033,外国人労働者数,人,2023_001195791.xlsx,別表４,2026-09-07T13:45:09Z
foreign_employment,2023,令和５年10月末時点,産業,教育、学習支援業,教育、学習支援業,4834,うち派遣・請負労働者,人,2023_001195791.xlsx,別表４,2026-09-07T13:45:09Z
foreign_employment,2023,令和５年10月末時点,産業,医療、福祉,医療、福祉,20537,事業所数,所,2023_001195791.xlsx,別表４,2026-09-07T13:45:09Z
foreign_employment,2023,令和５年10月末時点,産業,医療、福祉,医療、福祉,477,うち派遣・請負事業所,所,2023_001195791.xlsx,別表４,2026-09-07T13:45:09Z
foreign_employment,2023,令和５年10月末時点,産業,医療、福祉,医療、福祉,90839,外国人労働者数,人,2023_001195791.xlsx,別表４,2026-09-07T13:45:09Z
foreign_employment,2023,令和５年10月末時点,産業,医療、福祉,医療、福祉,2846,うち派遣・請負労働者,人,2023_001195791.xlsx,別表４,2026-09-07T13:45:09Z
foreign_employment,2023,令和５年10月末時点,産業,複合サービス事業,複合サービス事業,1566,事業所数,所,2023_001195791.xlsx,別表４,2026-09-07T13:45:09Z
foreign_employment,2023,令和５年10月末時点,産業,複合サービス事業,複合サービス事業,60,うち派遣・請負事業所,所,2023_001195791.xlsx,別表４,2026-09-07T13:45:09Z
foreign_employment,2023,令和５年10月末時点,産業,複合サービス事業,複合サービス事業,6268,外国人労働者数,人,2023_001195791.xlsx,別表４,2026-09-07T13:45:09Z
foreign_employment,2023,令和５年10月末時点,産業,複合サービス事業,複合サービス事業,785,うち派遣・請負労働者,人,2023_001195791.xlsx,別表４,2026-09-07T13:45:09Z
foreign_employment,2023,令和５年10月末時点,産業,サービス業（他に分類されないもの）,サービス業（他に分類されないもの）,25054,事業所数,所,2023_001195791.xlsx,別表４,2026-09-07T13:45:09Z
foreign_employment,2023,令和５年10月末時点,産業,サービス業（他に分類されないもの）,サービス業（他に分類されないもの）,8011,うち派遣・請負事業所,所,2023_001195791.xlsx,別表４,2026-09-07T13:45:09Z
foreign_employment,2023,令和５年10月末時点,産業,サービス業（他に分類されないもの）,サービス業（他に分類されないもの）,320755,外国人労働者数,人,2023_001195791.xlsx,別表４,2026-09-07T13:45:09Z
foreign_employment,2023,令和５年10月末時点,産業,サービス業（他に分類されないもの）,サービス業（他に分類されないもの）,216820,うち派遣・請負労働者,人,2023_001195791.xlsx,別表４,2026-09-07T13:45:09Z
foreign_employment,2023,令和５年10月末時点,産業,公務（他に分類されるものを除く）,公務（他に分類されるものを除く）,1943,事業所数,所,2023_001195791.xlsx,別表４,2026-09-07T13:45:09Z
foreign_employment,2023,令和５年10月末時点,産業,公務（他に分類されるものを除く）,公務（他に分類されるものを除く）,73,うち派遣・請負事業所,所,2023_001195791.xlsx,別表４,2026-09-07T13:45:09Z
foreign_employment,2023,令和５年10月末時点,産業,公務（他に分類されるものを除く）,公務（他に分類されるものを除く）,11053,外国人労働者数,人,2023_001195791.xlsx,別表４,2026-09-07T13:45:09Z
foreign_employment,2023,令和５年10月末時点,産業,公務（他に分類されるものを除く）,公務（他に分類されるものを除く）,790,うち派遣・請負労働者,人,2023_001195791.xlsx,別表４,2026-09-07T13:45:09Z
foreign_employment,2023,令和５年10月末時点,産業,分類不能の産業,分類不能の産業,1137,事業所数,所,2023_001195791.xlsx,別表４,2026-09-07T13:45:09Z
foreign_employment,2023,令和５年10月末時点,産業,分類不能の産業,分類不能の産業,76,うち派遣・請負事業所,所,2023_001195791.xlsx,別表４,2026-09-07T13:45:09Z
foreign_employment,2023,令和５年10月末時点,産業,分類不能の産業,分類不能の産業,5398,外国人労働者数,人,2023_001195791.xlsx,別表４,2026-09-07T13:45:09Z
foreign_employment,2023,令和５年10月末時点,産業,分類不能の産業,分類不能の産業,717,うち派遣・請負労働者,人,2023_001195791.xlsx,別表４,2026-09-07T13:45:09Z
foreign_employment,2023,令和５年10月末時点,在留資格,"①専門的・技術的分野の
　在留資格（注３）","①専門的・技術的分野の
　在留資格（注３）",595904,外国人労働者数,人,2023_001195791.xlsx,別表６,2026-09-07T13:45:09Z
foreign_employment,2023,令和５年10月末時点,在留資格,②特定活動（注４）,②特定活動（注４）,71676,外国人労働者数,人,2023_001195791.xlsx,別表６,2026-09-07T13:45:09Z
foreign_employment,2023,令和５年10月末時点,在留資格,③技能実習,③技能実習,412501,外国人労働者数,人,2023_001195791.xlsx,別表６,2026-09-07T13:45:09Z
foreign_employment,2023,令和５年10月末時点,在留資格,④資格外活動,④資格外活動,352581,外国人労働者数,人,2023_001195791.xlsx,別表６,2026-09-07T13:45:09Z
foreign_employment,2023,令和５年10月末時点,在留資格,⑤身分に基づく在留資格　,⑤身分に基づく在留資格　,615934,外国人労働者数,人,2023_001195791.xlsx,別表６,2026-09-07T13:45:09Z
foreign_employment,2023,令和５年10月末時点,在留資格,⑥不明,⑥不明,79,外国人労働者数,人,2023_001195791.xlsx,別表６,2026-09-07T13:45:09Z
foreign_employment,2024,令和６年10月末時点,総数,全国計,全国計,342087,事業所数,所,2024_001389472.xlsx,別表２,2026-09-07T13:45:09Z
foreign_employment,2024,令和６年10月末時点,総数,全国計,全国計,19941,うち派遣・請負事業所,所,2024_001389472.xlsx,別表２,2026-09-07T13:45:09Z
foreign_employment,2024,令和６年10月末時点,総数,全国計,全国計,2302587,外国人労働者数,人,2024_001389472.xlsx,別表２,2026-09-07T13:45:09Z
foreign_employment,2024,令和６年10月末時点,総数,全国計,全国計,399213,うち派遣・請負労働者,人,2024_001389472.xlsx,別表２,2026-09-07T13:45:09Z
foreign_employment,2024,令和６年10月末時点,都道府県,北海道,北海道,7802,事業所数,所,2024_001389472.xlsx,別表２,2026-09-07T13:45:09Z
foreign_employment,2024,令和６年10月末時点,都道府県,北海道,北海道,219,うち派遣・請負事業所,所,2024_001389472.xlsx,別表２,2026-09-07T13:45:09Z
foreign_employment,2024,令和６年10月末時点,都道府県,北海道,北海道,43881,外国人労働者数,人,2024_001389472.xlsx,別表２,2026-09-07T13:45:09Z
foreign_employment,2024,令和６年10月末時点,都道府県,北海道,北海道,1831,うち派遣・請負労働者,人,2024_001389472.xlsx,別表２,2026-09-07T13:45:09Z
foreign_employment,2024,令和６年10月末時点,都道府県,青森,青森,1027,事業所数,所,2024_001389472.xlsx,別表２,2026-09-07T13:45:09Z
foreign_employment,2024,令和６年10月末時点,都道府県,青森,青森,20,うち派遣・請負事業所,所,2024_001389472.xlsx,別表２,2026-09-07T13:45:09Z
foreign_employment,2024,令和６年10月末時点,都道府県,青森,青森,6190,外国人労働者数,人,2024_001389472.xlsx,別表２,2026-09-07T13:45:09Z
foreign_employment,2024,令和６年10月末時点,都道府県,青森,青森,58,うち派遣・請負労働者,人,2024_001389472.xlsx,別表２,2026-09-07T13:45:09Z
foreign_employment,2024,令和６年10月末時点,都道府県,岩手,岩手,1253,事業所数,所,2024_001389472.xlsx,別表２,2026-09-07T13:45:09Z
foreign_employment,2024,令和６年10月末時点,都道府県,岩手,岩手,43,うち派遣・請負事業所,所,2024_001389472.xlsx,別表２,2026-09-07T13:45:09Z
foreign_employment,2024,令和６年10月末時点,都道府県,岩手,岩手,7866,外国人労働者数,人,2024_001389472.xlsx,別表２,2026-09-07T13:45:09Z
foreign_employment,2024,令和６年10月末時点,都道府県,岩手,岩手,272,うち派遣・請負労働者,人,2024_001389472.xlsx,別表２,2026-09-07T13:45:09Z
foreign_employment,2024,令和６年10月末時点,都道府県,宮城,宮城,3268,事業所数,所,2024_001389472.xlsx,別表２,2026-09-07T13:45:09Z
foreign_employment,2024,令和６年10月末時点,都道府県,宮城,宮城,177,うち派遣・請負事業所,所,2024_001389472.xlsx,別表２,2026-09-07T13:45:09Z
foreign_employment,2024,令和６年10月末時点,都道府県,宮城,宮城,19554,外国人労働者数,人,2024_001389472.xlsx,別表２,2026-09-07T13:45:09Z
foreign_employment,2024,令和６年10月末時点,都道府県,宮城,宮城,2404,うち派遣・請負労働者,人,2024_001389472.xlsx,別表２,2026-09-07T13:45:09Z
foreign_employment,2024,令和６年10月末時点,都道府県,秋田,秋田,729,事業所数,所,2024_001389472.xlsx,別表２,2026-09-07T13:45:09Z
foreign_employment,2024,令和６年10月末時点,都道府県,秋田,秋田,10,うち派遣・請負事業所,所,2024_001389472.xlsx,別表２,2026-09-07T13:45:09Z
foreign_employment,2024,令和６年10月末時点,都道府県,秋田,秋田,3536,外国人労働者数,人,2024_001389472.xlsx,別表２,2026-09-07T13:45:09Z
foreign_employment,2024,令和６年10月末時点,都道府県,秋田,秋田,54,うち派遣・請負労働者,人,2024_001389472.xlsx,別表２,2026-09-07T13:45:09Z
foreign_employment,2024,令和６年10月末時点,都道府県,山形,山形,1279,事業所数,所,2024_001389472.xlsx,別表２,2026-09-07T13:45:09Z
foreign_employment,2024,令和６年10月末時点,都道府県,山形,山形,64,うち派遣・請負事業所,所,2024_001389472.xlsx,別表２,2026-09-07T13:45:09Z
foreign_employment,2024,令和６年10月末時点,都道府県,山形,山形,6661,外国人労働者数,人,2024_001389472.xlsx,別表２,2026-09-07T13:45:09Z
foreign_employment,2024,令和６年10月末時点,都道府県,山形,山形,531,うち派遣・請負労働者,人,2024_001389472.xlsx,別表２,2026-09-07T13:45:09Z
foreign_employment,2024,令和６年10月末時点,都道府県,福島,福島,2473,事業所数,所,2024_001389472.xlsx,別表２,2026-09-07T13:45:09Z
foreign_employment,2024,令和６年10月末時点,都道府県,福島,福島,179,うち派遣・請負事業所,所,2024_001389472.xlsx,別表２,2026-09-07T13:45:09Z
foreign_employment,2024,令和６年10月末時点,都道府県,福島,福島,13710,外国人労働者数,人,2024_001389472.xlsx,別表２,2026-09-07T13:45:09Z
foreign_employment,2024,令和６年10月末時点,都道府県,福島,福島,1777,うち派遣・請負労働者,人,2024_001389472.xlsx,別表２,2026-09-07T13:45:09Z
foreign_employment,2024,令和６年10月末時点,都道府県,茨城,茨城,9441,事業所数,所,2024_001389472.xlsx,別表２,2026-09-07T13:45:09Z
foreign_employment,2024,令和６年10月末時点,都道府県,茨城,茨城,453,うち派遣・請負事業所,所,2024_001389472.xlsx,別表２,2026-09-07T13:45:09Z
foreign_employment,2024,令和６年10月末時点,都道府県,茨城,茨城,61909,外国人労働者数,人,2024_001389472.xlsx,別表２,2026-09-07T13:45:09Z
foreign_employment,2024,令和６年10月末時点,都道府県,茨城,茨城,10041,うち派遣・請負労働者,人,2024_001389472.xlsx,別表２,2026-09-07T13:45:09Z
foreign_employment,2024,令和６年10月末時点,都道府県,栃木,栃木,5150,事業所数,所,2024_001389472.xlsx,別表２,2026-09-07T13:45:09Z
foreign_employment,2024,令和６年10月末時点,都道府県,栃木,栃木,467,うち派遣・請負事業所,所,2024_001389472.xlsx,別表２,2026-09-07T13:45:09Z
foreign_employment,2024,令和６年10月末時点,都道府県,栃木,栃木,35569,外国人労働者数,人,2024_001389472.xlsx,別表２,2026-09-07T13:45:09Z
foreign_employment,2024,令和６年10月末時点,都道府県,栃木,栃木,9791,うち派遣・請負労働者,人,2024_001389472.xlsx,別表２,2026-09-07T13:45:09Z
foreign_employment,2024,令和６年10月末時点,都道府県,群馬,群馬,6344,事業所数,所,2024_001389472.xlsx,別表２,2026-09-07T13:45:09Z
foreign_employment,2024,令和６年10月末時点,都道府県,群馬,群馬,475,うち派遣・請負事業所,所,2024_001389472.xlsx,別表２,2026-09-07T13:45:09Z
foreign_employment,2024,令和６年10月末時点,都道府県,群馬,群馬,56938,外国人労働者数,人,2024_001389472.xlsx,別表２,2026-09-07T13:45:09Z
foreign_employment,2024,令和６年10月末時点,都道府県,群馬,群馬,17952,うち派遣・請負労働者,人,2024_001389472.xlsx,別表２,2026-09-07T13:45:09Z
foreign_employment,2024,令和６年10月末時点,都道府県,埼玉,埼玉,17990,事業所数,所,2024_001389472.xlsx,別表２,2026-09-07T13:45:09Z
foreign_employment,2024,令和６年10月末時点,都道府県,埼玉,埼玉,909,うち派遣・請負事業所,所,2024_001389472.xlsx,別表２,2026-09-07T13:45:09Z
foreign_employment,2024,令和６年10月末時点,都道府県,埼玉,埼玉,120062,外国人労働者数,人,2024_001389472.xlsx,別表２,2026-09-07T13:45:09Z
foreign_employment,2024,令和６年10月末時点,都道府県,埼玉,埼玉,23804,うち派遣・請負労働者,人,2024_001389472.xlsx,別表２,2026-09-07T13:45:09Z
foreign_employment,2024,令和６年10月末時点,都道府県,千葉,千葉,15059,事業所数,所,2024_001389472.xlsx,別表２,2026-09-07T13:45:09Z
foreign_employment,2024,令和６年10月末時点,都道府県,千葉,千葉,651,うち派遣・請負事業所,所,2024_001389472.xlsx,別表２,2026-09-07T13:45:09Z
foreign_employment,2024,令和６年10月末時点,都道府県,千葉,千葉,92516,外国人労働者数,人,2024_001389472.xlsx,別表２,2026-09-07T13:45:09Z
foreign_employment,2024,令和６年10月末時点,都道府県,千葉,千葉,11163,うち派遣・請負労働者,人,2024_001389472.xlsx,別表２,2026-09-07T13:45:09Z
foreign_employment,2024,令和６年10月末時点,都道府県,東京,東京,82294,事業所数,所,2024_001389472.xlsx,別表２,2026-09-07T13:45:09Z
foreign_employment,2024,令和６年10月末時点,都道府県,東京,東京,4785,うち派遣・請負事業所,所,2024_001389472.xlsx,別表２,2026-09-07T13:45:09Z
foreign_employment,2024,令和６年10月末時点,都道府県,東京,東京,585791,外国人労働者数,人,2024_001389472.xlsx,別表２,2026-09-07T13:45:09Z
foreign_employment,2024,令和６年10月末時点,都道府県,東京,東京,87122,うち派遣・請負労働者,人,2024_001389472.xlsx,別表２,2026-09-07T13:45:09Z
foreign_employment,2024,令和６年10月末時点,都道府県,神奈川,神奈川,22384,事業所数,所,2024_001389472.xlsx,別表２,2026-09-07T13:45:09Z
foreign_employment,2024,令和６年10月末時点,都道府県,神奈川,神奈川,1654,うち派遣・請負事業所,所,2024_001389472.xlsx,別表２,2026-09-07T13:45:09Z
foreign_employment,2024,令和６年10月末時点,都道府県,神奈川,神奈川,134101,外国人労働者数,人,2024_001389472.xlsx,別表２,2026-09-07T13:45:09Z
foreign_employment,2024,令和６年10月末時点,都道府県,神奈川,神奈川,22462,うち派遣・請負労働者,人,2024_001389472.xlsx,別表２,2026-09-07T13:45:09Z
foreign_employment,2024,令和６年10月末時点,都道府県,新潟,新潟,2594,事業所数,所,2024_001389472.xlsx,別表２,2026-09-07T13:45:09Z
foreign_employment,2024,令和６年10月末時点,都道府県,新潟,新潟,89,うち派遣・請負事業所,所,2024_001389472.xlsx,別表２,2026-09-07T13:45:09Z
foreign_employment,2024,令和６年10月末時点,都道府県,新潟,新潟,14358,外国人労働者数,人,2024_001389472.xlsx,別表２,2026-09-07T13:45:09Z
foreign_employment,2024,令和６年10月末時点,都道府県,新潟,新潟,1535,うち派遣・請負労働者,人,2024_001389472.xlsx,別表２,2026-09-07T13:45:09Z
foreign_employment,2024,令和６年10月末時点,都道府県,富山,富山,2499,事業所数,所,2024_001389472.xlsx,別表２,2026-09-07T13:45:09Z
foreign_employment,2024,令和６年10月末時点,都道府県,富山,富山,141,うち派遣・請負事業所,所,2024_001389472.xlsx,別表２,2026-09-07T13:45:09Z
foreign_employment,2024,令和６年10月末時点,都道府県,富山,富山,14930,外国人労働者数,人,2024_001389472.xlsx,別表２,2026-09-07T13:45:09Z
foreign_employment,2024,令和６年10月末時点,都道府県,富山,富山,2272,うち派遣・請負労働者,人,2024_001389472.xlsx,別表２,2026-09-07T13:45:09Z
foreign_employment,2024,令和６年10月末時点,都道府県,石川,石川,2299,事業所数,所,2024_001389472.xlsx,別表２,2026-09-07T13:45:09Z
foreign_employment,2024,令和６年10月末時点,都道府県,石川,石川,191,うち派遣・請負事業所,所,2024_001389472.xlsx,別表２,2026-09-07T13:45:09Z
foreign_employment,2024,令和６年10月末時点,都道府県,石川,石川,15092,外国人労働者数,人,2024_001389472.xlsx,別表２,2026-09-07T13:45:09Z
foreign_employment,2024,令和６年10月末時点,都道府県,石川,石川,2668,うち派遣・請負労働者,人,2024_001389472.xlsx,別表２,2026-09-07T13:45:09Z
foreign_employment,2024,令和６年10月末時点,都道府県,福井,福井,1841,事業所数,所,2024_001389472.xlsx,別表２,2026-09-07T13:45:09Z
foreign_employment,2024,令和６年10月末時点,都道府県,福井,福井,62,うち派遣・請負事業所,所,2024_001389472.xlsx,別表２,2026-09-07T13:45:09Z
foreign_employment,2024,令和６年10月末時点,都道府県,福井,福井,13594,外国人労働者数,人,2024_001389472.xlsx,別表２,2026-09-07T13:45:09Z
foreign_employment,2024,令和６年10月末時点,都道府県,福井,福井,3585,うち派遣・請負労働者,人,2024_001389472.xlsx,別表２,2026-09-07T13:45:09Z
foreign_employment,2024,令和６年10月末時点,都道府県,山梨,山梨,2092,事業所数,所,2024_001389472.xlsx,別表２,2026-09-07T13:45:09Z
foreign_employment,2024,令和６年10月末時点,都道府県,山梨,山梨,126,うち派遣・請負事業所,所,2024_001389472.xlsx,別表２,2026-09-07T13:45:09Z
foreign_employment,2024,令和６年10月末時点,都道府県,山梨,山梨,12462,外国人労働者数,人,2024_001389472.xlsx,別表２,2026-09-07T13:45:09Z
foreign_employment,2024,令和６年10月末時点,都道府県,山梨,山梨,2559,うち派遣・請負労働者,人,2024_001389472.xlsx,別表２,2026-09-07T13:45:09Z
foreign_employment,2024,令和６年10月末時点,都道府県,長野,長野,4992,事業所数,所,2024_001389472.xlsx,別表２,2026-09-07T13:45:09Z
foreign_employment,2024,令和６年10月末時点,都道府県,長野,長野,247,うち派遣・請負事業所,所,2024_001389472.xlsx,別表２,2026-09-07T13:45:09Z
foreign_employment,2024,令和６年10月末時点,都道府県,長野,長野,27834,外国人労働者数,人,2024_001389472.xlsx,別表２,2026-09-07T13:45:09Z
foreign_employment,2024,令和６年10月末時点,都道府県,長野,長野,3778,うち派遣・請負労働者,人,2024_001389472.xlsx,別表２,2026-09-07T13:45:09Z
foreign_employment,2024,令和６年10月末時点,都道府県,岐阜,岐阜,5739,事業所数,所,2024_001389472.xlsx,別表２,2026-09-07T13:45:09Z
foreign_employment,2024,令和６年10月末時点,都道府県,岐阜,岐阜,315,うち派遣・請負事業所,所,2024_001389472.xlsx,別表２,2026-09-07T13:45:09Z
foreign_employment,2024,令和６年10月末時点,都道府県,岐阜,岐阜,43733,外国人労働者数,人,2024_001389472.xlsx,別表２,2026-09-07T13:45:09Z
foreign_employment,2024,令和６年10月末時点,都道府県,岐阜,岐阜,9830,うち派遣・請負労働者,人,2024_001389472.xlsx,別表２,2026-09-07T13:45:09Z
foreign_employment,2024,令和６年10月末時点,都道府県,静岡,静岡,10235,事業所数,所,2024_001389472.xlsx,別表２,2026-09-07T13:45:09Z
foreign_employment,2024,令和６年10月末時点,都道府県,静岡,静岡,1258,うち派遣・請負事業所,所,2024_001389472.xlsx,別表２,2026-09-07T13:45:09Z
foreign_employment,2024,令和６年10月末時点,都道府県,静岡,静岡,81560,外国人労働者数,人,2024_001389472.xlsx,別表２,2026-09-07T13:45:09Z
foreign_employment,2024,令和６年10月末時点,都道府県,静岡,静岡,30580,うち派遣・請負労働者,人,2024_001389472.xlsx,別表２,2026-09-07T13:45:09Z
foreign_employment,2024,令和６年10月末時点,都道府県,愛知,愛知,26979,事業所数,所,2024_001389472.xlsx,別表２,2026-09-07T13:45:09Z
foreign_employment,2024,令和６年10月末時点,都道府県,愛知,愛知,2546,うち派遣・請負事業所,所,2024_001389472.xlsx,別表２,2026-09-07T13:45:09Z
foreign_employment,2024,令和６年10月末時点,都道府県,愛知,愛知,229627,外国人労働者数,人,2024_001389472.xlsx,別表２,2026-09-07T13:45:09Z
foreign_employment,2024,令和６年10月末時点,都道府県,愛知,愛知,62140,うち派遣・請負労働者,人,2024_001389472.xlsx,別表２,2026-09-07T13:45:09Z
foreign_employment,2024,令和６年10月末時点,都道府県,三重,三重,4961,事業所数,所,2024_001389472.xlsx,別表２,2026-09-07T13:45:09Z
foreign_employment,2024,令和６年10月末時点,都道府県,三重,三重,456,うち派遣・請負事業所,所,2024_001389472.xlsx,別表２,2026-09-07T13:45:09Z
foreign_employment,2024,令和６年10月末時点,都道府県,三重,三重,37091,外国人労働者数,人,2024_001389472.xlsx,別表２,2026-09-07T13:45:09Z
foreign_employment,2024,令和６年10月末時点,都道府県,三重,三重,10648,うち派遣・請負労働者,人,2024_001389472.xlsx,別表２,2026-09-07T13:45:09Z
foreign_employment,2024,令和６年10月末時点,都道府県,滋賀,滋賀,2721,事業所数,所,2024_001389472.xlsx,別表２,2026-09-07T13:45:09Z
foreign_employment,2024,令和６年10月末時点,都道府県,滋賀,滋賀,371,うち派遣・請負事業所,所,2024_001389472.xlsx,別表２,2026-09-07T13:45:09Z
foreign_employment,2024,令和６年10月末時点,都道府県,滋賀,滋賀,24990,外国人労働者数,人,2024_001389472.xlsx,別表２,2026-09-07T13:45:09Z
foreign_employment,2024,令和６年10月末時点,都道府県,滋賀,滋賀,9300,うち派遣・請負労働者,人,2024_001389472.xlsx,別表２,2026-09-07T13:45:09Z
foreign_employment,2024,令和６年10月末時点,都道府県,京都,京都,5837,事業所数,所,2024_001389472.xlsx,別表２,2026-09-07T13:45:09Z
foreign_employment,2024,令和６年10月末時点,都道府県,京都,京都,262,うち派遣・請負事業所,所,2024_001389472.xlsx,別表２,2026-09-07T13:45:09Z
foreign_employment,2024,令和６年10月末時点,都道府県,京都,京都,34786,外国人労働者数,人,2024_001389472.xlsx,別表２,2026-09-07T13:45:09Z
foreign_employment,2024,令和６年10月末時点,都道府県,京都,京都,3262,うち派遣・請負労働者,人,2024_001389472.xlsx,別表２,2026-09-07T13:45:09Z
foreign_employment,2024,令和６年10月末時点,都道府県,大阪,大阪,28167,事業所数,所,2024_001389472.xlsx,別表２,2026-09-07T13:45:09Z
foreign_employment,2024,令和６年10月末時点,都道府県,大阪,大阪,867,うち派遣・請負事業所,所,2024_001389472.xlsx,別表２,2026-09-07T13:45:09Z
foreign_employment,2024,令和６年10月末時点,都道府県,大阪,大阪,174699,外国人労働者数,人,2024_001389472.xlsx,別表２,2026-09-07T13:45:09Z
foreign_employment,2024,令和６年10月末時点,都道府県,大阪,大阪,25283,うち派遣・請負労働者,人,2024_001389472.xlsx,別表２,2026-09-07T13:45:09Z
foreign_employment,2024,令和６年10月末時点,都道府県,兵庫,兵庫,11235,事業所数,所,2024_001389472.xlsx,別表２,2026-09-07T13:45:09Z
foreign_employment,2024,令和６年10月末時点,都道府県,兵庫,兵庫,507,うち派遣・請負事業所,所,2024_001389472.xlsx,別表２,2026-09-07T13:45:09Z
foreign_employment,2024,令和６年10月末時点,都道府県,兵庫,兵庫,66165,外国人労働者数,人,2024_001389472.xlsx,別表２,2026-09-07T13:45:09Z
foreign_employment,2024,令和６年10月末時点,都道府県,兵庫,兵庫,9772,うち派遣・請負労働者,人,2024_001389472.xlsx,別表２,2026-09-07T13:45:09Z
foreign_employment,2024,令和６年10月末時点,都道府県,奈良,奈良,1838,事業所数,所,2024_001389472.xlsx,別表２,2026-09-07T13:45:09Z
foreign_employment,2024,令和６年10月末時点,都道府県,奈良,奈良,51,うち派遣・請負事業所,所,2024_001389472.xlsx,別表２,2026-09-07T13:45:09Z
foreign_employment,2024,令和６年10月末時点,都道府県,奈良,奈良,9929,外国人労働者数,人,2024_001389472.xlsx,別表２,2026-09-07T13:45:09Z
foreign_employment,2024,令和６年10月末時点,都道府県,奈良,奈良,568,うち派遣・請負労働者,人,2024_001389472.xlsx,別表２,2026-09-07T13:45:09Z
foreign_employment,2024,令和６年10月末時点,都道府県,和歌山,和歌山,1163,事業所数,所,2024_001389472.xlsx,別表２,2026-09-07T13:45:09Z
foreign_employment,2024,令和６年10月末時点,都道府県,和歌山,和歌山,52,うち派遣・請負事業所,所,2024_001389472.xlsx,別表２,2026-09-07T13:45:09Z
foreign_employment,2024,令和６年10月末時点,都道府県,和歌山,和歌山,5711,外国人労働者数,人,2024_001389472.xlsx,別表２,2026-09-07T13:45:09Z
foreign_employment,2024,令和６年10月末時点,都道府県,和歌山,和歌山,244,うち派遣・請負労働者,人,2024_001389472.xlsx,別表２,2026-09-07T13:45:09Z
foreign_employment,2024,令和６年10月末時点,都道府県,鳥取,鳥取,746,事業所数,所,2024_001389472.xlsx,別表２,2026-09-07T13:45:09Z
foreign_employment,2024,令和６年10月末時点,都道府県,鳥取,鳥取,25,うち派遣・請負事業所,所,2024_001389472.xlsx,別表２,2026-09-07T13:45:09Z
foreign_employment,2024,令和６年10月末時点,都道府県,鳥取,鳥取,3912,外国人労働者数,人,2024_001389472.xlsx,別表２,2026-09-07T13:45:09Z
foreign_employment,2024,令和６年10月末時点,都道府県,鳥取,鳥取,71,うち派遣・請負労働者,人,2024_001389472.xlsx,別表２,2026-09-07T13:45:09Z
foreign_employment,2024,令和６年10月末時点,都道府県,島根,島根,950,事業所数,所,2024_001389472.xlsx,別表２,2026-09-07T13:45:09Z
foreign_employment,2024,令和６年10月末時点,都道府県,島根,島根,31,うち派遣・請負事業所,所,2024_001389472.xlsx,別表２,2026-09-07T13:45:09Z
foreign_employment,2024,令和６年10月末時点,都道府県,島根,島根,5675,外国人労働者数,人,2024_001389472.xlsx,別表２,2026-09-07T13:45:09Z
foreign_employment,2024,令和６年10月末時点,都道府県,島根,島根,1186,うち派遣・請負労働者,人,2024_001389472.xlsx,別表２,2026-09-07T13:45:09Z
foreign_employment,2024,令和６年10月末時点,都道府県,岡山,岡山,3649,事業所数,所,2024_001389472.xlsx,別表２,2026-09-07T13:45:09Z
foreign_employment,2024,令和６年10月末時点,都道府県,岡山,岡山,121,うち派遣・請負事業所,所,2024_001389472.xlsx,別表２,2026-09-07T13:45:09Z
foreign_employment,2024,令和６年10月末時点,都道府県,岡山,岡山,26676,外国人労働者数,人,2024_001389472.xlsx,別表２,2026-09-07T13:45:09Z
foreign_employment,2024,令和６年10月末時点,都道府県,岡山,岡山,2212,うち派遣・請負労働者,人,2024_001389472.xlsx,別表２,2026-09-07T13:45:09Z
foreign_employment,2024,令和６年10月末時点,都道府県,広島,広島,6660,事業所数,所,2024_001389472.xlsx,別表２,2026-09-07T13:45:09Z
foreign_employment,2024,令和６年10月末時点,都道府県,広島,広島,402,うち派遣・請負事業所,所,2024_001389472.xlsx,別表２,2026-09-07T13:45:09Z
foreign_employment,2024,令和６年10月末時点,都道府県,広島,広島,48351,外国人労働者数,人,2024_001389472.xlsx,別表２,2026-09-07T13:45:09Z
foreign_employment,2024,令和６年10月末時点,都道府県,広島,広島,4908,うち派遣・請負労働者,人,2024_001389472.xlsx,別表２,2026-09-07T13:45:09Z
foreign_employment,2024,令和６年10月末時点,都道府県,山口,山口,2171,事業所数,所,2024_001389472.xlsx,別表２,2026-09-07T13:45:09Z
foreign_employment,2024,令和６年10月末時点,都道府県,山口,山口,114,うち派遣・請負事業所,所,2024_001389472.xlsx,別表２,2026-09-07T13:45:09Z
foreign_employment,2024,令和６年10月末時点,都道府県,山口,山口,12754,外国人労働者数,人,2024_001389472.xlsx,別表２,2026-09-07T13:45:09Z
foreign_employment,2024,令和６年10月末時点,都道府県,山口,山口,1185,うち派遣・請負労働者,人,2024_001389472.xlsx,別表２,2026-09-07T13:45:09Z
foreign_employment,2024,令和６年10月末時点,都道府県,徳島,徳島,1299,事業所数,所,2024_001389472.xlsx,別表２,2026-09-07T13:45:09Z
foreign_employment,2024,令和６年10月末時点,都道府県,徳島,徳島,51,うち派遣・請負事業所,所,2024_001389472.xlsx,別表２,2026-09-07T13:45:09Z
foreign_employment,2024,令和６年10月末時点,都道府県,徳島,徳島,6452,外国人労働者数,人,2024_001389472.xlsx,別表２,2026-09-07T13:45:09Z
foreign_employment,2024,令和６年10月末時点,都道府県,徳島,徳島,395,うち派遣・請負労働者,人,2024_001389472.xlsx,別表２,2026-09-07T13:45:09Z
foreign_employment,2024,令和６年10月末時点,都道府県,香川,香川,2165,事業所数,所,2024_001389472.xlsx,別表２,2026-09-07T13:45:09Z
foreign_employment,2024,令和６年10月末時点,都道府県,香川,香川,102,うち派遣・請負事業所,所,2024_001389472.xlsx,別表２,2026-09-07T13:45:09Z
foreign_employment,2024,令和６年10月末時点,都道府県,香川,香川,14428,外国人労働者数,人,2024_001389472.xlsx,別表２,2026-09-07T13:45:09Z
foreign_employment,2024,令和６年10月末時点,都道府県,香川,香川,823,うち派遣・請負労働者,人,2024_001389472.xlsx,別表２,2026-09-07T13:45:09Z
foreign_employment,2024,令和６年10月末時点,都道府県,愛媛,愛媛,2347,事業所数,所,2024_001389472.xlsx,別表２,2026-09-07T13:45:09Z
foreign_employment,2024,令和６年10月末時点,都道府県,愛媛,愛媛,229,うち派遣・請負事業所,所,2024_001389472.xlsx,別表２,2026-09-07T13:45:09Z
foreign_employment,2024,令和６年10月末時点,都道府県,愛媛,愛媛,14550,外国人労働者数,人,2024_001389472.xlsx,別表２,2026-09-07T13:45:09Z
foreign_employment,2024,令和６年10月末時点,都道府県,愛媛,愛媛,1927,うち派遣・請負労働者,人,2024_001389472.xlsx,別表２,2026-09-07T13:45:09Z
foreign_employment,2024,令和６年10月末時点,都道府県,高知,高知,1216,事業所数,所,2024_001389472.xlsx,別表２,2026-09-07T13:45:09Z
foreign_employment,2024,令和６年10月末時点,都道府県,高知,高知,26,うち派遣・請負事業所,所,2024_001389472.xlsx,別表２,2026-09-07T13:45:09Z
foreign_employment,2024,令和６年10月末時点,都道府県,高知,高知,5293,外国人労働者数,人,2024_001389472.xlsx,別表２,2026-09-07T13:45:09Z
foreign_employment,2024,令和６年10月末時点,都道府県,高知,高知,103,うち派遣・請負労働者,人,2024_001389472.xlsx,別表２,2026-09-07T13:45:09Z
foreign_employment,2024,令和６年10月末時点,都道府県,福岡,福岡,12330,事業所数,所,2024_001389472.xlsx,別表２,2026-09-07T13:45:09Z
foreign_employment,2024,令和６年10月末時点,都道府県,福岡,福岡,639,うち派遣・請負事業所,所,2024_001389472.xlsx,別表２,2026-09-07T13:45:09Z
foreign_employment,2024,令和６年10月末時点,都道府県,福岡,福岡,76199,外国人労働者数,人,2024_001389472.xlsx,別表２,2026-09-07T13:45:09Z
foreign_employment,2024,令和６年10月末時点,都道府県,福岡,福岡,12371,うち派遣・請負労働者,人,2024_001389472.xlsx,別表２,2026-09-07T13:45:09Z
foreign_employment,2024,令和６年10月末時点,都道府県,佐賀,佐賀,1368,事業所数,所,2024_001389472.xlsx,別表２,2026-09-07T13:45:09Z
foreign_employment,2024,令和６年10月末時点,都道府県,佐賀,佐賀,28,うち派遣・請負事業所,所,2024_001389472.xlsx,別表２,2026-09-07T13:45:09Z
foreign_employment,2024,令和６年10月末時点,都道府県,佐賀,佐賀,8749,外国人労働者数,人,2024_001389472.xlsx,別表２,2026-09-07T13:45:09Z
foreign_employment,2024,令和６年10月末時点,都道府県,佐賀,佐賀,349,うち派遣・請負労働者,人,2024_001389472.xlsx,別表２,2026-09-07T13:45:09Z
foreign_employment,2024,令和６年10月末時点,都道府県,長崎,長崎,2079,事業所数,所,2024_001389472.xlsx,別表２,2026-09-07T13:45:09Z
foreign_employment,2024,令和６年10月末時点,都道府県,長崎,長崎,84,うち派遣・請負事業所,所,2024_001389472.xlsx,別表２,2026-09-07T13:45:09Z
foreign_employment,2024,令和６年10月末時点,都道府県,長崎,長崎,11096,外国人労働者数,人,2024_001389472.xlsx,別表２,2026-09-07T13:45:09Z
foreign_employment,2024,令和６年10月末時点,都道府県,長崎,長崎,974,うち派遣・請負労働者,人,2024_001389472.xlsx,別表２,2026-09-07T13:45:09Z
foreign_employment,2024,令和６年10月末時点,都道府県,熊本,熊本,3982,事業所数,所,2024_001389472.xlsx,別表２,2026-09-07T13:45:09Z
foreign_employment,2024,令和６年10月末時点,都道府県,熊本,熊本,132,うち派遣・請負事業所,所,2024_001389472.xlsx,別表２,2026-09-07T13:45:09Z
foreign_employment,2024,令和６年10月末時点,都道府県,熊本,熊本,21437,外国人労働者数,人,2024_001389472.xlsx,別表２,2026-09-07T13:45:09Z
foreign_employment,2024,令和６年10月末時点,都道府県,熊本,熊本,1517,うち派遣・請負労働者,人,2024_001389472.xlsx,別表２,2026-09-07T13:45:09Z
foreign_employment,2024,令和６年10月末時点,都道府県,大分,大分,2223,事業所数,所,2024_001389472.xlsx,別表２,2026-09-07T13:45:09Z
foreign_employment,2024,令和６年10月末時点,都道府県,大分,大分,70,うち派遣・請負事業所,所,2024_001389472.xlsx,別表２,2026-09-07T13:45:09Z
foreign_employment,2024,令和６年10月末時点,都道府県,大分,大分,12176,外国人労働者数,人,2024_001389472.xlsx,別表２,2026-09-07T13:45:09Z
foreign_employment,2024,令和６年10月末時点,都道府県,大分,大分,730,うち派遣・請負労働者,人,2024_001389472.xlsx,別表２,2026-09-07T13:45:09Z
foreign_employment,2024,令和６年10月末時点,都道府県,宮崎,宮崎,1506,事業所数,所,2024_001389472.xlsx,別表２,2026-09-07T13:45:09Z
foreign_employment,2024,令和６年10月末時点,都道府県,宮崎,宮崎,21,うち派遣・請負事業所,所,2024_001389472.xlsx,別表２,2026-09-07T13:45:09Z
foreign_employment,2024,令和６年10月末時点,都道府県,宮崎,宮崎,8515,外国人労働者数,人,2024_001389472.xlsx,別表２,2026-09-07T13:45:09Z
foreign_employment,2024,令和６年10月末時点,都道府県,宮崎,宮崎,134,うち派遣・請負労働者,人,2024_001389472.xlsx,別表２,2026-09-07T13:45:09Z
foreign_employment,2024,令和６年10月末時点,都道府県,鹿児島,鹿児島,2427,事業所数,所,2024_001389472.xlsx,別表２,2026-09-07T13:45:09Z
foreign_employment,2024,令和６年10月末時点,都道府県,鹿児島,鹿児島,70,うち派遣・請負事業所,所,2024_001389472.xlsx,別表２,2026-09-07T13:45:09Z
foreign_employment,2024,令和６年10月末時点,都道府県,鹿児島,鹿児島,14240,外国人労働者数,人,2024_001389472.xlsx,別表２,2026-09-07T13:45:09Z
foreign_employment,2024,令和６年10月末時点,都道府県,鹿児島,鹿児島,787,うち派遣・請負労働者,人,2024_001389472.xlsx,別表２,2026-09-07T13:45:09Z
foreign_employment,2024,令和６年10月末時点,都道府県,沖縄,沖縄,3284,事業所数,所,2024_001389472.xlsx,別表２,2026-09-07T13:45:09Z
foreign_employment,2024,令和６年10月末時点,都道府県,沖縄,沖縄,149,うち派遣・請負事業所,所,2024_001389472.xlsx,別表２,2026-09-07T13:45:09Z
foreign_employment,2024,令和６年10月末時点,都道府県,沖縄,沖縄,17239,外国人労働者数,人,2024_001389472.xlsx,別表２,2026-09-07T13:45:09Z
foreign_employment,2024,令和６年10月末時点,都道府県,沖縄,沖縄,2255,うち派遣・請負労働者,人,2024_001389472.xlsx,別表２,2026-09-07T13:45:09Z
foreign_employment,2024,令和６年10月末時点,産業,全産業計,全産業計,342087,事業所数,所,2024_001389472.xlsx,別表４,2026-09-07T13:45:09Z
foreign_employment,2024,令和６年10月末時点,産業,全産業計,全産業計,19941,うち派遣・請負事業所,所,2024_001389472.xlsx,別表４,2026-09-07T13:45:09Z
foreign_employment,2024,令和６年10月末時点,産業,全産業計,全産業計,2302587,外国人労働者数,人,2024_001389472.xlsx,別表４,2026-09-07T13:45:09Z
foreign_employment,2024,令和６年10月末時点,産業,全産業計,全産業計,399213,うち派遣・請負労働者,人,2024_001389472.xlsx,別表４,2026-09-07T13:45:09Z
foreign_employment,2024,令和６年10月末時点,産業,農業、林業,農業、林業,13597,事業所数,所,2024_001389472.xlsx,別表４,2026-09-07T13:45:09Z
foreign_employment,2024,令和６年10月末時点,産業,農業、林業,農業、林業,181,うち派遣・請負事業所,所,2024_001389472.xlsx,別表４,2026-09-07T13:45:09Z
foreign_employment,2024,令和６年10月末時点,産業,農業、林業,農業、林業,58373,外国人労働者数,人,2024_001389472.xlsx,別表４,2026-09-07T13:45:09Z
foreign_employment,2024,令和６年10月末時点,産業,農業、林業,農業、林業,1346,うち派遣・請負労働者,人,2024_001389472.xlsx,別表４,2026-09-07T13:45:09Z
foreign_employment,2024,令和６年10月末時点,産業,漁業,漁業,1645,事業所数,所,2024_001389472.xlsx,別表４,2026-09-07T13:45:09Z
foreign_employment,2024,令和６年10月末時点,産業,漁業,漁業,8,うち派遣・請負事業所,所,2024_001389472.xlsx,別表４,2026-09-07T13:45:09Z
foreign_employment,2024,令和６年10月末時点,産業,漁業,漁業,6434,外国人労働者数,人,2024_001389472.xlsx,別表４,2026-09-07T13:45:09Z
foreign_employment,2024,令和６年10月末時点,産業,漁業,漁業,42,うち派遣・請負労働者,人,2024_001389472.xlsx,別表４,2026-09-07T13:45:09Z
foreign_employment,2024,令和６年10月末時点,産業,鉱業、採石業、砂利採取業,鉱業、採石業、砂利採取業,106,事業所数,所,2024_001389472.xlsx,別表４,2026-09-07T13:45:09Z
foreign_employment,2024,令和６年10月末時点,産業,鉱業、採石業、砂利採取業,鉱業、採石業、砂利採取業,2,うち派遣・請負事業所,所,2024_001389472.xlsx,別表４,2026-09-07T13:45:09Z
foreign_employment,2024,令和６年10月末時点,産業,鉱業、採石業、砂利採取業,鉱業、採石業、砂利採取業,493,外国人労働者数,人,2024_001389472.xlsx,別表４,2026-09-07T13:45:09Z
foreign_employment,2024,令和６年10月末時点,産業,鉱業、採石業、砂利採取業,鉱業、採石業、砂利採取業,61,うち派遣・請負労働者,人,2024_001389472.xlsx,別表４,2026-09-07T13:45:09Z
foreign_employment,2024,令和６年10月末時点,産業,建設業,建設業,44811,事業所数,所,2024_001389472.xlsx,別表４,2026-09-07T13:45:09Z
foreign_employment,2024,令和６年10月末時点,産業,建設業,建設業,1835,うち派遣・請負事業所,所,2024_001389472.xlsx,別表４,2026-09-07T13:45:09Z
foreign_employment,2024,令和６年10月末時点,産業,建設業,建設業,177902,外国人労働者数,人,2024_001389472.xlsx,別表４,2026-09-07T13:45:09Z
foreign_employment,2024,令和６年10月末時点,産業,建設業,建設業,9686,うち派遣・請負労働者,人,2024_001389472.xlsx,別表４,2026-09-07T13:45:09Z
foreign_employment,2024,令和６年10月末時点,産業,製造業,製造業,56692,事業所数,所,2024_001389472.xlsx,別表４,2026-09-07T13:45:09Z
foreign_employment,2024,令和６年10月末時点,産業,製造業,製造業,3945,うち派遣・請負事業所,所,2024_001389472.xlsx,別表４,2026-09-07T13:45:09Z
foreign_employment,2024,令和６年10月末時点,産業,製造業,製造業,598314,外国人労働者数,人,2024_001389472.xlsx,別表４,2026-09-07T13:45:09Z
foreign_employment,2024,令和６年10月末時点,産業,製造業,製造業,76487,うち派遣・請負労働者,人,2024_001389472.xlsx,別表４,2026-09-07T13:45:09Z
foreign_employment,2024,令和６年10月末時点,産業,電気・ガス・熱供給・水道業,電気・ガス・熱供給・水道業,192,事業所数,所,2024_001389472.xlsx,別表４,2026-09-07T13:45:09Z
foreign_employment,2024,令和６年10月末時点,産業,電気・ガス・熱供給・水道業,電気・ガス・熱供給・水道業,15,うち派遣・請負事業所,所,2024_001389472.xlsx,別表４,2026-09-07T13:45:09Z
foreign_employment,2024,令和６年10月末時点,産業,電気・ガス・熱供給・水道業,電気・ガス・熱供給・水道業,817,外国人労働者数,人,2024_001389472.xlsx,別表４,2026-09-07T13:45:09Z
foreign_employment,2024,令和６年10月末時点,産業,電気・ガス・熱供給・水道業,電気・ガス・熱供給・水道業,81,うち派遣・請負労働者,人,2024_001389472.xlsx,別表４,2026-09-07T13:45:09Z
foreign_employment,2024,令和６年10月末時点,産業,情報通信業,情報通信業,13587,事業所数,所,2024_001389472.xlsx,別表４,2026-09-07T13:45:09Z
foreign_employment,2024,令和６年10月末時点,産業,情報通信業,情報通信業,1088,うち派遣・請負事業所,所,2024_001389472.xlsx,別表４,2026-09-07T13:45:09Z
foreign_employment,2024,令和６年10月末時点,産業,情報通信業,情報通信業,90546,外国人労働者数,人,2024_001389472.xlsx,別表４,2026-09-07T13:45:09Z
foreign_employment,2024,令和６年10月末時点,産業,情報通信業,情報通信業,11327,うち派遣・請負労働者,人,2024_001389472.xlsx,別表４,2026-09-07T13:45:09Z
foreign_employment,2024,令和６年10月末時点,産業,運輸業、郵便業,運輸業、郵便業,9707,事業所数,所,2024_001389472.xlsx,別表４,2026-09-07T13:45:09Z
foreign_employment,2024,令和６年10月末時点,産業,運輸業、郵便業,運輸業、郵便業,583,うち派遣・請負事業所,所,2024_001389472.xlsx,別表４,2026-09-07T13:45:09Z
foreign_employment,2024,令和６年10月末時点,産業,運輸業、郵便業,運輸業、郵便業,75157,外国人労働者数,人,2024_001389472.xlsx,別表４,2026-09-07T13:45:09Z
foreign_employment,2024,令和６年10月末時点,産業,運輸業、郵便業,運輸業、郵便業,13108,うち派遣・請負労働者,人,2024_001389472.xlsx,別表４,2026-09-07T13:45:09Z
foreign_employment,2024,令和６年10月末時点,産業,卸売業、小売業,卸売業、小売業,64124,事業所数,所,2024_001389472.xlsx,別表４,2026-09-07T13:45:09Z
foreign_employment,2024,令和６年10月末時点,産業,卸売業、小売業,卸売業、小売業,1189,うち派遣・請負事業所,所,2024_001389472.xlsx,別表４,2026-09-07T13:45:09Z
foreign_employment,2024,令和６年10月末時点,産業,卸売業、小売業,卸売業、小売業,298348,外国人労働者数,人,2024_001389472.xlsx,別表４,2026-09-07T13:45:09Z
foreign_employment,2024,令和６年10月末時点,産業,卸売業、小売業,卸売業、小売業,10955,うち派遣・請負労働者,人,2024_001389472.xlsx,別表４,2026-09-07T13:45:09Z
foreign_employment,2024,令和６年10月末時点,産業,金融業、保険業,金融業、保険業,1609,事業所数,所,2024_001389472.xlsx,別表４,2026-09-07T13:45:09Z
foreign_employment,2024,令和６年10月末時点,産業,金融業、保険業,金融業、保険業,57,うち派遣・請負事業所,所,2024_001389472.xlsx,別表４,2026-09-07T13:45:09Z
foreign_employment,2024,令和６年10月末時点,産業,金融業、保険業,金融業、保険業,12872,外国人労働者数,人,2024_001389472.xlsx,別表４,2026-09-07T13:45:09Z
foreign_employment,2024,令和６年10月末時点,産業,金融業、保険業,金融業、保険業,780,うち派遣・請負労働者,人,2024_001389472.xlsx,別表４,2026-09-07T13:45:09Z
foreign_employment,2024,令和６年10月末時点,産業,不動産業、物品賃貸業,不動産業、物品賃貸業,5052,事業所数,所,2024_001389472.xlsx,別表４,2026-09-07T13:45:09Z
foreign_employment,2024,令和６年10月末時点,産業,不動産業、物品賃貸業,不動産業、物品賃貸業,140,うち派遣・請負事業所,所,2024_001389472.xlsx,別表４,2026-09-07T13:45:09Z
foreign_employment,2024,令和６年10月末時点,産業,不動産業、物品賃貸業,不動産業、物品賃貸業,23142,外国人労働者数,人,2024_001389472.xlsx,別表４,2026-09-07T13:45:09Z
foreign_employment,2024,令和６年10月末時点,産業,不動産業、物品賃貸業,不動産業、物品賃貸業,2157,うち派遣・請負労働者,人,2024_001389472.xlsx,別表４,2026-09-07T13:45:09Z
foreign_employment,2024,令和６年10月末時点,産業,学術研究、専門・技術サービス業,学術研究、専門・技術サービス業,13437,事業所数,所,2024_001389472.xlsx,別表４,2026-09-07T13:45:09Z
foreign_employment,2024,令和６年10月末時点,産業,学術研究、専門・技術サービス業,学術研究、専門・技術サービス業,769,うち派遣・請負事業所,所,2024_001389472.xlsx,別表４,2026-09-07T13:45:09Z
foreign_employment,2024,令和６年10月末時点,産業,学術研究、専門・技術サービス業,学術研究、専門・技術サービス業,79314,外国人労働者数,人,2024_001389472.xlsx,別表４,2026-09-07T13:45:09Z
foreign_employment,2024,令和６年10月末時点,産業,学術研究、専門・技術サービス業,学術研究、専門・技術サービス業,14023,うち派遣・請負労働者,人,2024_001389472.xlsx,別表４,2026-09-07T13:45:09Z
foreign_employment,2024,令和６年10月末時点,産業,宿泊業、飲食サービス業,宿泊業、飲食サービス業,48922,事業所数,所,2024_001389472.xlsx,別表４,2026-09-07T13:45:09Z
foreign_employment,2024,令和６年10月末時点,産業,宿泊業、飲食サービス業,宿泊業、飲食サービス業,695,うち派遣・請負事業所,所,2024_001389472.xlsx,別表４,2026-09-07T13:45:09Z
foreign_employment,2024,令和６年10月末時点,産業,宿泊業、飲食サービス業,宿泊業、飲食サービス業,273333,外国人労働者数,人,2024_001389472.xlsx,別表４,2026-09-07T13:45:09Z
foreign_employment,2024,令和６年10月末時点,産業,宿泊業、飲食サービス業,宿泊業、飲食サービス業,8101,うち派遣・請負労働者,人,2024_001389472.xlsx,別表４,2026-09-07T13:45:09Z
foreign_employment,2024,令和６年10月末時点,産業,生活関連サービス業、娯楽業,生活関連サービス業、娯楽業,6525,事業所数,所,2024_001389472.xlsx,別表４,2026-09-07T13:45:09Z
foreign_employment,2024,令和６年10月末時点,産業,生活関連サービス業、娯楽業,生活関連サービス業、娯楽業,233,うち派遣・請負事業所,所,2024_001389472.xlsx,別表４,2026-09-07T13:45:09Z
foreign_employment,2024,令和６年10月末時点,産業,生活関連サービス業、娯楽業,生活関連サービス業、娯楽業,29991,外国人労働者数,人,2024_001389472.xlsx,別表４,2026-09-07T13:45:09Z
foreign_employment,2024,令和６年10月末時点,産業,生活関連サービス業、娯楽業,生活関連サービス業、娯楽業,4064,うち派遣・請負労働者,人,2024_001389472.xlsx,別表４,2026-09-07T13:45:09Z
foreign_employment,2024,令和６年10月末時点,産業,教育、学習支援業,教育、学習支援業,7676,事業所数,所,2024_001389472.xlsx,別表４,2026-09-07T13:45:09Z
foreign_employment,2024,令和６年10月末時点,産業,教育、学習支援業,教育、学習支援業,242,うち派遣・請負事業所,所,2024_001389472.xlsx,別表４,2026-09-07T13:45:09Z
foreign_employment,2024,令和６年10月末時点,産業,教育、学習支援業,教育、学習支援業,82902,外国人労働者数,人,2024_001389472.xlsx,別表４,2026-09-07T13:45:09Z
foreign_employment,2024,令和６年10月末時点,産業,教育、学習支援業,教育、学習支援業,4750,うち派遣・請負労働者,人,2024_001389472.xlsx,別表４,2026-09-07T13:45:09Z
foreign_employment,2024,令和６年10月末時点,産業,医療、福祉,医療、福祉,23075,事業所数,所,2024_001389472.xlsx,別表４,2026-09-07T13:45:09Z
foreign_employment,2024,令和６年10月末時点,産業,医療、福祉,医療、福祉,493,うち派遣・請負事業所,所,2024_001389472.xlsx,別表４,2026-09-07T13:45:09Z
foreign_employment,2024,令和６年10月末時点,産業,医療、福祉,医療、福祉,116350,外国人労働者数,人,2024_001389472.xlsx,別表４,2026-09-07T13:45:09Z
foreign_employment,2024,令和６年10月末時点,産業,医療、福祉,医療、福祉,3516,うち派遣・請負労働者,人,2024_001389472.xlsx,別表４,2026-09-07T13:45:09Z
foreign_employment,2024,令和６年10月末時点,産業,複合サービス事業,複合サービス事業,1647,事業所数,所,2024_001389472.xlsx,別表４,2026-09-07T13:45:09Z
foreign_employment,2024,令和６年10月末時点,産業,複合サービス事業,複合サービス事業,61,うち派遣・請負事業所,所,2024_001389472.xlsx,別表４,2026-09-07T13:45:09Z
foreign_employment,2024,令和６年10月末時点,産業,複合サービス事業,複合サービス事業,7109,外国人労働者数,人,2024_001389472.xlsx,別表４,2026-09-07T13:45:09Z
foreign_employment,2024,令和６年10月末時点,産業,複合サービス事業,複合サービス事業,854,うち派遣・請負労働者,人,2024_001389472.xlsx,別表４,2026-09-07T13:45:09Z
foreign_employment,2024,令和６年10月末時点,産業,サービス業（他に分類されないもの）,サービス業（他に分類されないもの）,26541,事業所数,所,2024_001389472.xlsx,別表４,2026-09-07T13:45:09Z
foreign_employment,2024,令和６年10月末時点,産業,サービス業（他に分類されないもの）,サービス業（他に分類されないもの）,8260,うち派遣・請負事業所,所,2024_001389472.xlsx,別表４,2026-09-07T13:45:09Z
foreign_employment,2024,令和６年10月末時点,産業,サービス業（他に分類されないもの）,サービス業（他に分類されないもの）,354418,外国人労働者数,人,2024_001389472.xlsx,別表４,2026-09-07T13:45:09Z
foreign_employment,2024,令和６年10月末時点,産業,サービス業（他に分類されないもの）,サービス業（他に分類されないもの）,236415,うち派遣・請負労働者,人,2024_001389472.xlsx,別表４,2026-09-07T13:45:09Z
foreign_employment,2024,令和６年10月末時点,産業,公務（他に分類されるものを除く）,公務（他に分類されるものを除く）,1955,事業所数,所,2024_001389472.xlsx,別表４,2026-09-07T13:45:09Z
foreign_employment,2024,令和６年10月末時点,産業,公務（他に分類されるものを除く）,公務（他に分類されるものを除く）,70,うち派遣・請負事業所,所,2024_001389472.xlsx,別表４,2026-09-07T13:45:09Z
foreign_employment,2024,令和６年10月末時点,産業,公務（他に分類されるものを除く）,公務（他に分類されるものを除く）,11244,外国人労働者数,人,2024_001389472.xlsx,別表４,2026-09-07T13:45:09Z
foreign_employment,2024,令和６年10月末時点,産業,公務（他に分類されるものを除く）,公務（他に分類されるものを除く）,789,うち派遣・請負労働者,人,2024_001389472.xlsx,別表４,2026-09-07T13:45:09Z
foreign_employment,2024,令和６年10月末時点,産業,分類不能の産業,分類不能の産業,1187,事業所数,所,2024_001389472.xlsx,別表４,2026-09-07T13:45:09Z
foreign_employment,2024,令和６年10月末時点,産業,分類不能の産業,分類不能の産業,75,うち派遣・請負事業所,所,2024_001389472.xlsx,別表４,2026-09-07T13:45:09Z
foreign_employment,2024,令和６年10月末時点,産業,分類不能の産業,分類不能の産業,5528,外国人労働者数,人,2024_001389472.xlsx,別表４,2026-09-07T13:45:09Z
foreign_employment,2024,令和６年10月末時点,産業,分類不能の産業,分類不能の産業,671,うち派遣・請負労働者,人,2024_001389472.xlsx,別表４,2026-09-07T13:45:09Z
foreign_employment,2024,令和６年10月末時点,在留資格,"①専門的・技術的分野の
　在留資格（注３）","①専門的・技術的分野の
　在留資格（注３）",718812,外国人労働者数,人,2024_001389472.xlsx,別表６,2026-09-07T13:45:09Z
foreign_employment,2024,令和６年10月末時点,在留資格,②特定活動（注４）,②特定活動（注４）,85686,外国人労働者数,人,2024_001389472.xlsx,別表６,2026-09-07T13:45:09Z
foreign_employment,2024,令和６年10月末時点,在留資格,③技能実習,③技能実習,470725,外国人労働者数,人,2024_001389472.xlsx,別表６,2026-09-07T13:45:09Z
foreign_employment,2024,令和６年10月末時点,在留資格,④資格外活動,④資格外活動,398167,外国人労働者数,人,2024_001389472.xlsx,別表６,2026-09-07T13:45:09Z
foreign_employment,2024,令和６年10月末時点,在留資格,⑤身分に基づく在留資格　,⑤身分に基づく在留資格　,629117,外国人労働者数,人,2024_001389472.xlsx,別表６,2026-09-07T13:45:09Z
foreign_employment,2024,令和６年10月末時点,在留資格,⑥不明,⑥不明,80,外国人労働者数,人,2024_001389472.xlsx,別表６,2026-09-07T13:45:09Z
foreign_employment,2025,令和７年10月末時点,総数,全国計,全国計,371215,事業所数,所,2025_001646132.xlsx,別表２,2026-09-07T13:45:09Z
foreign_employment,2025,令和７年10月末時点,総数,全国計,全国計,20179,うち派遣・請負事業所,所,2025_001646132.xlsx,別表２,2026-09-07T13:45:09Z
foreign_employment,2025,令和７年10月末時点,総数,全国計,全国計,2571037,外国人労働者数,人,2025_001646132.xlsx,別表２,2026-09-07T13:45:09Z
foreign_employment,2025,令和７年10月末時点,総数,全国計,全国計,430342,うち派遣・請負労働者,人,2025_001646132.xlsx,別表２,2026-09-07T13:45:09Z
foreign_employment,2025,令和７年10月末時点,都道府県,北海道,北海道,8854,事業所数,所,2025_001646132.xlsx,別表２,2026-09-07T13:45:09Z
foreign_employment,2025,令和７年10月末時点,都道府県,北海道,北海道,240,うち派遣・請負事業所,所,2025_001646132.xlsx,別表２,2026-09-07T13:45:09Z
foreign_employment,2025,令和７年10月末時点,都道府県,北海道,北海道,51358,外国人労働者数,人,2025_001646132.xlsx,別表２,2026-09-07T13:45:09Z
foreign_employment,2025,令和７年10月末時点,都道府県,北海道,北海道,2198,うち派遣・請負労働者,人,2025_001646132.xlsx,別表２,2026-09-07T13:45:09Z
foreign_employment,2025,令和７年10月末時点,都道府県,青森,青森,1133,事業所数,所,2025_001646132.xlsx,別表２,2026-09-07T13:45:09Z
foreign_employment,2025,令和７年10月末時点,都道府県,青森,青森,21,うち派遣・請負事業所,所,2025_001646132.xlsx,別表２,2026-09-07T13:45:09Z
foreign_employment,2025,令和７年10月末時点,都道府県,青森,青森,6882,外国人労働者数,人,2025_001646132.xlsx,別表２,2026-09-07T13:45:09Z
foreign_employment,2025,令和７年10月末時点,都道府県,青森,青森,63,うち派遣・請負労働者,人,2025_001646132.xlsx,別表２,2026-09-07T13:45:09Z
foreign_employment,2025,令和７年10月末時点,都道府県,岩手,岩手,1311,事業所数,所,2025_001646132.xlsx,別表２,2026-09-07T13:45:09Z
foreign_employment,2025,令和７年10月末時点,都道府県,岩手,岩手,44,うち派遣・請負事業所,所,2025_001646132.xlsx,別表２,2026-09-07T13:45:09Z
foreign_employment,2025,令和７年10月末時点,都道府県,岩手,岩手,8415,外国人労働者数,人,2025_001646132.xlsx,別表２,2026-09-07T13:45:09Z
foreign_employment,2025,令和７年10月末時点,都道府県,岩手,岩手,482,うち派遣・請負労働者,人,2025_001646132.xlsx,別表２,2026-09-07T13:45:09Z
foreign_employment,2025,令和７年10月末時点,都道府県,宮城,宮城,3405,事業所数,所,2025_001646132.xlsx,別表２,2026-09-07T13:45:09Z
foreign_employment,2025,令和７年10月末時点,都道府県,宮城,宮城,218,うち派遣・請負事業所,所,2025_001646132.xlsx,別表２,2026-09-07T13:45:09Z
foreign_employment,2025,令和７年10月末時点,都道府県,宮城,宮城,20234,外国人労働者数,人,2025_001646132.xlsx,別表２,2026-09-07T13:45:09Z
foreign_employment,2025,令和７年10月末時点,都道府県,宮城,宮城,2028,うち派遣・請負労働者,人,2025_001646132.xlsx,別表２,2026-09-07T13:45:09Z
foreign_employment,2025,令和７年10月末時点,都道府県,秋田,秋田,837,事業所数,所,2025_001646132.xlsx,別表２,2026-09-07T13:45:09Z
foreign_employment,2025,令和７年10月末時点,都道府県,秋田,秋田,11,うち派遣・請負事業所,所,2025_001646132.xlsx,別表２,2026-09-07T13:45:09Z
foreign_employment,2025,令和７年10月末時点,都道府県,秋田,秋田,3993,外国人労働者数,人,2025_001646132.xlsx,別表２,2026-09-07T13:45:09Z
foreign_employment,2025,令和７年10月末時点,都道府県,秋田,秋田,59,うち派遣・請負労働者,人,2025_001646132.xlsx,別表２,2026-09-07T13:45:09Z
foreign_employment,2025,令和７年10月末時点,都道府県,山形,山形,1361,事業所数,所,2025_001646132.xlsx,別表２,2026-09-07T13:45:09Z
foreign_employment,2025,令和７年10月末時点,都道府県,山形,山形,65,うち派遣・請負事業所,所,2025_001646132.xlsx,別表２,2026-09-07T13:45:09Z
foreign_employment,2025,令和７年10月末時点,都道府県,山形,山形,7283,外国人労働者数,人,2025_001646132.xlsx,別表２,2026-09-07T13:45:09Z
foreign_employment,2025,令和７年10月末時点,都道府県,山形,山形,539,うち派遣・請負労働者,人,2025_001646132.xlsx,別表２,2026-09-07T13:45:09Z
foreign_employment,2025,令和７年10月末時点,都道府県,福島,福島,2573,事業所数,所,2025_001646132.xlsx,別表２,2026-09-07T13:45:09Z
foreign_employment,2025,令和７年10月末時点,都道府県,福島,福島,181,うち派遣・請負事業所,所,2025_001646132.xlsx,別表２,2026-09-07T13:45:09Z
foreign_employment,2025,令和７年10月末時点,都道府県,福島,福島,15079,外国人労働者数,人,2025_001646132.xlsx,別表２,2026-09-07T13:45:09Z
foreign_employment,2025,令和７年10月末時点,都道府県,福島,福島,1895,うち派遣・請負労働者,人,2025_001646132.xlsx,別表２,2026-09-07T13:45:09Z
foreign_employment,2025,令和７年10月末時点,都道府県,茨城,茨城,10156,事業所数,所,2025_001646132.xlsx,別表２,2026-09-07T13:45:09Z
foreign_employment,2025,令和７年10月末時点,都道府県,茨城,茨城,465,うち派遣・請負事業所,所,2025_001646132.xlsx,別表２,2026-09-07T13:45:09Z
foreign_employment,2025,令和７年10月末時点,都道府県,茨城,茨城,67500,外国人労働者数,人,2025_001646132.xlsx,別表２,2026-09-07T13:45:09Z
foreign_employment,2025,令和７年10月末時点,都道府県,茨城,茨城,10320,うち派遣・請負労働者,人,2025_001646132.xlsx,別表２,2026-09-07T13:45:09Z
foreign_employment,2025,令和７年10月末時点,都道府県,栃木,栃木,5576,事業所数,所,2025_001646132.xlsx,別表２,2026-09-07T13:45:09Z
foreign_employment,2025,令和７年10月末時点,都道府県,栃木,栃木,453,うち派遣・請負事業所,所,2025_001646132.xlsx,別表２,2026-09-07T13:45:09Z
foreign_employment,2025,令和７年10月末時点,都道府県,栃木,栃木,38817,外国人労働者数,人,2025_001646132.xlsx,別表２,2026-09-07T13:45:09Z
foreign_employment,2025,令和７年10月末時点,都道府県,栃木,栃木,9772,うち派遣・請負労働者,人,2025_001646132.xlsx,別表２,2026-09-07T13:45:09Z
foreign_employment,2025,令和７年10月末時点,都道府県,群馬,群馬,6744,事業所数,所,2025_001646132.xlsx,別表２,2026-09-07T13:45:09Z
foreign_employment,2025,令和７年10月末時点,都道府県,群馬,群馬,457,うち派遣・請負事業所,所,2025_001646132.xlsx,別表２,2026-09-07T13:45:09Z
foreign_employment,2025,令和７年10月末時点,都道府県,群馬,群馬,61040,外国人労働者数,人,2025_001646132.xlsx,別表２,2026-09-07T13:45:09Z
foreign_employment,2025,令和７年10月末時点,都道府県,群馬,群馬,17861,うち派遣・請負労働者,人,2025_001646132.xlsx,別表２,2026-09-07T13:45:09Z
foreign_employment,2025,令和７年10月末時点,都道府県,埼玉,埼玉,19780,事業所数,所,2025_001646132.xlsx,別表２,2026-09-07T13:45:09Z
foreign_employment,2025,令和７年10月末時点,都道府県,埼玉,埼玉,927,うち派遣・請負事業所,所,2025_001646132.xlsx,別表２,2026-09-07T13:45:09Z
foreign_employment,2025,令和７年10月末時点,都道府県,埼玉,埼玉,133049,外国人労働者数,人,2025_001646132.xlsx,別表２,2026-09-07T13:45:09Z
foreign_employment,2025,令和７年10月末時点,都道府県,埼玉,埼玉,23948,うち派遣・請負労働者,人,2025_001646132.xlsx,別表２,2026-09-07T13:45:09Z
foreign_employment,2025,令和７年10月末時点,都道府県,千葉,千葉,16735,事業所数,所,2025_001646132.xlsx,別表２,2026-09-07T13:45:09Z
foreign_employment,2025,令和７年10月末時点,都道府県,千葉,千葉,654,うち派遣・請負事業所,所,2025_001646132.xlsx,別表２,2026-09-07T13:45:09Z
foreign_employment,2025,令和７年10月末時点,都道府県,千葉,千葉,105829,外国人労働者数,人,2025_001646132.xlsx,別表２,2026-09-07T13:45:09Z
foreign_employment,2025,令和７年10月末時点,都道府県,千葉,千葉,12162,うち派遣・請負労働者,人,2025_001646132.xlsx,別表２,2026-09-07T13:45:09Z
foreign_employment,2025,令和７年10月末時点,都道府県,東京,東京,87512,事業所数,所,2025_001646132.xlsx,別表２,2026-09-07T13:45:09Z
foreign_employment,2025,令和７年10月末時点,都道府県,東京,東京,4676,うち派遣・請負事業所,所,2025_001646132.xlsx,別表２,2026-09-07T13:45:09Z
foreign_employment,2025,令和７年10月末時点,都道府県,東京,東京,652251,外国人労働者数,人,2025_001646132.xlsx,別表２,2026-09-07T13:45:09Z
foreign_employment,2025,令和７年10月末時点,都道府県,東京,東京,98534,うち派遣・請負労働者,人,2025_001646132.xlsx,別表２,2026-09-07T13:45:09Z
foreign_employment,2025,令和７年10月末時点,都道府県,神奈川,神奈川,24200,事業所数,所,2025_001646132.xlsx,別表２,2026-09-07T13:45:09Z
foreign_employment,2025,令和７年10月末時点,都道府県,神奈川,神奈川,1716,うち派遣・請負事業所,所,2025_001646132.xlsx,別表２,2026-09-07T13:45:09Z
foreign_employment,2025,令和７年10月末時点,都道府県,神奈川,神奈川,148888,外国人労働者数,人,2025_001646132.xlsx,別表２,2026-09-07T13:45:09Z
foreign_employment,2025,令和７年10月末時点,都道府県,神奈川,神奈川,23057,うち派遣・請負労働者,人,2025_001646132.xlsx,別表２,2026-09-07T13:45:09Z
foreign_employment,2025,令和７年10月末時点,都道府県,新潟,新潟,2902,事業所数,所,2025_001646132.xlsx,別表２,2026-09-07T13:45:09Z
foreign_employment,2025,令和７年10月末時点,都道府県,新潟,新潟,96,うち派遣・請負事業所,所,2025_001646132.xlsx,別表２,2026-09-07T13:45:09Z
foreign_employment,2025,令和７年10月末時点,都道府県,新潟,新潟,16626,外国人労働者数,人,2025_001646132.xlsx,別表２,2026-09-07T13:45:09Z
foreign_employment,2025,令和７年10月末時点,都道府県,新潟,新潟,1744,うち派遣・請負労働者,人,2025_001646132.xlsx,別表２,2026-09-07T13:45:09Z
foreign_employment,2025,令和７年10月末時点,都道府県,富山,富山,2651,事業所数,所,2025_001646132.xlsx,別表２,2026-09-07T13:45:09Z
foreign_employment,2025,令和７年10月末時点,都道府県,富山,富山,133,うち派遣・請負事業所,所,2025_001646132.xlsx,別表２,2026-09-07T13:45:09Z
foreign_employment,2025,令和７年10月末時点,都道府県,富山,富山,16460,外国人労働者数,人,2025_001646132.xlsx,別表２,2026-09-07T13:45:09Z
foreign_employment,2025,令和７年10月末時点,都道府県,富山,富山,2405,うち派遣・請負労働者,人,2025_001646132.xlsx,別表２,2026-09-07T13:45:09Z
foreign_employment,2025,令和７年10月末時点,都道府県,石川,石川,2500,事業所数,所,2025_001646132.xlsx,別表２,2026-09-07T13:45:09Z
foreign_employment,2025,令和７年10月末時点,都道府県,石川,石川,199,うち派遣・請負事業所,所,2025_001646132.xlsx,別表２,2026-09-07T13:45:09Z
foreign_employment,2025,令和７年10月末時点,都道府県,石川,石川,16922,外国人労働者数,人,2025_001646132.xlsx,別表２,2026-09-07T13:45:09Z
foreign_employment,2025,令和７年10月末時点,都道府県,石川,石川,2663,うち派遣・請負労働者,人,2025_001646132.xlsx,別表２,2026-09-07T13:45:09Z
foreign_employment,2025,令和７年10月末時点,都道府県,福井,福井,1974,事業所数,所,2025_001646132.xlsx,別表２,2026-09-07T13:45:09Z
foreign_employment,2025,令和７年10月末時点,都道府県,福井,福井,61,うち派遣・請負事業所,所,2025_001646132.xlsx,別表２,2026-09-07T13:45:09Z
foreign_employment,2025,令和７年10月末時点,都道府県,福井,福井,15169,外国人労働者数,人,2025_001646132.xlsx,別表２,2026-09-07T13:45:09Z
foreign_employment,2025,令和７年10月末時点,都道府県,福井,福井,4044,うち派遣・請負労働者,人,2025_001646132.xlsx,別表２,2026-09-07T13:45:09Z
foreign_employment,2025,令和７年10月末時点,都道府県,山梨,山梨,2263,事業所数,所,2025_001646132.xlsx,別表２,2026-09-07T13:45:09Z
foreign_employment,2025,令和７年10月末時点,都道府県,山梨,山梨,133,うち派遣・請負事業所,所,2025_001646132.xlsx,別表２,2026-09-07T13:45:09Z
foreign_employment,2025,令和７年10月末時点,都道府県,山梨,山梨,13732,外国人労働者数,人,2025_001646132.xlsx,別表２,2026-09-07T13:45:09Z
foreign_employment,2025,令和７年10月末時点,都道府県,山梨,山梨,2667,うち派遣・請負労働者,人,2025_001646132.xlsx,別表２,2026-09-07T13:45:09Z
foreign_employment,2025,令和７年10月末時点,都道府県,長野,長野,5348,事業所数,所,2025_001646132.xlsx,別表２,2026-09-07T13:45:09Z
foreign_employment,2025,令和７年10月末時点,都道府県,長野,長野,246,うち派遣・請負事業所,所,2025_001646132.xlsx,別表２,2026-09-07T13:45:09Z
foreign_employment,2025,令和７年10月末時点,都道府県,長野,長野,30672,外国人労働者数,人,2025_001646132.xlsx,別表２,2026-09-07T13:45:09Z
foreign_employment,2025,令和７年10月末時点,都道府県,長野,長野,3894,うち派遣・請負労働者,人,2025_001646132.xlsx,別表２,2026-09-07T13:45:09Z
foreign_employment,2025,令和７年10月末時点,都道府県,岐阜,岐阜,6094,事業所数,所,2025_001646132.xlsx,別表２,2026-09-07T13:45:09Z
foreign_employment,2025,令和７年10月末時点,都道府県,岐阜,岐阜,318,うち派遣・請負事業所,所,2025_001646132.xlsx,別表２,2026-09-07T13:45:09Z
foreign_employment,2025,令和７年10月末時点,都道府県,岐阜,岐阜,47534,外国人労働者数,人,2025_001646132.xlsx,別表２,2026-09-07T13:45:09Z
foreign_employment,2025,令和７年10月末時点,都道府県,岐阜,岐阜,10461,うち派遣・請負労働者,人,2025_001646132.xlsx,別表２,2026-09-07T13:45:09Z
foreign_employment,2025,令和７年10月末時点,都道府県,静岡,静岡,10967,事業所数,所,2025_001646132.xlsx,別表２,2026-09-07T13:45:09Z
foreign_employment,2025,令和７年10月末時点,都道府県,静岡,静岡,1234,うち派遣・請負事業所,所,2025_001646132.xlsx,別表２,2026-09-07T13:45:09Z
foreign_employment,2025,令和７年10月末時点,都道府県,静岡,静岡,88968,外国人労働者数,人,2025_001646132.xlsx,別表２,2026-09-07T13:45:09Z
foreign_employment,2025,令和７年10月末時点,都道府県,静岡,静岡,31193,うち派遣・請負労働者,人,2025_001646132.xlsx,別表２,2026-09-07T13:45:09Z
foreign_employment,2025,令和７年10月末時点,都道府県,愛知,愛知,28976,事業所数,所,2025_001646132.xlsx,別表２,2026-09-07T13:45:09Z
foreign_employment,2025,令和７年10月末時点,都道府県,愛知,愛知,2618,うち派遣・請負事業所,所,2025_001646132.xlsx,別表２,2026-09-07T13:45:09Z
foreign_employment,2025,令和７年10月末時点,都道府県,愛知,愛知,249076,外国人労働者数,人,2025_001646132.xlsx,別表２,2026-09-07T13:45:09Z
foreign_employment,2025,令和７年10月末時点,都道府県,愛知,愛知,65096,うち派遣・請負労働者,人,2025_001646132.xlsx,別表２,2026-09-07T13:45:09Z
foreign_employment,2025,令和７年10月末時点,都道府県,三重,三重,5300,事業所数,所,2025_001646132.xlsx,別表２,2026-09-07T13:45:09Z
foreign_employment,2025,令和７年10月末時点,都道府県,三重,三重,464,うち派遣・請負事業所,所,2025_001646132.xlsx,別表２,2026-09-07T13:45:09Z
foreign_employment,2025,令和７年10月末時点,都道府県,三重,三重,40236,外国人労働者数,人,2025_001646132.xlsx,別表２,2026-09-07T13:45:09Z
foreign_employment,2025,令和７年10月末時点,都道府県,三重,三重,11077,うち派遣・請負労働者,人,2025_001646132.xlsx,別表２,2026-09-07T13:45:09Z
foreign_employment,2025,令和７年10月末時点,都道府県,滋賀,滋賀,2773,事業所数,所,2025_001646132.xlsx,別表２,2026-09-07T13:45:09Z
foreign_employment,2025,令和７年10月末時点,都道府県,滋賀,滋賀,316,うち派遣・請負事業所,所,2025_001646132.xlsx,別表２,2026-09-07T13:45:09Z
foreign_employment,2025,令和７年10月末時点,都道府県,滋賀,滋賀,25667,外国人労働者数,人,2025_001646132.xlsx,別表２,2026-09-07T13:45:09Z
foreign_employment,2025,令和７年10月末時点,都道府県,滋賀,滋賀,9401,うち派遣・請負労働者,人,2025_001646132.xlsx,別表２,2026-09-07T13:45:09Z
foreign_employment,2025,令和７年10月末時点,都道府県,京都,京都,6590,事業所数,所,2025_001646132.xlsx,別表２,2026-09-07T13:45:09Z
foreign_employment,2025,令和７年10月末時点,都道府県,京都,京都,285,うち派遣・請負事業所,所,2025_001646132.xlsx,別表２,2026-09-07T13:45:09Z
foreign_employment,2025,令和７年10月末時点,都道府県,京都,京都,40993,外国人労働者数,人,2025_001646132.xlsx,別表２,2026-09-07T13:45:09Z
foreign_employment,2025,令和７年10月末時点,都道府県,京都,京都,4133,うち派遣・請負労働者,人,2025_001646132.xlsx,別表２,2026-09-07T13:45:09Z
foreign_employment,2025,令和７年10月末時点,都道府県,大阪,大阪,31715,事業所数,所,2025_001646132.xlsx,別表２,2026-09-07T13:45:09Z
foreign_employment,2025,令和７年10月末時点,都道府県,大阪,大阪,953,うち派遣・請負事業所,所,2025_001646132.xlsx,別表２,2026-09-07T13:45:09Z
foreign_employment,2025,令和７年10月末時点,都道府県,大阪,大阪,208051,外国人労働者数,人,2025_001646132.xlsx,別表２,2026-09-07T13:45:09Z
foreign_employment,2025,令和７年10月末時点,都道府県,大阪,大阪,30817,うち派遣・請負労働者,人,2025_001646132.xlsx,別表２,2026-09-07T13:45:09Z
foreign_employment,2025,令和７年10月末時点,都道府県,兵庫,兵庫,12204,事業所数,所,2025_001646132.xlsx,別表２,2026-09-07T13:45:09Z
foreign_employment,2025,令和７年10月末時点,都道府県,兵庫,兵庫,531,うち派遣・請負事業所,所,2025_001646132.xlsx,別表２,2026-09-07T13:45:09Z
foreign_employment,2025,令和７年10月末時点,都道府県,兵庫,兵庫,77016,外国人労働者数,人,2025_001646132.xlsx,別表２,2026-09-07T13:45:09Z
foreign_employment,2025,令和７年10月末時点,都道府県,兵庫,兵庫,12716,うち派遣・請負労働者,人,2025_001646132.xlsx,別表２,2026-09-07T13:45:09Z
foreign_employment,2025,令和７年10月末時点,都道府県,奈良,奈良,2029,事業所数,所,2025_001646132.xlsx,別表２,2026-09-07T13:45:09Z
foreign_employment,2025,令和７年10月末時点,都道府県,奈良,奈良,53,うち派遣・請負事業所,所,2025_001646132.xlsx,別表２,2026-09-07T13:45:09Z
foreign_employment,2025,令和７年10月末時点,都道府県,奈良,奈良,11418,外国人労働者数,人,2025_001646132.xlsx,別表２,2026-09-07T13:45:09Z
foreign_employment,2025,令和７年10月末時点,都道府県,奈良,奈良,596,うち派遣・請負労働者,人,2025_001646132.xlsx,別表２,2026-09-07T13:45:09Z
foreign_employment,2025,令和７年10月末時点,都道府県,和歌山,和歌山,1264,事業所数,所,2025_001646132.xlsx,別表２,2026-09-07T13:45:09Z
foreign_employment,2025,令和７年10月末時点,都道府県,和歌山,和歌山,49,うち派遣・請負事業所,所,2025_001646132.xlsx,別表２,2026-09-07T13:45:09Z
foreign_employment,2025,令和７年10月末時点,都道府県,和歌山,和歌山,6808,外国人労働者数,人,2025_001646132.xlsx,別表２,2026-09-07T13:45:09Z
foreign_employment,2025,令和７年10月末時点,都道府県,和歌山,和歌山,244,うち派遣・請負労働者,人,2025_001646132.xlsx,別表２,2026-09-07T13:45:09Z
foreign_employment,2025,令和７年10月末時点,都道府県,鳥取,鳥取,795,事業所数,所,2025_001646132.xlsx,別表２,2026-09-07T13:45:09Z
foreign_employment,2025,令和７年10月末時点,都道府県,鳥取,鳥取,24,うち派遣・請負事業所,所,2025_001646132.xlsx,別表２,2026-09-07T13:45:09Z
foreign_employment,2025,令和７年10月末時点,都道府県,鳥取,鳥取,4478,外国人労働者数,人,2025_001646132.xlsx,別表２,2026-09-07T13:45:09Z
foreign_employment,2025,令和７年10月末時点,都道府県,鳥取,鳥取,77,うち派遣・請負労働者,人,2025_001646132.xlsx,別表２,2026-09-07T13:45:09Z
foreign_employment,2025,令和７年10月末時点,都道府県,島根,島根,1008,事業所数,所,2025_001646132.xlsx,別表２,2026-09-07T13:45:09Z
foreign_employment,2025,令和７年10月末時点,都道府県,島根,島根,26,うち派遣・請負事業所,所,2025_001646132.xlsx,別表２,2026-09-07T13:45:09Z
foreign_employment,2025,令和７年10月末時点,都道府県,島根,島根,6184,外国人労働者数,人,2025_001646132.xlsx,別表２,2026-09-07T13:45:09Z
foreign_employment,2025,令和７年10月末時点,都道府県,島根,島根,1261,うち派遣・請負労働者,人,2025_001646132.xlsx,別表２,2026-09-07T13:45:09Z
foreign_employment,2025,令和７年10月末時点,都道府県,岡山,岡山,3942,事業所数,所,2025_001646132.xlsx,別表２,2026-09-07T13:45:09Z
foreign_employment,2025,令和７年10月末時点,都道府県,岡山,岡山,123,うち派遣・請負事業所,所,2025_001646132.xlsx,別表２,2026-09-07T13:45:09Z
foreign_employment,2025,令和７年10月末時点,都道府県,岡山,岡山,29612,外国人労働者数,人,2025_001646132.xlsx,別表２,2026-09-07T13:45:09Z
foreign_employment,2025,令和７年10月末時点,都道府県,岡山,岡山,2264,うち派遣・請負労働者,人,2025_001646132.xlsx,別表２,2026-09-07T13:45:09Z
foreign_employment,2025,令和７年10月末時点,都道府県,広島,広島,7121,事業所数,所,2025_001646132.xlsx,別表２,2026-09-07T13:45:09Z
foreign_employment,2025,令和７年10月末時点,都道府県,広島,広島,384,うち派遣・請負事業所,所,2025_001646132.xlsx,別表２,2026-09-07T13:45:09Z
foreign_employment,2025,令和７年10月末時点,都道府県,広島,広島,51821,外国人労働者数,人,2025_001646132.xlsx,別表２,2026-09-07T13:45:09Z
foreign_employment,2025,令和７年10月末時点,都道府県,広島,広島,5150,うち派遣・請負労働者,人,2025_001646132.xlsx,別表２,2026-09-07T13:45:09Z
foreign_employment,2025,令和７年10月末時点,都道府県,山口,山口,2353,事業所数,所,2025_001646132.xlsx,別表２,2026-09-07T13:45:09Z
foreign_employment,2025,令和７年10月末時点,都道府県,山口,山口,114,うち派遣・請負事業所,所,2025_001646132.xlsx,別表２,2026-09-07T13:45:09Z
foreign_employment,2025,令和７年10月末時点,都道府県,山口,山口,14042,外国人労働者数,人,2025_001646132.xlsx,別表２,2026-09-07T13:45:09Z
foreign_employment,2025,令和７年10月末時点,都道府県,山口,山口,1103,うち派遣・請負労働者,人,2025_001646132.xlsx,別表２,2026-09-07T13:45:09Z
foreign_employment,2025,令和７年10月末時点,都道府県,徳島,徳島,1400,事業所数,所,2025_001646132.xlsx,別表２,2026-09-07T13:45:09Z
foreign_employment,2025,令和７年10月末時点,都道府県,徳島,徳島,58,うち派遣・請負事業所,所,2025_001646132.xlsx,別表２,2026-09-07T13:45:09Z
foreign_employment,2025,令和７年10月末時点,都道府県,徳島,徳島,7324,外国人労働者数,人,2025_001646132.xlsx,別表２,2026-09-07T13:45:09Z
foreign_employment,2025,令和７年10月末時点,都道府県,徳島,徳島,472,うち派遣・請負労働者,人,2025_001646132.xlsx,別表２,2026-09-07T13:45:09Z
foreign_employment,2025,令和７年10月末時点,都道府県,香川,香川,2358,事業所数,所,2025_001646132.xlsx,別表２,2026-09-07T13:45:09Z
foreign_employment,2025,令和７年10月末時点,都道府県,香川,香川,115,うち派遣・請負事業所,所,2025_001646132.xlsx,別表２,2026-09-07T13:45:09Z
foreign_employment,2025,令和７年10月末時点,都道府県,香川,香川,16557,外国人労働者数,人,2025_001646132.xlsx,別表２,2026-09-07T13:45:09Z
foreign_employment,2025,令和７年10月末時点,都道府県,香川,香川,951,うち派遣・請負労働者,人,2025_001646132.xlsx,別表２,2026-09-07T13:45:09Z
foreign_employment,2025,令和７年10月末時点,都道府県,愛媛,愛媛,2559,事業所数,所,2025_001646132.xlsx,別表２,2026-09-07T13:45:09Z
foreign_employment,2025,令和７年10月末時点,都道府県,愛媛,愛媛,232,うち派遣・請負事業所,所,2025_001646132.xlsx,別表２,2026-09-07T13:45:09Z
foreign_employment,2025,令和７年10月末時点,都道府県,愛媛,愛媛,15925,外国人労働者数,人,2025_001646132.xlsx,別表２,2026-09-07T13:45:09Z
foreign_employment,2025,令和７年10月末時点,都道府県,愛媛,愛媛,2062,うち派遣・請負労働者,人,2025_001646132.xlsx,別表２,2026-09-07T13:45:09Z
foreign_employment,2025,令和７年10月末時点,都道府県,高知,高知,1332,事業所数,所,2025_001646132.xlsx,別表２,2026-09-07T13:45:09Z
foreign_employment,2025,令和７年10月末時点,都道府県,高知,高知,28,うち派遣・請負事業所,所,2025_001646132.xlsx,別表２,2026-09-07T13:45:09Z
foreign_employment,2025,令和７年10月末時点,都道府県,高知,高知,5916,外国人労働者数,人,2025_001646132.xlsx,別表２,2026-09-07T13:45:09Z
foreign_employment,2025,令和７年10月末時点,都道府県,高知,高知,116,うち派遣・請負労働者,人,2025_001646132.xlsx,別表２,2026-09-07T13:45:09Z
foreign_employment,2025,令和７年10月末時点,都道府県,福岡,福岡,13682,事業所数,所,2025_001646132.xlsx,別表２,2026-09-07T13:45:09Z
foreign_employment,2025,令和７年10月末時点,都道府県,福岡,福岡,663,うち派遣・請負事業所,所,2025_001646132.xlsx,別表２,2026-09-07T13:45:09Z
foreign_employment,2025,令和７年10月末時点,都道府県,福岡,福岡,85385,外国人労働者数,人,2025_001646132.xlsx,別表２,2026-09-07T13:45:09Z
foreign_employment,2025,令和７年10月末時点,都道府県,福岡,福岡,12928,うち派遣・請負労働者,人,2025_001646132.xlsx,別表２,2026-09-07T13:45:09Z
foreign_employment,2025,令和７年10月末時点,都道府県,佐賀,佐賀,1639,事業所数,所,2025_001646132.xlsx,別表２,2026-09-07T13:45:09Z
foreign_employment,2025,令和７年10月末時点,都道府県,佐賀,佐賀,30,うち派遣・請負事業所,所,2025_001646132.xlsx,別表２,2026-09-07T13:45:09Z
foreign_employment,2025,令和７年10月末時点,都道府県,佐賀,佐賀,9932,外国人労働者数,人,2025_001646132.xlsx,別表２,2026-09-07T13:45:09Z
foreign_employment,2025,令和７年10月末時点,都道府県,佐賀,佐賀,496,うち派遣・請負労働者,人,2025_001646132.xlsx,別表２,2026-09-07T13:45:09Z
foreign_employment,2025,令和７年10月末時点,都道府県,長崎,長崎,2338,事業所数,所,2025_001646132.xlsx,別表２,2026-09-07T13:45:09Z
foreign_employment,2025,令和７年10月末時点,都道府県,長崎,長崎,91,うち派遣・請負事業所,所,2025_001646132.xlsx,別表２,2026-09-07T13:45:09Z
foreign_employment,2025,令和７年10月末時点,都道府県,長崎,長崎,12807,外国人労働者数,人,2025_001646132.xlsx,別表２,2026-09-07T13:45:09Z
foreign_employment,2025,令和７年10月末時点,都道府県,長崎,長崎,1056,うち派遣・請負労働者,人,2025_001646132.xlsx,別表２,2026-09-07T13:45:09Z
foreign_employment,2025,令和７年10月末時点,都道府県,熊本,熊本,4404,事業所数,所,2025_001646132.xlsx,別表２,2026-09-07T13:45:09Z
foreign_employment,2025,令和７年10月末時点,都道府県,熊本,熊本,142,うち派遣・請負事業所,所,2025_001646132.xlsx,別表２,2026-09-07T13:45:09Z
foreign_employment,2025,令和７年10月末時点,都道府県,熊本,熊本,24076,外国人労働者数,人,2025_001646132.xlsx,別表２,2026-09-07T13:45:09Z
foreign_employment,2025,令和７年10月末時点,都道府県,熊本,熊本,1642,うち派遣・請負労働者,人,2025_001646132.xlsx,別表２,2026-09-07T13:45:09Z
foreign_employment,2025,令和７年10月末時点,都道府県,大分,大分,2508,事業所数,所,2025_001646132.xlsx,別表２,2026-09-07T13:45:09Z
foreign_employment,2025,令和７年10月末時点,都道府県,大分,大分,73,うち派遣・請負事業所,所,2025_001646132.xlsx,別表２,2026-09-07T13:45:09Z
foreign_employment,2025,令和７年10月末時点,都道府県,大分,大分,14378,外国人労働者数,人,2025_001646132.xlsx,別表２,2026-09-07T13:45:09Z
foreign_employment,2025,令和７年10月末時点,都道府県,大分,大分,1035,うち派遣・請負労働者,人,2025_001646132.xlsx,別表２,2026-09-07T13:45:09Z
foreign_employment,2025,令和７年10月末時点,都道府県,宮崎,宮崎,1673,事業所数,所,2025_001646132.xlsx,別表２,2026-09-07T13:45:09Z
foreign_employment,2025,令和７年10月末時点,都道府県,宮崎,宮崎,28,うち派遣・請負事業所,所,2025_001646132.xlsx,別表２,2026-09-07T13:45:09Z
foreign_employment,2025,令和７年10月末時点,都道府県,宮崎,宮崎,9718,外国人労働者数,人,2025_001646132.xlsx,別表２,2026-09-07T13:45:09Z
foreign_employment,2025,令和７年10月末時点,都道府県,宮崎,宮崎,163,うち派遣・請負労働者,人,2025_001646132.xlsx,別表２,2026-09-07T13:45:09Z
foreign_employment,2025,令和７年10月末時点,都道府県,鹿児島,鹿児島,2679,事業所数,所,2025_001646132.xlsx,別表２,2026-09-07T13:45:09Z
foreign_employment,2025,令和７年10月末時点,都道府県,鹿児島,鹿児島,82,うち派遣・請負事業所,所,2025_001646132.xlsx,別表２,2026-09-07T13:45:09Z
foreign_employment,2025,令和７年10月末時点,都道府県,鹿児島,鹿児島,16562,外国人労働者数,人,2025_001646132.xlsx,別表２,2026-09-07T13:45:09Z
foreign_employment,2025,令和７年10月末時点,都道府県,鹿児島,鹿児島,962,うち派遣・請負労働者,人,2025_001646132.xlsx,別表２,2026-09-07T13:45:09Z
foreign_employment,2025,令和７年10月末時点,都道府県,沖縄,沖縄,3697,事業所数,所,2025_001646132.xlsx,別表２,2026-09-07T13:45:09Z
foreign_employment,2025,令和７年10月末時点,都道府県,沖縄,沖縄,149,うち派遣・請負事業所,所,2025_001646132.xlsx,別表２,2026-09-07T13:45:09Z
foreign_employment,2025,令和７年10月末時点,都道府県,沖縄,沖縄,20354,外国人労働者数,人,2025_001646132.xlsx,別表２,2026-09-07T13:45:09Z
foreign_employment,2025,令和７年10月末時点,都道府県,沖縄,沖縄,2535,うち派遣・請負労働者,人,2025_001646132.xlsx,別表２,2026-09-07T13:45:09Z
foreign_employment,2025,令和７年10月末時点,産業,全産業計,全産業計,371215,事業所数,所,2025_001646132.xlsx,別表４,2026-09-07T13:45:09Z
foreign_employment,2025,令和７年10月末時点,産業,全産業計,全産業計,20179,うち派遣・請負事業所,所,2025_001646132.xlsx,別表４,2026-09-07T13:45:09Z
foreign_employment,2025,令和７年10月末時点,産業,全産業計,全産業計,2571037,外国人労働者数,人,2025_001646132.xlsx,別表４,2026-09-07T13:45:09Z
foreign_employment,2025,令和７年10月末時点,産業,全産業計,全産業計,430342,うち派遣・請負労働者,人,2025_001646132.xlsx,別表４,2026-09-07T13:45:09Z
foreign_employment,2025,令和７年10月末時点,産業,農業、林業,農業、林業,14604,事業所数,所,2025_001646132.xlsx,別表４,2026-09-07T13:45:09Z
foreign_employment,2025,令和７年10月末時点,産業,農業、林業,農業、林業,198,うち派遣・請負事業所,所,2025_001646132.xlsx,別表４,2026-09-07T13:45:09Z
foreign_employment,2025,令和７年10月末時点,産業,農業、林業,農業、林業,65153,外国人労働者数,人,2025_001646132.xlsx,別表４,2026-09-07T13:45:09Z
foreign_employment,2025,令和７年10月末時点,産業,農業、林業,農業、林業,1620,うち派遣・請負労働者,人,2025_001646132.xlsx,別表４,2026-09-07T13:45:09Z
foreign_employment,2025,令和７年10月末時点,産業,漁業,漁業,1884,事業所数,所,2025_001646132.xlsx,別表４,2026-09-07T13:45:09Z
foreign_employment,2025,令和７年10月末時点,産業,漁業,漁業,8,うち派遣・請負事業所,所,2025_001646132.xlsx,別表４,2026-09-07T13:45:09Z
foreign_employment,2025,令和７年10月末時点,産業,漁業,漁業,7081,外国人労働者数,人,2025_001646132.xlsx,別表４,2026-09-07T13:45:09Z
foreign_employment,2025,令和７年10月末時点,産業,漁業,漁業,30,うち派遣・請負労働者,人,2025_001646132.xlsx,別表４,2026-09-07T13:45:09Z
foreign_employment,2025,令和７年10月末時点,産業,鉱業、採石業、砂利採取業,鉱業、採石業、砂利採取業,113,事業所数,所,2025_001646132.xlsx,別表４,2026-09-07T13:45:09Z
foreign_employment,2025,令和７年10月末時点,産業,鉱業、採石業、砂利採取業,鉱業、採石業、砂利採取業,3,うち派遣・請負事業所,所,2025_001646132.xlsx,別表４,2026-09-07T13:45:09Z
foreign_employment,2025,令和７年10月末時点,産業,鉱業、採石業、砂利採取業,鉱業、採石業、砂利採取業,526,外国人労働者数,人,2025_001646132.xlsx,別表４,2026-09-07T13:45:09Z
foreign_employment,2025,令和７年10月末時点,産業,鉱業、採石業、砂利採取業,鉱業、採石業、砂利採取業,64,うち派遣・請負労働者,人,2025_001646132.xlsx,別表４,2026-09-07T13:45:09Z
foreign_employment,2025,令和７年10月末時点,産業,建設業,建設業,50133,事業所数,所,2025_001646132.xlsx,別表４,2026-09-07T13:45:09Z
foreign_employment,2025,令和７年10月末時点,産業,建設業,建設業,1911,うち派遣・請負事業所,所,2025_001646132.xlsx,別表４,2026-09-07T13:45:09Z
foreign_employment,2025,令和７年10月末時点,産業,建設業,建設業,206468,外国人労働者数,人,2025_001646132.xlsx,別表４,2026-09-07T13:45:09Z
foreign_employment,2025,令和７年10月末時点,産業,建設業,建設業,10492,うち派遣・請負労働者,人,2025_001646132.xlsx,別表４,2026-09-07T13:45:09Z
foreign_employment,2025,令和７年10月末時点,産業,製造業,製造業,58400,事業所数,所,2025_001646132.xlsx,別表４,2026-09-07T13:45:09Z
foreign_employment,2025,令和７年10月末時点,産業,製造業,製造業,3873,うち派遣・請負事業所,所,2025_001646132.xlsx,別表４,2026-09-07T13:45:09Z
foreign_employment,2025,令和７年10月末時点,産業,製造業,製造業,635075,外国人労働者数,人,2025_001646132.xlsx,別表４,2026-09-07T13:45:09Z
foreign_employment,2025,令和７年10月末時点,産業,製造業,製造業,76752,うち派遣・請負労働者,人,2025_001646132.xlsx,別表４,2026-09-07T13:45:09Z
foreign_employment,2025,令和７年10月末時点,産業,電気・ガス・熱供給・水道業,電気・ガス・熱供給・水道業,217,事業所数,所,2025_001646132.xlsx,別表４,2026-09-07T13:45:09Z
foreign_employment,2025,令和７年10月末時点,産業,電気・ガス・熱供給・水道業,電気・ガス・熱供給・水道業,14,うち派遣・請負事業所,所,2025_001646132.xlsx,別表４,2026-09-07T13:45:09Z
foreign_employment,2025,令和７年10月末時点,産業,電気・ガス・熱供給・水道業,電気・ガス・熱供給・水道業,905,外国人労働者数,人,2025_001646132.xlsx,別表４,2026-09-07T13:45:09Z
foreign_employment,2025,令和７年10月末時点,産業,電気・ガス・熱供給・水道業,電気・ガス・熱供給・水道業,63,うち派遣・請負労働者,人,2025_001646132.xlsx,別表４,2026-09-07T13:45:09Z
foreign_employment,2025,令和７年10月末時点,産業,情報通信業,情報通信業,14366,事業所数,所,2025_001646132.xlsx,別表４,2026-09-07T13:45:09Z
foreign_employment,2025,令和７年10月末時点,産業,情報通信業,情報通信業,1079,うち派遣・請負事業所,所,2025_001646132.xlsx,別表４,2026-09-07T13:45:09Z
foreign_employment,2025,令和７年10月末時点,産業,情報通信業,情報通信業,97924,外国人労働者数,人,2025_001646132.xlsx,別表４,2026-09-07T13:45:09Z
foreign_employment,2025,令和７年10月末時点,産業,情報通信業,情報通信業,11918,うち派遣・請負労働者,人,2025_001646132.xlsx,別表４,2026-09-07T13:45:09Z
foreign_employment,2025,令和７年10月末時点,産業,運輸業、郵便業,運輸業、郵便業,10464,事業所数,所,2025_001646132.xlsx,別表４,2026-09-07T13:45:09Z
foreign_employment,2025,令和７年10月末時点,産業,運輸業、郵便業,運輸業、郵便業,593,うち派遣・請負事業所,所,2025_001646132.xlsx,別表４,2026-09-07T13:45:09Z
foreign_employment,2025,令和７年10月末時点,産業,運輸業、郵便業,運輸業、郵便業,85477,外国人労働者数,人,2025_001646132.xlsx,別表４,2026-09-07T13:45:09Z
foreign_employment,2025,令和７年10月末時点,産業,運輸業、郵便業,運輸業、郵便業,14713,うち派遣・請負労働者,人,2025_001646132.xlsx,別表４,2026-09-07T13:45:09Z
foreign_employment,2025,令和７年10月末時点,産業,卸売業、小売業,卸売業、小売業,70358,事業所数,所,2025_001646132.xlsx,別表４,2026-09-07T13:45:09Z
foreign_employment,2025,令和７年10月末時点,産業,卸売業、小売業,卸売業、小売業,1168,うち派遣・請負事業所,所,2025_001646132.xlsx,別表４,2026-09-07T13:45:09Z
foreign_employment,2025,令和７年10月末時点,産業,卸売業、小売業,卸売業、小売業,340687,外国人労働者数,人,2025_001646132.xlsx,別表４,2026-09-07T13:45:09Z
foreign_employment,2025,令和７年10月末時点,産業,卸売業、小売業,卸売業、小売業,11721,うち派遣・請負労働者,人,2025_001646132.xlsx,別表４,2026-09-07T13:45:09Z
foreign_employment,2025,令和７年10月末時点,産業,金融業、保険業,金融業、保険業,1677,事業所数,所,2025_001646132.xlsx,別表４,2026-09-07T13:45:09Z
foreign_employment,2025,令和７年10月末時点,産業,金融業、保険業,金融業、保険業,53,うち派遣・請負事業所,所,2025_001646132.xlsx,別表４,2026-09-07T13:45:09Z
foreign_employment,2025,令和７年10月末時点,産業,金融業、保険業,金融業、保険業,14151,外国人労働者数,人,2025_001646132.xlsx,別表４,2026-09-07T13:45:09Z
foreign_employment,2025,令和７年10月末時点,産業,金融業、保険業,金融業、保険業,751,うち派遣・請負労働者,人,2025_001646132.xlsx,別表４,2026-09-07T13:45:09Z
foreign_employment,2025,令和７年10月末時点,産業,不動産業、物品賃貸業,不動産業、物品賃貸業,5792,事業所数,所,2025_001646132.xlsx,別表４,2026-09-07T13:45:09Z
foreign_employment,2025,令和７年10月末時点,産業,不動産業、物品賃貸業,不動産業、物品賃貸業,144,うち派遣・請負事業所,所,2025_001646132.xlsx,別表４,2026-09-07T13:45:09Z
foreign_employment,2025,令和７年10月末時点,産業,不動産業、物品賃貸業,不動産業、物品賃貸業,26984,外国人労働者数,人,2025_001646132.xlsx,別表４,2026-09-07T13:45:09Z
foreign_employment,2025,令和７年10月末時点,産業,不動産業、物品賃貸業,不動産業、物品賃貸業,2228,うち派遣・請負労働者,人,2025_001646132.xlsx,別表４,2026-09-07T13:45:09Z
foreign_employment,2025,令和７年10月末時点,産業,学術研究、専門・技術サービス業,学術研究、専門・技術サービス業,14592,事業所数,所,2025_001646132.xlsx,別表４,2026-09-07T13:45:09Z
foreign_employment,2025,令和７年10月末時点,産業,学術研究、専門・技術サービス業,学術研究、専門・技術サービス業,769,うち派遣・請負事業所,所,2025_001646132.xlsx,別表４,2026-09-07T13:45:09Z
foreign_employment,2025,令和７年10月末時点,産業,学術研究、専門・技術サービス業,学術研究、専門・技術サービス業,90703,外国人労働者数,人,2025_001646132.xlsx,別表４,2026-09-07T13:45:09Z
foreign_employment,2025,令和７年10月末時点,産業,学術研究、専門・技術サービス業,学術研究、専門・技術サービス業,18254,うち派遣・請負労働者,人,2025_001646132.xlsx,別表４,2026-09-07T13:45:09Z
foreign_employment,2025,令和７年10月末時点,産業,宿泊業、飲食サービス業,宿泊業、飲食サービス業,53855,事業所数,所,2025_001646132.xlsx,別表４,2026-09-07T13:45:09Z
foreign_employment,2025,令和７年10月末時点,産業,宿泊業、飲食サービス業,宿泊業、飲食サービス業,700,うち派遣・請負事業所,所,2025_001646132.xlsx,別表４,2026-09-07T13:45:09Z
foreign_employment,2025,令和７年10月末時点,産業,宿泊業、飲食サービス業,宿泊業、飲食サービス業,319999,外国人労働者数,人,2025_001646132.xlsx,別表４,2026-09-07T13:45:09Z
foreign_employment,2025,令和７年10月末時点,産業,宿泊業、飲食サービス業,宿泊業、飲食サービス業,9241,うち派遣・請負労働者,人,2025_001646132.xlsx,別表４,2026-09-07T13:45:09Z
foreign_employment,2025,令和７年10月末時点,産業,生活関連サービス業、娯楽業,生活関連サービス業、娯楽業,7157,事業所数,所,2025_001646132.xlsx,別表４,2026-09-07T13:45:09Z
foreign_employment,2025,令和７年10月末時点,産業,生活関連サービス業、娯楽業,生活関連サービス業、娯楽業,229,うち派遣・請負事業所,所,2025_001646132.xlsx,別表４,2026-09-07T13:45:09Z
foreign_employment,2025,令和７年10月末時点,産業,生活関連サービス業、娯楽業,生活関連サービス業、娯楽業,33928,外国人労働者数,人,2025_001646132.xlsx,別表４,2026-09-07T13:45:09Z
foreign_employment,2025,令和７年10月末時点,産業,生活関連サービス業、娯楽業,生活関連サービス業、娯楽業,4291,うち派遣・請負労働者,人,2025_001646132.xlsx,別表４,2026-09-07T13:45:09Z
foreign_employment,2025,令和７年10月末時点,産業,教育、学習支援業,教育、学習支援業,8026,事業所数,所,2025_001646132.xlsx,別表４,2026-09-07T13:45:09Z
foreign_employment,2025,令和７年10月末時点,産業,教育、学習支援業,教育、学習支援業,232,うち派遣・請負事業所,所,2025_001646132.xlsx,別表４,2026-09-07T13:45:09Z
foreign_employment,2025,令和７年10月末時点,産業,教育、学習支援業,教育、学習支援業,83225,外国人労働者数,人,2025_001646132.xlsx,別表４,2026-09-07T13:45:09Z
foreign_employment,2025,令和７年10月末時点,産業,教育、学習支援業,教育、学習支援業,4499,うち派遣・請負労働者,人,2025_001646132.xlsx,別表４,2026-09-07T13:45:09Z
foreign_employment,2025,令和７年10月末時点,産業,医療、福祉,医療、福祉,26076,事業所数,所,2025_001646132.xlsx,別表４,2026-09-07T13:45:09Z
foreign_employment,2025,令和７年10月末時点,産業,医療、福祉,医療、福祉,499,うち派遣・請負事業所,所,2025_001646132.xlsx,別表４,2026-09-07T13:45:09Z
foreign_employment,2025,令和７年10月末時点,産業,医療、福祉,医療、福祉,146105,外国人労働者数,人,2025_001646132.xlsx,別表４,2026-09-07T13:45:09Z
foreign_employment,2025,令和７年10月末時点,産業,医療、福祉,医療、福祉,4020,うち派遣・請負労働者,人,2025_001646132.xlsx,別表４,2026-09-07T13:45:09Z
foreign_employment,2025,令和７年10月末時点,産業,複合サービス事業,複合サービス事業,1726,事業所数,所,2025_001646132.xlsx,別表４,2026-09-07T13:45:09Z
foreign_employment,2025,令和７年10月末時点,産業,複合サービス事業,複合サービス事業,60,うち派遣・請負事業所,所,2025_001646132.xlsx,別表４,2026-09-07T13:45:09Z
foreign_employment,2025,令和７年10月末時点,産業,複合サービス事業,複合サービス事業,7431,外国人労働者数,人,2025_001646132.xlsx,別表４,2026-09-07T13:45:09Z
foreign_employment,2025,令和７年10月末時点,産業,複合サービス事業,複合サービス事業,863,うち派遣・請負労働者,人,2025_001646132.xlsx,別表４,2026-09-07T13:45:09Z
foreign_employment,2025,令和７年10月末時点,産業,サービス業（他に分類されないもの）,サービス業（他に分類されないもの）,28549,事業所数,所,2025_001646132.xlsx,別表４,2026-09-07T13:45:09Z
foreign_employment,2025,令和７年10月末時点,産業,サービス業（他に分類されないもの）,サービス業（他に分類されないもの）,8526,うち派遣・請負事業所,所,2025_001646132.xlsx,別表４,2026-09-07T13:45:09Z
foreign_employment,2025,令和７年10月末時点,産業,サービス業（他に分類されないもの）,サービス業（他に分類されないもの）,391946,外国人労働者数,人,2025_001646132.xlsx,別表４,2026-09-07T13:45:09Z
foreign_employment,2025,令和７年10月末時点,産業,サービス業（他に分類されないもの）,サービス業（他に分類されないもの）,257633,うち派遣・請負労働者,人,2025_001646132.xlsx,別表４,2026-09-07T13:45:09Z
foreign_employment,2025,令和７年10月末時点,産業,公務（他に分類されるものを除く）,公務（他に分類されるものを除く）,1963,事業所数,所,2025_001646132.xlsx,別表４,2026-09-07T13:45:09Z
foreign_employment,2025,令和７年10月末時点,産業,公務（他に分類されるものを除く）,公務（他に分類されるものを除く）,58,うち派遣・請負事業所,所,2025_001646132.xlsx,別表４,2026-09-07T13:45:09Z
foreign_employment,2025,令和７年10月末時点,産業,公務（他に分類されるものを除く）,公務（他に分類されるものを除く）,11461,外国人労働者数,人,2025_001646132.xlsx,別表４,2026-09-07T13:45:09Z
foreign_employment,2025,令和７年10月末時点,産業,公務（他に分類されるものを除く）,公務（他に分類されるものを除く）,632,うち派遣・請負労働者,人,2025_001646132.xlsx,別表４,2026-09-07T13:45:09Z
foreign_employment,2025,令和７年10月末時点,産業,分類不能の産業,分類不能の産業,1263,事業所数,所,2025_001646132.xlsx,別表４,2026-09-07T13:45:09Z
foreign_employment,2025,令和７年10月末時点,産業,分類不能の産業,分類不能の産業,62,うち派遣・請負事業所,所,2025_001646132.xlsx,別表４,2026-09-07T13:45:09Z
foreign_employment,2025,令和７年10月末時点,産業,分類不能の産業,分類不能の産業,5808,外国人労働者数,人,2025_001646132.xlsx,別表４,2026-09-07T13:45:09Z
foreign_employment,2025,令和７年10月末時点,産業,分類不能の産業,分類不能の産業,557,うち派遣・請負労働者,人,2025_001646132.xlsx,別表４,2026-09-07T13:45:09Z
foreign_employment,2025,令和７年10月末時点,在留資格,"①専門的・技術的分野の
　在留資格（注３）","①専門的・技術的分野の
　在留資格（注３）",865588,外国人労働者数,人,2025_001646132.xlsx,別表６,2026-09-07T13:45:09Z
foreign_employment,2025,令和７年10月末時点,在留資格,②特定活動（注４）,②特定活動（注４）,111074,外国人労働者数,人,2025_001646132.xlsx,別表６,2026-09-07T13:45:09Z
foreign_employment,2025,令和７年10月末時点,在留資格,③技能実習,③技能実習,499394,外国人労働者数,人,2025_001646132.xlsx,別表６,2026-09-07T13:45:09Z
foreign_employment,2025,令和７年10月末時点,在留資格,④資格外活動,④資格外活動,449324,外国人労働者数,人,2025_001646132.xlsx,別表６,2026-09-07T13:45:09Z
foreign_employment,2025,令和７年10月末時点,在留資格,⑤身分に基づく在留資格　,⑤身分に基づく在留資格　,645590,外国人労働者数,人,2025_001646132.xlsx,別表６,2026-09-07T13:45:09Z
foreign_employment,2025,令和７年10月末時点,在留資格,⑥不明,⑥不明,67,外国人労働者数,人,2025_001646132.xlsx,別表６,2026-09-07T13:45:09Z
