series_id,year,sex,age_band,suicide_count,suicide_count_source_age_classes,suicide_count_zero_filled_source_age_classes,population_persons,population_source_age_classes,population_unit_source,population_basis,denominator_scope,rate_per_100k,population_definition,built_at
vital_suicide_by_age_sex_rate,1950,男,合計,9820,総数,,,,,,分母なし（1995年より前）,,人口動態統計（日本における日本人）,2026-09-07T18:03:19+00:00
vital_suicide_by_age_sex_rate,1950,男,0-19歳,757,0～4歳+5～9歳+10～14歳+15～19歳,0～4歳+5～9歳+10～14歳,,,,,分母なし（1995年より前）,,人口動態統計（日本における日本人）,2026-09-07T18:03:19+00:00
vital_suicide_by_age_sex_rate,1950,男,20-29歳,2738,20～24歳+25～29歳,,,,,,分母なし（1995年より前）,,人口動態統計（日本における日本人）,2026-09-07T18:03:19+00:00
vital_suicide_by_age_sex_rate,1950,男,30-39歳,1109,30～34歳+35～39歳,,,,,,分母なし（1995年より前）,,人口動態統計（日本における日本人）,2026-09-07T18:03:19+00:00
vital_suicide_by_age_sex_rate,1950,男,40-49歳,1190,40～44歳+45～49歳,,,,,,分母なし（1995年より前）,,人口動態統計（日本における日本人）,2026-09-07T18:03:19+00:00
vital_suicide_by_age_sex_rate,1950,男,50-59歳,1456,50～54歳+55～59歳,,,,,,分母なし（1995年より前）,,人口動態統計（日本における日本人）,2026-09-07T18:03:19+00:00
vital_suicide_by_age_sex_rate,1950,男,60歳以上,2491,60～64歳+65～69歳+70～74歳+75～79歳+80～84歳+85～89歳+90～94歳+95～99歳+100歳以上,100歳以上,,,,,分母なし（1995年より前）,,人口動態統計（日本における日本人）,2026-09-07T18:03:19+00:00
vital_suicide_by_age_sex_rate,1950,男,不詳,79,不詳,,,,,,分母なし（1995年より前）,,人口動態統計（日本における日本人）,2026-09-07T18:03:19+00:00
vital_suicide_by_age_sex_rate,1950,女,合計,6491,総数,,,,,,分母なし（1995年より前）,,人口動態統計（日本における日本人）,2026-09-07T18:03:19+00:00
vital_suicide_by_age_sex_rate,1950,女,0-19歳,555,0～4歳+5～9歳+10～14歳+15～19歳,0～4歳+5～9歳,,,,,分母なし（1995年より前）,,人口動態統計（日本における日本人）,2026-09-07T18:03:19+00:00
vital_suicide_by_age_sex_rate,1950,女,20-29歳,1715,20～24歳+25～29歳,,,,,,分母なし（1995年より前）,,人口動態統計（日本における日本人）,2026-09-07T18:03:19+00:00
vital_suicide_by_age_sex_rate,1950,女,30-39歳,844,30～34歳+35～39歳,,,,,,分母なし（1995年より前）,,人口動態統計（日本における日本人）,2026-09-07T18:03:19+00:00
vital_suicide_by_age_sex_rate,1950,女,40-49歳,705,40～44歳+45～49歳,,,,,,分母なし（1995年より前）,,人口動態統計（日本における日本人）,2026-09-07T18:03:19+00:00
vital_suicide_by_age_sex_rate,1950,女,50-59歳,668,50～54歳+55～59歳,,,,,,分母なし（1995年より前）,,人口動態統計（日本における日本人）,2026-09-07T18:03:19+00:00
vital_suicide_by_age_sex_rate,1950,女,60歳以上,1973,60～64歳+65～69歳+70～74歳+75～79歳+80～84歳+85～89歳+90～94歳+95～99歳+100歳以上,100歳以上,,,,,分母なし（1995年より前）,,人口動態統計（日本における日本人）,2026-09-07T18:03:19+00:00
vital_suicide_by_age_sex_rate,1950,女,不詳,31,不詳,,,,,,分母なし（1995年より前）,,人口動態統計（日本における日本人）,2026-09-07T18:03:19+00:00
vital_suicide_by_age_sex_rate,1950,総数,合計,16311,総数,,,,,,分母なし（1995年より前）,,人口動態統計（日本における日本人）,2026-09-07T18:03:19+00:00
vital_suicide_by_age_sex_rate,1950,総数,0-19歳,1312,0～4歳+5～9歳+10～14歳+15～19歳,0～4歳+5～9歳,,,,,分母なし（1995年より前）,,人口動態統計（日本における日本人）,2026-09-07T18:03:19+00:00
vital_suicide_by_age_sex_rate,1950,総数,20-29歳,4453,20～24歳+25～29歳,,,,,,分母なし（1995年より前）,,人口動態統計（日本における日本人）,2026-09-07T18:03:19+00:00
vital_suicide_by_age_sex_rate,1950,総数,30-39歳,1953,30～34歳+35～39歳,,,,,,分母なし（1995年より前）,,人口動態統計（日本における日本人）,2026-09-07T18:03:19+00:00
vital_suicide_by_age_sex_rate,1950,総数,40-49歳,1895,40～44歳+45～49歳,,,,,,分母なし（1995年より前）,,人口動態統計（日本における日本人）,2026-09-07T18:03:19+00:00
vital_suicide_by_age_sex_rate,1950,総数,50-59歳,2124,50～54歳+55～59歳,,,,,,分母なし（1995年より前）,,人口動態統計（日本における日本人）,2026-09-07T18:03:19+00:00
vital_suicide_by_age_sex_rate,1950,総数,60歳以上,4464,60～64歳+65～69歳+70～74歳+75～79歳+80～84歳+85～89歳+90～94歳+95～99歳+100歳以上,100歳以上,,,,,分母なし（1995年より前）,,人口動態統計（日本における日本人）,2026-09-07T18:03:19+00:00
vital_suicide_by_age_sex_rate,1950,総数,不詳,110,不詳,,,,,,分母なし（1995年より前）,,人口動態統計（日本における日本人）,2026-09-07T18:03:19+00:00
vital_suicide_by_age_sex_rate,1955,男,合計,13836,総数,,,,,,分母なし（1995年より前）,,人口動態統計（日本における日本人）,2026-09-07T18:03:19+00:00
vital_suicide_by_age_sex_rate,1955,男,0-19歳,1673,0～4歳+5～9歳+10～14歳+15～19歳,0～4歳,,,,,分母なし（1995年より前）,,人口動態統計（日本における日本人）,2026-09-07T18:03:19+00:00
vital_suicide_by_age_sex_rate,1955,男,20-29歳,5595,20～24歳+25～29歳,,,,,,分母なし（1995年より前）,,人口動態統計（日本における日本人）,2026-09-07T18:03:19+00:00
vital_suicide_by_age_sex_rate,1955,男,30-39歳,1416,30～34歳+35～39歳,,,,,,分母なし（1995年より前）,,人口動態統計（日本における日本人）,2026-09-07T18:03:19+00:00
vital_suicide_by_age_sex_rate,1955,男,40-49歳,1235,40～44歳+45～49歳,,,,,,分母なし（1995年より前）,,人口動態統計（日本における日本人）,2026-09-07T18:03:19+00:00
vital_suicide_by_age_sex_rate,1955,男,50-59歳,1493,50～54歳+55～59歳,,,,,,分母なし（1995年より前）,,人口動態統計（日本における日本人）,2026-09-07T18:03:19+00:00
vital_suicide_by_age_sex_rate,1955,男,60歳以上,2411,60～64歳+65～69歳+70～74歳+75～79歳+80～84歳+85～89歳+90～94歳+95～99歳+100歳以上,100歳以上,,,,,分母なし（1995年より前）,,人口動態統計（日本における日本人）,2026-09-07T18:03:19+00:00
vital_suicide_by_age_sex_rate,1955,男,不詳,13,不詳,,,,,,分母なし（1995年より前）,,人口動態統計（日本における日本人）,2026-09-07T18:03:19+00:00
vital_suicide_by_age_sex_rate,1955,女,合計,8641,総数,,,,,,分母なし（1995年より前）,,人口動態統計（日本における日本人）,2026-09-07T18:03:19+00:00
vital_suicide_by_age_sex_rate,1955,女,0-19歳,1153,0～4歳+5～9歳+10～14歳+15～19歳,0～4歳+5～9歳,,,,,分母なし（1995年より前）,,人口動態統計（日本における日本人）,2026-09-07T18:03:19+00:00
vital_suicide_by_age_sex_rate,1955,女,20-29歳,3040,20～24歳+25～29歳,,,,,,分母なし（1995年より前）,,人口動態統計（日本における日本人）,2026-09-07T18:03:19+00:00
vital_suicide_by_age_sex_rate,1955,女,30-39歳,1047,30～34歳+35～39歳,,,,,,分母なし（1995年より前）,,人口動態統計（日本における日本人）,2026-09-07T18:03:19+00:00
vital_suicide_by_age_sex_rate,1955,女,40-49歳,756,40～44歳+45～49歳,,,,,,分母なし（1995年より前）,,人口動態統計（日本における日本人）,2026-09-07T18:03:19+00:00
vital_suicide_by_age_sex_rate,1955,女,50-59歳,717,50～54歳+55～59歳,,,,,,分母なし（1995年より前）,,人口動態統計（日本における日本人）,2026-09-07T18:03:19+00:00
vital_suicide_by_age_sex_rate,1955,女,60歳以上,1926,60～64歳+65～69歳+70～74歳+75～79歳+80～84歳+85～89歳+90～94歳+95～99歳+100歳以上,100歳以上,,,,,分母なし（1995年より前）,,人口動態統計（日本における日本人）,2026-09-07T18:03:19+00:00
vital_suicide_by_age_sex_rate,1955,女,不詳,2,不詳,,,,,,分母なし（1995年より前）,,人口動態統計（日本における日本人）,2026-09-07T18:03:19+00:00
vital_suicide_by_age_sex_rate,1955,総数,合計,22477,総数,,,,,,分母なし（1995年より前）,,人口動態統計（日本における日本人）,2026-09-07T18:03:19+00:00
vital_suicide_by_age_sex_rate,1955,総数,0-19歳,2826,0～4歳+5～9歳+10～14歳+15～19歳,0～4歳,,,,,分母なし（1995年より前）,,人口動態統計（日本における日本人）,2026-09-07T18:03:19+00:00
vital_suicide_by_age_sex_rate,1955,総数,20-29歳,8635,20～24歳+25～29歳,,,,,,分母なし（1995年より前）,,人口動態統計（日本における日本人）,2026-09-07T18:03:19+00:00
vital_suicide_by_age_sex_rate,1955,総数,30-39歳,2463,30～34歳+35～39歳,,,,,,分母なし（1995年より前）,,人口動態統計（日本における日本人）,2026-09-07T18:03:19+00:00
vital_suicide_by_age_sex_rate,1955,総数,40-49歳,1991,40～44歳+45～49歳,,,,,,分母なし（1995年より前）,,人口動態統計（日本における日本人）,2026-09-07T18:03:19+00:00
vital_suicide_by_age_sex_rate,1955,総数,50-59歳,2210,50～54歳+55～59歳,,,,,,分母なし（1995年より前）,,人口動態統計（日本における日本人）,2026-09-07T18:03:19+00:00
vital_suicide_by_age_sex_rate,1955,総数,60歳以上,4337,60～64歳+65～69歳+70～74歳+75～79歳+80～84歳+85～89歳+90～94歳+95～99歳+100歳以上,100歳以上,,,,,分母なし（1995年より前）,,人口動態統計（日本における日本人）,2026-09-07T18:03:19+00:00
vital_suicide_by_age_sex_rate,1955,総数,不詳,15,不詳,,,,,,分母なし（1995年より前）,,人口動態統計（日本における日本人）,2026-09-07T18:03:19+00:00
vital_suicide_by_age_sex_rate,1960,男,合計,11506,総数,,,,,,分母なし（1995年より前）,,人口動態統計（日本における日本人）,2026-09-07T18:03:19+00:00
vital_suicide_by_age_sex_rate,1960,男,0-19歳,1222,0～4歳+5～9歳+10～14歳+15～19歳,0～4歳+5～9歳,,,,,分母なし（1995年より前）,,人口動態統計（日本における日本人）,2026-09-07T18:03:19+00:00
vital_suicide_by_age_sex_rate,1960,男,20-29歳,4226,20～24歳+25～29歳,,,,,,分母なし（1995年より前）,,人口動態統計（日本における日本人）,2026-09-07T18:03:19+00:00
vital_suicide_by_age_sex_rate,1960,男,30-39歳,1373,30～34歳+35～39歳,,,,,,分母なし（1995年より前）,,人口動態統計（日本における日本人）,2026-09-07T18:03:19+00:00
vital_suicide_by_age_sex_rate,1960,男,40-49歳,956,40～44歳+45～49歳,,,,,,分母なし（1995年より前）,,人口動態統計（日本における日本人）,2026-09-07T18:03:19+00:00
vital_suicide_by_age_sex_rate,1960,男,50-59歳,1347,50～54歳+55～59歳,,,,,,分母なし（1995年より前）,,人口動態統計（日本における日本人）,2026-09-07T18:03:19+00:00
vital_suicide_by_age_sex_rate,1960,男,60歳以上,2372,60～64歳+65～69歳+70～74歳+75～79歳+80～84歳+85～89歳+90～94歳+95～99歳+100歳以上,95～99歳+100歳以上,,,,,分母なし（1995年より前）,,人口動態統計（日本における日本人）,2026-09-07T18:03:19+00:00
vital_suicide_by_age_sex_rate,1960,男,不詳,10,不詳,,,,,,分母なし（1995年より前）,,人口動態統計（日本における日本人）,2026-09-07T18:03:19+00:00
vital_suicide_by_age_sex_rate,1960,女,合計,8637,総数,,,,,,分母なし（1995年より前）,,人口動態統計（日本における日本人）,2026-09-07T18:03:19+00:00
vital_suicide_by_age_sex_rate,1960,女,0-19歳,1058,0～4歳+5～9歳+10～14歳+15～19歳,0～4歳,,,,,分母なし（1995年より前）,,人口動態統計（日本における日本人）,2026-09-07T18:03:19+00:00
vital_suicide_by_age_sex_rate,1960,女,20-29歳,2888,20～24歳+25～29歳,,,,,,分母なし（1995年より前）,,人口動態統計（日本における日本人）,2026-09-07T18:03:19+00:00
vital_suicide_by_age_sex_rate,1960,女,30-39歳,1062,30～34歳+35～39歳,,,,,,分母なし（1995年より前）,,人口動態統計（日本における日本人）,2026-09-07T18:03:19+00:00
vital_suicide_by_age_sex_rate,1960,女,40-49歳,773,40～44歳+45～49歳,,,,,,分母なし（1995年より前）,,人口動態統計（日本における日本人）,2026-09-07T18:03:19+00:00
vital_suicide_by_age_sex_rate,1960,女,50-59歳,797,50～54歳+55～59歳,,,,,,分母なし（1995年より前）,,人口動態統計（日本における日本人）,2026-09-07T18:03:19+00:00
vital_suicide_by_age_sex_rate,1960,女,60歳以上,2058,60～64歳+65～69歳+70～74歳+75～79歳+80～84歳+85～89歳+90～94歳+95～99歳+100歳以上,95～99歳+100歳以上,,,,,分母なし（1995年より前）,,人口動態統計（日本における日本人）,2026-09-07T18:03:19+00:00
vital_suicide_by_age_sex_rate,1960,女,不詳,1,不詳,,,,,,分母なし（1995年より前）,,人口動態統計（日本における日本人）,2026-09-07T18:03:19+00:00
vital_suicide_by_age_sex_rate,1960,総数,合計,20143,総数,,,,,,分母なし（1995年より前）,,人口動態統計（日本における日本人）,2026-09-07T18:03:19+00:00
vital_suicide_by_age_sex_rate,1960,総数,0-19歳,2280,0～4歳+5～9歳+10～14歳+15～19歳,0～4歳,,,,,分母なし（1995年より前）,,人口動態統計（日本における日本人）,2026-09-07T18:03:19+00:00
vital_suicide_by_age_sex_rate,1960,総数,20-29歳,7114,20～24歳+25～29歳,,,,,,分母なし（1995年より前）,,人口動態統計（日本における日本人）,2026-09-07T18:03:19+00:00
vital_suicide_by_age_sex_rate,1960,総数,30-39歳,2435,30～34歳+35～39歳,,,,,,分母なし（1995年より前）,,人口動態統計（日本における日本人）,2026-09-07T18:03:19+00:00
vital_suicide_by_age_sex_rate,1960,総数,40-49歳,1729,40～44歳+45～49歳,,,,,,分母なし（1995年より前）,,人口動態統計（日本における日本人）,2026-09-07T18:03:19+00:00
vital_suicide_by_age_sex_rate,1960,総数,50-59歳,2144,50～54歳+55～59歳,,,,,,分母なし（1995年より前）,,人口動態統計（日本における日本人）,2026-09-07T18:03:19+00:00
vital_suicide_by_age_sex_rate,1960,総数,60歳以上,4430,60～64歳+65～69歳+70～74歳+75～79歳+80～84歳+85～89歳+90～94歳+95～99歳+100歳以上,95～99歳+100歳以上,,,,,分母なし（1995年より前）,,人口動態統計（日本における日本人）,2026-09-07T18:03:19+00:00
vital_suicide_by_age_sex_rate,1960,総数,不詳,11,不詳,,,,,,分母なし（1995年より前）,,人口動態統計（日本における日本人）,2026-09-07T18:03:19+00:00
vital_suicide_by_age_sex_rate,1965,男,合計,8330,総数,,,,,,分母なし（1995年より前）,,人口動態統計（日本における日本人）,2026-09-07T18:03:19+00:00
vital_suicide_by_age_sex_rate,1965,男,0-19歳,512,0～4歳+5～9歳+10～14歳+15～19歳,0～4歳+5～9歳,,,,,分母なし（1995年より前）,,人口動態統計（日本における日本人）,2026-09-07T18:03:19+00:00
vital_suicide_by_age_sex_rate,1965,男,20-29歳,2040,20～24歳+25～29歳,,,,,,分母なし（1995年より前）,,人口動態統計（日本における日本人）,2026-09-07T18:03:19+00:00
vital_suicide_by_age_sex_rate,1965,男,30-39歳,1338,30～34歳+35～39歳,,,,,,分母なし（1995年より前）,,人口動態統計（日本における日本人）,2026-09-07T18:03:19+00:00
vital_suicide_by_age_sex_rate,1965,男,40-49歳,881,40～44歳+45～49歳,,,,,,分母なし（1995年より前）,,人口動態統計（日本における日本人）,2026-09-07T18:03:19+00:00
vital_suicide_by_age_sex_rate,1965,男,50-59歳,1149,50～54歳+55～59歳,,,,,,分母なし（1995年より前）,,人口動態統計（日本における日本人）,2026-09-07T18:03:19+00:00
vital_suicide_by_age_sex_rate,1965,男,60歳以上,2403,60～64歳+65～69歳+70～74歳+75～79歳+80～84歳+85～89歳+90～94歳+95～99歳+100歳以上,95～99歳+100歳以上,,,,,分母なし（1995年より前）,,人口動態統計（日本における日本人）,2026-09-07T18:03:19+00:00
vital_suicide_by_age_sex_rate,1965,男,不詳,7,不詳,,,,,,分母なし（1995年より前）,,人口動態統計（日本における日本人）,2026-09-07T18:03:19+00:00
vital_suicide_by_age_sex_rate,1965,女,合計,6114,総数,,,,,,分母なし（1995年より前）,,人口動態統計（日本における日本人）,2026-09-07T18:03:19+00:00
vital_suicide_by_age_sex_rate,1965,女,0-19歳,340,0～4歳+5～9歳+10～14歳+15～19歳,0～4歳+5～9歳,,,,,分母なし（1995年より前）,,人口動態統計（日本における日本人）,2026-09-07T18:03:19+00:00
vital_suicide_by_age_sex_rate,1965,女,20-29歳,1514,20～24歳+25～29歳,,,,,,分母なし（1995年より前）,,人口動態統計（日本における日本人）,2026-09-07T18:03:19+00:00
vital_suicide_by_age_sex_rate,1965,女,30-39歳,854,30～34歳+35～39歳,,,,,,分母なし（1995年より前）,,人口動態統計（日本における日本人）,2026-09-07T18:03:19+00:00
vital_suicide_by_age_sex_rate,1965,女,40-49歳,584,40～44歳+45～49歳,,,,,,分母なし（1995年より前）,,人口動態統計（日本における日本人）,2026-09-07T18:03:19+00:00
vital_suicide_by_age_sex_rate,1965,女,50-59歳,704,50～54歳+55～59歳,,,,,,分母なし（1995年より前）,,人口動態統計（日本における日本人）,2026-09-07T18:03:19+00:00
vital_suicide_by_age_sex_rate,1965,女,60歳以上,2117,60～64歳+65～69歳+70～74歳+75～79歳+80～84歳+85～89歳+90～94歳+95～99歳+100歳以上,100歳以上,,,,,分母なし（1995年より前）,,人口動態統計（日本における日本人）,2026-09-07T18:03:19+00:00
vital_suicide_by_age_sex_rate,1965,女,不詳,1,不詳,,,,,,分母なし（1995年より前）,,人口動態統計（日本における日本人）,2026-09-07T18:03:19+00:00
vital_suicide_by_age_sex_rate,1965,総数,合計,14444,総数,,,,,,分母なし（1995年より前）,,人口動態統計（日本における日本人）,2026-09-07T18:03:19+00:00
vital_suicide_by_age_sex_rate,1965,総数,0-19歳,852,0～4歳+5～9歳+10～14歳+15～19歳,0～4歳+5～9歳,,,,,分母なし（1995年より前）,,人口動態統計（日本における日本人）,2026-09-07T18:03:19+00:00
vital_suicide_by_age_sex_rate,1965,総数,20-29歳,3554,20～24歳+25～29歳,,,,,,分母なし（1995年より前）,,人口動態統計（日本における日本人）,2026-09-07T18:03:19+00:00
vital_suicide_by_age_sex_rate,1965,総数,30-39歳,2192,30～34歳+35～39歳,,,,,,分母なし（1995年より前）,,人口動態統計（日本における日本人）,2026-09-07T18:03:19+00:00
vital_suicide_by_age_sex_rate,1965,総数,40-49歳,1465,40～44歳+45～49歳,,,,,,分母なし（1995年より前）,,人口動態統計（日本における日本人）,2026-09-07T18:03:19+00:00
vital_suicide_by_age_sex_rate,1965,総数,50-59歳,1853,50～54歳+55～59歳,,,,,,分母なし（1995年より前）,,人口動態統計（日本における日本人）,2026-09-07T18:03:19+00:00
vital_suicide_by_age_sex_rate,1965,総数,60歳以上,4520,60～64歳+65～69歳+70～74歳+75～79歳+80～84歳+85～89歳+90～94歳+95～99歳+100歳以上,100歳以上,,,,,分母なし（1995年より前）,,人口動態統計（日本における日本人）,2026-09-07T18:03:19+00:00
vital_suicide_by_age_sex_rate,1965,総数,不詳,8,不詳,,,,,,分母なし（1995年より前）,,人口動態統計（日本における日本人）,2026-09-07T18:03:19+00:00
vital_suicide_by_age_sex_rate,1970,男,合計,8761,総数,,,,,,分母なし（1995年より前）,,人口動態統計（日本における日本人）,2026-09-07T18:03:19+00:00
vital_suicide_by_age_sex_rate,1970,男,0-19歳,434,0～4歳+5～9歳+10～14歳+15～19歳,0～4歳+5～9歳,,,,,分母なし（1995年より前）,,人口動態統計（日本における日本人）,2026-09-07T18:03:19+00:00
vital_suicide_by_age_sex_rate,1970,男,20-29歳,1981,20～24歳+25～29歳,,,,,,分母なし（1995年より前）,,人口動態統計（日本における日本人）,2026-09-07T18:03:19+00:00
vital_suicide_by_age_sex_rate,1970,男,30-39歳,1553,30～34歳+35～39歳,,,,,,分母なし（1995年より前）,,人口動態統計（日本における日本人）,2026-09-07T18:03:19+00:00
vital_suicide_by_age_sex_rate,1970,男,40-49歳,1081,40～44歳+45～49歳,,,,,,分母なし（1995年より前）,,人口動態統計（日本における日本人）,2026-09-07T18:03:19+00:00
vital_suicide_by_age_sex_rate,1970,男,50-59歳,1092,50～54歳+55～59歳,,,,,,分母なし（1995年より前）,,人口動態統計（日本における日本人）,2026-09-07T18:03:19+00:00
vital_suicide_by_age_sex_rate,1970,男,60歳以上,2523,60～64歳+65～69歳+70～74歳+75～79歳+80～84歳+85～89歳+90～94歳+95～99歳+100歳以上,100歳以上,,,,,分母なし（1995年より前）,,人口動態統計（日本における日本人）,2026-09-07T18:03:19+00:00
vital_suicide_by_age_sex_rate,1970,男,不詳,97,不詳,,,,,,分母なし（1995年より前）,,人口動態統計（日本における日本人）,2026-09-07T18:03:19+00:00
vital_suicide_by_age_sex_rate,1970,女,合計,6967,総数,,,,,,分母なし（1995年より前）,,人口動態統計（日本における日本人）,2026-09-07T18:03:19+00:00
vital_suicide_by_age_sex_rate,1970,女,0-19歳,323,0～4歳+5～9歳+10～14歳+15～19歳,0～4歳+5～9歳,,,,,分母なし（1995年より前）,,人口動態統計（日本における日本人）,2026-09-07T18:03:19+00:00
vital_suicide_by_age_sex_rate,1970,女,20-29歳,1560,20～24歳+25～29歳,,,,,,分母なし（1995年より前）,,人口動態統計（日本における日本人）,2026-09-07T18:03:19+00:00
vital_suicide_by_age_sex_rate,1970,女,30-39歳,976,30～34歳+35～39歳,,,,,,分母なし（1995年より前）,,人口動態統計（日本における日本人）,2026-09-07T18:03:19+00:00
vital_suicide_by_age_sex_rate,1970,女,40-49歳,765,40～44歳+45～49歳,,,,,,分母なし（1995年より前）,,人口動態統計（日本における日本人）,2026-09-07T18:03:19+00:00
vital_suicide_by_age_sex_rate,1970,女,50-59歳,854,50～54歳+55～59歳,,,,,,分母なし（1995年より前）,,人口動態統計（日本における日本人）,2026-09-07T18:03:19+00:00
vital_suicide_by_age_sex_rate,1970,女,60歳以上,2460,60～64歳+65～69歳+70～74歳+75～79歳+80～84歳+85～89歳+90～94歳+95～99歳+100歳以上,100歳以上,,,,,分母なし（1995年より前）,,人口動態統計（日本における日本人）,2026-09-07T18:03:19+00:00
vital_suicide_by_age_sex_rate,1970,女,不詳,29,不詳,,,,,,分母なし（1995年より前）,,人口動態統計（日本における日本人）,2026-09-07T18:03:19+00:00
vital_suicide_by_age_sex_rate,1970,総数,合計,15728,総数,,,,,,分母なし（1995年より前）,,人口動態統計（日本における日本人）,2026-09-07T18:03:19+00:00
vital_suicide_by_age_sex_rate,1970,総数,0-19歳,757,0～4歳+5～9歳+10～14歳+15～19歳,0～4歳+5～9歳,,,,,分母なし（1995年より前）,,人口動態統計（日本における日本人）,2026-09-07T18:03:19+00:00
vital_suicide_by_age_sex_rate,1970,総数,20-29歳,3541,20～24歳+25～29歳,,,,,,分母なし（1995年より前）,,人口動態統計（日本における日本人）,2026-09-07T18:03:19+00:00
vital_suicide_by_age_sex_rate,1970,総数,30-39歳,2529,30～34歳+35～39歳,,,,,,分母なし（1995年より前）,,人口動態統計（日本における日本人）,2026-09-07T18:03:19+00:00
vital_suicide_by_age_sex_rate,1970,総数,40-49歳,1846,40～44歳+45～49歳,,,,,,分母なし（1995年より前）,,人口動態統計（日本における日本人）,2026-09-07T18:03:19+00:00
vital_suicide_by_age_sex_rate,1970,総数,50-59歳,1946,50～54歳+55～59歳,,,,,,分母なし（1995年より前）,,人口動態統計（日本における日本人）,2026-09-07T18:03:19+00:00
vital_suicide_by_age_sex_rate,1970,総数,60歳以上,4983,60～64歳+65～69歳+70～74歳+75～79歳+80～84歳+85～89歳+90～94歳+95～99歳+100歳以上,100歳以上,,,,,分母なし（1995年より前）,,人口動態統計（日本における日本人）,2026-09-07T18:03:19+00:00
vital_suicide_by_age_sex_rate,1970,総数,不詳,126,不詳,,,,,,分母なし（1995年より前）,,人口動態統計（日本における日本人）,2026-09-07T18:03:19+00:00
vital_suicide_by_age_sex_rate,1975,男,合計,11744,総数,,,,,,分母なし（1995年より前）,,人口動態統計（日本における日本人）,2026-09-07T18:03:19+00:00
vital_suicide_by_age_sex_rate,1975,男,0-19歳,571,0～4歳+5～9歳+10～14歳+15～19歳,0～4歳,,,,,分母なし（1995年より前）,,人口動態統計（日本における日本人）,2026-09-07T18:03:19+00:00
vital_suicide_by_age_sex_rate,1975,男,20-29歳,2580,20～24歳+25～29歳,,,,,,分母なし（1995年より前）,,人口動態統計（日本における日本人）,2026-09-07T18:03:19+00:00
vital_suicide_by_age_sex_rate,1975,男,30-39歳,2168,30～34歳+35～39歳,,,,,,分母なし（1995年より前）,,人口動態統計（日本における日本人）,2026-09-07T18:03:19+00:00
vital_suicide_by_age_sex_rate,1975,男,40-49歳,2117,40～44歳+45～49歳,,,,,,分母なし（1995年より前）,,人口動態統計（日本における日本人）,2026-09-07T18:03:19+00:00
vital_suicide_by_age_sex_rate,1975,男,50-59歳,1289,50～54歳+55～59歳,,,,,,分母なし（1995年より前）,,人口動態統計（日本における日本人）,2026-09-07T18:03:19+00:00
vital_suicide_by_age_sex_rate,1975,男,60歳以上,2901,60～64歳+65～69歳+70～74歳+75～79歳+80～84歳+85～89歳+90～94歳+95～99歳+100歳以上,,,,,,分母なし（1995年より前）,,人口動態統計（日本における日本人）,2026-09-07T18:03:19+00:00
vital_suicide_by_age_sex_rate,1975,男,不詳,118,不詳,,,,,,分母なし（1995年より前）,,人口動態統計（日本における日本人）,2026-09-07T18:03:19+00:00
vital_suicide_by_age_sex_rate,1975,女,合計,8231,総数,,,,,,分母なし（1995年より前）,,人口動態統計（日本における日本人）,2026-09-07T18:03:19+00:00
vital_suicide_by_age_sex_rate,1975,女,0-19歳,286,0～4歳+5～9歳+10～14歳+15～19歳,0～4歳+5～9歳,,,,,分母なし（1995年より前）,,人口動態統計（日本における日本人）,2026-09-07T18:03:19+00:00
vital_suicide_by_age_sex_rate,1975,女,20-29歳,1571,20～24歳+25～29歳,,,,,,分母なし（1995年より前）,,人口動態統計（日本における日本人）,2026-09-07T18:03:19+00:00
vital_suicide_by_age_sex_rate,1975,女,30-39歳,1168,30～34歳+35～39歳,,,,,,分母なし（1995年より前）,,人口動態統計（日本における日本人）,2026-09-07T18:03:19+00:00
vital_suicide_by_age_sex_rate,1975,女,40-49歳,1051,40～44歳+45～49歳,,,,,,分母なし（1995年より前）,,人口動態統計（日本における日本人）,2026-09-07T18:03:19+00:00
vital_suicide_by_age_sex_rate,1975,女,50-59歳,986,50～54歳+55～59歳,,,,,,分母なし（1995年より前）,,人口動態統計（日本における日本人）,2026-09-07T18:03:19+00:00
vital_suicide_by_age_sex_rate,1975,女,60歳以上,3151,60～64歳+65～69歳+70～74歳+75～79歳+80～84歳+85～89歳+90～94歳+95～99歳+100歳以上,100歳以上,,,,,分母なし（1995年より前）,,人口動態統計（日本における日本人）,2026-09-07T18:03:19+00:00
vital_suicide_by_age_sex_rate,1975,女,不詳,18,不詳,,,,,,分母なし（1995年より前）,,人口動態統計（日本における日本人）,2026-09-07T18:03:19+00:00
vital_suicide_by_age_sex_rate,1975,総数,合計,19975,総数,,,,,,分母なし（1995年より前）,,人口動態統計（日本における日本人）,2026-09-07T18:03:19+00:00
vital_suicide_by_age_sex_rate,1975,総数,0-19歳,857,0～4歳+5～9歳+10～14歳+15～19歳,0～4歳,,,,,分母なし（1995年より前）,,人口動態統計（日本における日本人）,2026-09-07T18:03:19+00:00
vital_suicide_by_age_sex_rate,1975,総数,20-29歳,4151,20～24歳+25～29歳,,,,,,分母なし（1995年より前）,,人口動態統計（日本における日本人）,2026-09-07T18:03:19+00:00
vital_suicide_by_age_sex_rate,1975,総数,30-39歳,3336,30～34歳+35～39歳,,,,,,分母なし（1995年より前）,,人口動態統計（日本における日本人）,2026-09-07T18:03:19+00:00
vital_suicide_by_age_sex_rate,1975,総数,40-49歳,3168,40～44歳+45～49歳,,,,,,分母なし（1995年より前）,,人口動態統計（日本における日本人）,2026-09-07T18:03:19+00:00
vital_suicide_by_age_sex_rate,1975,総数,50-59歳,2275,50～54歳+55～59歳,,,,,,分母なし（1995年より前）,,人口動態統計（日本における日本人）,2026-09-07T18:03:19+00:00
vital_suicide_by_age_sex_rate,1975,総数,60歳以上,6052,60～64歳+65～69歳+70～74歳+75～79歳+80～84歳+85～89歳+90～94歳+95～99歳+100歳以上,,,,,,分母なし（1995年より前）,,人口動態統計（日本における日本人）,2026-09-07T18:03:19+00:00
vital_suicide_by_age_sex_rate,1975,総数,不詳,136,不詳,,,,,,分母なし（1995年より前）,,人口動態統計（日本における日本人）,2026-09-07T18:03:19+00:00
vital_suicide_by_age_sex_rate,1980,男,合計,12769,総数,,,,,,分母なし（1995年より前）,,人口動態統計（日本における日本人）,2026-09-07T18:03:19+00:00
vital_suicide_by_age_sex_rate,1980,男,0-19歳,441,0～4歳+5～9歳+10～14歳+15～19歳,0～4歳,,,,,分母なし（1995年より前）,,人口動態統計（日本における日本人）,2026-09-07T18:03:19+00:00
vital_suicide_by_age_sex_rate,1980,男,20-29歳,2149,20～24歳+25～29歳,,,,,,分母なし（1995年より前）,,人口動態統計（日本における日本人）,2026-09-07T18:03:19+00:00
vital_suicide_by_age_sex_rate,1980,男,30-39歳,2531,30～34歳+35～39歳,,,,,,分母なし（1995年より前）,,人口動態統計（日本における日本人）,2026-09-07T18:03:19+00:00
vital_suicide_by_age_sex_rate,1980,男,40-49歳,2694,40～44歳+45～49歳,,,,,,分母なし（1995年より前）,,人口動態統計（日本における日本人）,2026-09-07T18:03:19+00:00
vital_suicide_by_age_sex_rate,1980,男,50-59歳,1923,50～54歳+55～59歳,,,,,,分母なし（1995年より前）,,人口動態統計（日本における日本人）,2026-09-07T18:03:19+00:00
vital_suicide_by_age_sex_rate,1980,男,60歳以上,2919,60～64歳+65～69歳+70～74歳+75～79歳+80～84歳+85～89歳+90～94歳+95～99歳+100歳以上,100歳以上,,,,,分母なし（1995年より前）,,人口動態統計（日本における日本人）,2026-09-07T18:03:19+00:00
vital_suicide_by_age_sex_rate,1980,男,不詳,112,不詳,,,,,,分母なし（1995年より前）,,人口動態統計（日本における日本人）,2026-09-07T18:03:19+00:00
vital_suicide_by_age_sex_rate,1980,女,合計,7773,総数,,,,,,分母なし（1995年より前）,,人口動態統計（日本における日本人）,2026-09-07T18:03:19+00:00
vital_suicide_by_age_sex_rate,1980,女,0-19歳,213,0～4歳+5～9歳+10～14歳+15～19歳,0～4歳+5～9歳,,,,,分母なし（1995年より前）,,人口動態統計（日本における日本人）,2026-09-07T18:03:19+00:00
vital_suicide_by_age_sex_rate,1980,女,20-29歳,997,20～24歳+25～29歳,,,,,,分母なし（1995年より前）,,人口動態統計（日本における日本人）,2026-09-07T18:03:19+00:00
vital_suicide_by_age_sex_rate,1980,女,30-39歳,1132,30～34歳+35～39歳,,,,,,分母なし（1995年より前）,,人口動態統計（日本における日本人）,2026-09-07T18:03:19+00:00
vital_suicide_by_age_sex_rate,1980,女,40-49歳,1119,40～44歳+45～49歳,,,,,,分母なし（1995年より前）,,人口動態統計（日本における日本人）,2026-09-07T18:03:19+00:00
vital_suicide_by_age_sex_rate,1980,女,50-59歳,1113,50～54歳+55～59歳,,,,,,分母なし（1995年より前）,,人口動態統計（日本における日本人）,2026-09-07T18:03:19+00:00
vital_suicide_by_age_sex_rate,1980,女,60歳以上,3185,60～64歳+65～69歳+70～74歳+75～79歳+80～84歳+85～89歳+90～94歳+95～99歳+100歳以上,100歳以上,,,,,分母なし（1995年より前）,,人口動態統計（日本における日本人）,2026-09-07T18:03:19+00:00
vital_suicide_by_age_sex_rate,1980,女,不詳,14,不詳,,,,,,分母なし（1995年より前）,,人口動態統計（日本における日本人）,2026-09-07T18:03:19+00:00
vital_suicide_by_age_sex_rate,1980,総数,合計,20542,総数,,,,,,分母なし（1995年より前）,,人口動態統計（日本における日本人）,2026-09-07T18:03:19+00:00
vital_suicide_by_age_sex_rate,1980,総数,0-19歳,654,0～4歳+5～9歳+10～14歳+15～19歳,0～4歳,,,,,分母なし（1995年より前）,,人口動態統計（日本における日本人）,2026-09-07T18:03:19+00:00
vital_suicide_by_age_sex_rate,1980,総数,20-29歳,3146,20～24歳+25～29歳,,,,,,分母なし（1995年より前）,,人口動態統計（日本における日本人）,2026-09-07T18:03:19+00:00
vital_suicide_by_age_sex_rate,1980,総数,30-39歳,3663,30～34歳+35～39歳,,,,,,分母なし（1995年より前）,,人口動態統計（日本における日本人）,2026-09-07T18:03:19+00:00
vital_suicide_by_age_sex_rate,1980,総数,40-49歳,3813,40～44歳+45～49歳,,,,,,分母なし（1995年より前）,,人口動態統計（日本における日本人）,2026-09-07T18:03:19+00:00
vital_suicide_by_age_sex_rate,1980,総数,50-59歳,3036,50～54歳+55～59歳,,,,,,分母なし（1995年より前）,,人口動態統計（日本における日本人）,2026-09-07T18:03:19+00:00
vital_suicide_by_age_sex_rate,1980,総数,60歳以上,6104,60～64歳+65～69歳+70～74歳+75～79歳+80～84歳+85～89歳+90～94歳+95～99歳+100歳以上,100歳以上,,,,,分母なし（1995年より前）,,人口動態統計（日本における日本人）,2026-09-07T18:03:19+00:00
vital_suicide_by_age_sex_rate,1980,総数,不詳,126,不詳,,,,,,分母なし（1995年より前）,,人口動態統計（日本における日本人）,2026-09-07T18:03:19+00:00
vital_suicide_by_age_sex_rate,1985,男,合計,15356,総数,,,,,,分母なし（1995年より前）,,人口動態統計（日本における日本人）,2026-09-07T18:03:19+00:00
vital_suicide_by_age_sex_rate,1985,男,0-19歳,369,0～4歳+5～9歳+10～14歳+15～19歳,0～4歳,,,,,分母なし（1995年より前）,,人口動態統計（日本における日本人）,2026-09-07T18:03:19+00:00
vital_suicide_by_age_sex_rate,1985,男,20-29歳,1762,20～24歳+25～29歳,,,,,,分母なし（1995年より前）,,人口動態統計（日本における日本人）,2026-09-07T18:03:19+00:00
vital_suicide_by_age_sex_rate,1985,男,30-39歳,2413,30～34歳+35～39歳,,,,,,分母なし（1995年より前）,,人口動態統計（日本における日本人）,2026-09-07T18:03:19+00:00
vital_suicide_by_age_sex_rate,1985,男,40-49歳,3609,40～44歳+45～49歳,,,,,,分母なし（1995年より前）,,人口動態統計（日本における日本人）,2026-09-07T18:03:19+00:00
vital_suicide_by_age_sex_rate,1985,男,50-59歳,3498,50～54歳+55～59歳,,,,,,分母なし（1995年より前）,,人口動態統計（日本における日本人）,2026-09-07T18:03:19+00:00
vital_suicide_by_age_sex_rate,1985,男,60歳以上,3594,60～64歳+65～69歳+70～74歳+75～79歳+80～84歳+85～89歳+90～94歳+95～99歳+100歳以上,,,,,,分母なし（1995年より前）,,人口動態統計（日本における日本人）,2026-09-07T18:03:19+00:00
vital_suicide_by_age_sex_rate,1985,男,不詳,111,不詳,,,,,,分母なし（1995年より前）,,人口動態統計（日本における日本人）,2026-09-07T18:03:19+00:00
vital_suicide_by_age_sex_rate,1985,女,合計,8027,総数,,,,,,分母なし（1995年より前）,,人口動態統計（日本における日本人）,2026-09-07T18:03:19+00:00
vital_suicide_by_age_sex_rate,1985,女,0-19歳,169,0～4歳+5～9歳+10～14歳+15～19歳,0～4歳+5～9歳,,,,,分母なし（1995年より前）,,人口動態統計（日本における日本人）,2026-09-07T18:03:19+00:00
vital_suicide_by_age_sex_rate,1985,女,20-29歳,718,20～24歳+25～29歳,,,,,,分母なし（1995年より前）,,人口動態統計（日本における日本人）,2026-09-07T18:03:19+00:00
vital_suicide_by_age_sex_rate,1985,女,30-39歳,1003,30～34歳+35～39歳,,,,,,分母なし（1995年より前）,,人口動態統計（日本における日本人）,2026-09-07T18:03:19+00:00
vital_suicide_by_age_sex_rate,1985,女,40-49歳,1275,40～44歳+45～49歳,,,,,,分母なし（1995年より前）,,人口動態統計（日本における日本人）,2026-09-07T18:03:19+00:00
vital_suicide_by_age_sex_rate,1985,女,50-59歳,1367,50～54歳+55～59歳,,,,,,分母なし（1995年より前）,,人口動態統計（日本における日本人）,2026-09-07T18:03:19+00:00
vital_suicide_by_age_sex_rate,1985,女,60歳以上,3480,60～64歳+65～69歳+70～74歳+75～79歳+80～84歳+85～89歳+90～94歳+95～99歳+100歳以上,,,,,,分母なし（1995年より前）,,人口動態統計（日本における日本人）,2026-09-07T18:03:19+00:00
vital_suicide_by_age_sex_rate,1985,女,不詳,15,不詳,,,,,,分母なし（1995年より前）,,人口動態統計（日本における日本人）,2026-09-07T18:03:19+00:00
vital_suicide_by_age_sex_rate,1985,総数,合計,23383,総数,,,,,,分母なし（1995年より前）,,人口動態統計（日本における日本人）,2026-09-07T18:03:19+00:00
vital_suicide_by_age_sex_rate,1985,総数,0-19歳,538,0～4歳+5～9歳+10～14歳+15～19歳,0～4歳,,,,,分母なし（1995年より前）,,人口動態統計（日本における日本人）,2026-09-07T18:03:19+00:00
vital_suicide_by_age_sex_rate,1985,総数,20-29歳,2480,20～24歳+25～29歳,,,,,,分母なし（1995年より前）,,人口動態統計（日本における日本人）,2026-09-07T18:03:19+00:00
vital_suicide_by_age_sex_rate,1985,総数,30-39歳,3416,30～34歳+35～39歳,,,,,,分母なし（1995年より前）,,人口動態統計（日本における日本人）,2026-09-07T18:03:19+00:00
vital_suicide_by_age_sex_rate,1985,総数,40-49歳,4884,40～44歳+45～49歳,,,,,,分母なし（1995年より前）,,人口動態統計（日本における日本人）,2026-09-07T18:03:19+00:00
vital_suicide_by_age_sex_rate,1985,総数,50-59歳,4865,50～54歳+55～59歳,,,,,,分母なし（1995年より前）,,人口動態統計（日本における日本人）,2026-09-07T18:03:19+00:00
vital_suicide_by_age_sex_rate,1985,総数,60歳以上,7074,60～64歳+65～69歳+70～74歳+75～79歳+80～84歳+85～89歳+90～94歳+95～99歳+100歳以上,,,,,,分母なし（1995年より前）,,人口動態統計（日本における日本人）,2026-09-07T18:03:19+00:00
vital_suicide_by_age_sex_rate,1985,総数,不詳,126,不詳,,,,,,分母なし（1995年より前）,,人口動態統計（日本における日本人）,2026-09-07T18:03:19+00:00
vital_suicide_by_age_sex_rate,1990,男,合計,12316,総数,,,,,,分母なし（1995年より前）,,人口動態統計（日本における日本人）,2026-09-07T18:03:19+00:00
vital_suicide_by_age_sex_rate,1990,男,0-19歳,274,0～4歳+5～9歳+10～14歳+15～19歳,0～4歳+5～9歳,,,,,分母なし（1995年より前）,,人口動態統計（日本における日本人）,2026-09-07T18:03:19+00:00
vital_suicide_by_age_sex_rate,1990,男,20-29歳,1336,20～24歳+25～29歳,,,,,,分母なし（1995年より前）,,人口動態統計（日本における日本人）,2026-09-07T18:03:19+00:00
vital_suicide_by_age_sex_rate,1990,男,30-39歳,1674,30～34歳+35～39歳,,,,,,分母なし（1995年より前）,,人口動態統計（日本における日本人）,2026-09-07T18:03:19+00:00
vital_suicide_by_age_sex_rate,1990,男,40-49歳,2556,40～44歳+45～49歳,,,,,,分母なし（1995年より前）,,人口動態統計（日本における日本人）,2026-09-07T18:03:19+00:00
vital_suicide_by_age_sex_rate,1990,男,50-59歳,2626,50～54歳+55～59歳,,,,,,分母なし（1995年より前）,,人口動態統計（日本における日本人）,2026-09-07T18:03:19+00:00
vital_suicide_by_age_sex_rate,1990,男,60歳以上,3782,60～64歳+65～69歳+70～74歳+75～79歳+80～84歳+85～89歳+90～94歳+95～99歳+100歳以上,100歳以上,,,,,分母なし（1995年より前）,,人口動態統計（日本における日本人）,2026-09-07T18:03:19+00:00
vital_suicide_by_age_sex_rate,1990,男,不詳,68,不詳,,,,,,分母なし（1995年より前）,,人口動態統計（日本における日本人）,2026-09-07T18:03:19+00:00
vital_suicide_by_age_sex_rate,1990,女,合計,7772,総数,,,,,,分母なし（1995年より前）,,人口動態統計（日本における日本人）,2026-09-07T18:03:19+00:00
vital_suicide_by_age_sex_rate,1990,女,0-19歳,154,0～4歳+5～9歳+10～14歳+15～19歳,0～4歳+5～9歳,,,,,分母なし（1995年より前）,,人口動態統計（日本における日本人）,2026-09-07T18:03:19+00:00
vital_suicide_by_age_sex_rate,1990,女,20-29歳,657,20～24歳+25～29歳,,,,,,分母なし（1995年より前）,,人口動態統計（日本における日本人）,2026-09-07T18:03:19+00:00
vital_suicide_by_age_sex_rate,1990,女,30-39歳,699,30～34歳+35～39歳,,,,,,分母なし（1995年より前）,,人口動態統計（日本における日本人）,2026-09-07T18:03:19+00:00
vital_suicide_by_age_sex_rate,1990,女,40-49歳,1153,40～44歳+45～49歳,,,,,,分母なし（1995年より前）,,人口動態統計（日本における日本人）,2026-09-07T18:03:19+00:00
vital_suicide_by_age_sex_rate,1990,女,50-59歳,1330,50～54歳+55～59歳,,,,,,分母なし（1995年より前）,,人口動態統計（日本における日本人）,2026-09-07T18:03:19+00:00
vital_suicide_by_age_sex_rate,1990,女,60歳以上,3761,60～64歳+65～69歳+70～74歳+75～79歳+80～84歳+85～89歳+90～94歳+95～99歳+100歳以上,100歳以上,,,,,分母なし（1995年より前）,,人口動態統計（日本における日本人）,2026-09-07T18:03:19+00:00
vital_suicide_by_age_sex_rate,1990,女,不詳,18,不詳,,,,,,分母なし（1995年より前）,,人口動態統計（日本における日本人）,2026-09-07T18:03:19+00:00
vital_suicide_by_age_sex_rate,1990,総数,合計,20088,総数,,,,,,分母なし（1995年より前）,,人口動態統計（日本における日本人）,2026-09-07T18:03:19+00:00
vital_suicide_by_age_sex_rate,1990,総数,0-19歳,428,0～4歳+5～9歳+10～14歳+15～19歳,0～4歳+5～9歳,,,,,分母なし（1995年より前）,,人口動態統計（日本における日本人）,2026-09-07T18:03:19+00:00
vital_suicide_by_age_sex_rate,1990,総数,20-29歳,1993,20～24歳+25～29歳,,,,,,分母なし（1995年より前）,,人口動態統計（日本における日本人）,2026-09-07T18:03:19+00:00
vital_suicide_by_age_sex_rate,1990,総数,30-39歳,2373,30～34歳+35～39歳,,,,,,分母なし（1995年より前）,,人口動態統計（日本における日本人）,2026-09-07T18:03:19+00:00
vital_suicide_by_age_sex_rate,1990,総数,40-49歳,3709,40～44歳+45～49歳,,,,,,分母なし（1995年より前）,,人口動態統計（日本における日本人）,2026-09-07T18:03:19+00:00
vital_suicide_by_age_sex_rate,1990,総数,50-59歳,3956,50～54歳+55～59歳,,,,,,分母なし（1995年より前）,,人口動態統計（日本における日本人）,2026-09-07T18:03:19+00:00
vital_suicide_by_age_sex_rate,1990,総数,60歳以上,7543,60～64歳+65～69歳+70～74歳+75～79歳+80～84歳+85～89歳+90～94歳+95～99歳+100歳以上,100歳以上,,,,,分母なし（1995年より前）,,人口動態統計（日本における日本人）,2026-09-07T18:03:19+00:00
vital_suicide_by_age_sex_rate,1990,総数,不詳,86,不詳,,,,,,分母なし（1995年より前）,,人口動態統計（日本における日本人）,2026-09-07T18:03:19+00:00
vital_suicide_by_age_sex_rate,1995,男,合計,14231,総数,,61574000,総数,千人,確定値・各歳,合計,23.11,人口動態統計（日本における日本人）,2026-09-07T18:03:19+00:00
vital_suicide_by_age_sex_rate,1995,男,0-19歳,330,0～4歳+5～9歳+10～14歳+15～19歳,0～4歳+5～9歳,14654000,0歳+1歳+2歳+3歳+4歳+5歳+6歳+7歳+8歳+9歳+10歳+11歳+12歳+13歳+14歳+15歳+16歳+17歳+18歳+19歳,千人,確定値・各歳,0-19歳,2.25,人口動態統計（日本における日本人）,2026-09-07T18:03:19+00:00
vital_suicide_by_age_sex_rate,1995,男,20-29歳,1638,20～24歳+25～29歳,,9510000,20歳+21歳+22歳+23歳+24歳+25歳+26歳+27歳+28歳+29歳,千人,確定値・各歳,20-29歳,17.22,人口動態統計（日本における日本人）,2026-09-07T18:03:19+00:00
vital_suicide_by_age_sex_rate,1995,男,30-39歳,1667,30～34歳+35～39歳,,8074000,30歳+31歳+32歳+33歳+34歳+35歳+36歳+37歳+38歳+39歳,千人,確定値・各歳,30-39歳,20.65,人口動態統計（日本における日本人）,2026-09-07T18:03:19+00:00
vital_suicide_by_age_sex_rate,1995,男,40-49歳,2825,40～44歳+45～49歳,,9870000,40歳+41歳+42歳+43歳+44歳+45歳+46歳+47歳+48歳+49歳,千人,確定値・各歳,40-49歳,28.62,人口動態統計（日本における日本人）,2026-09-07T18:03:19+00:00
vital_suicide_by_age_sex_rate,1995,男,50-59歳,3428,50～54歳+55～59歳,,8340000,50歳+51歳+52歳+53歳+54歳+55歳+56歳+57歳+58歳+59歳,千人,確定値・各歳,50-59歳,41.10,人口動態統計（日本における日本人）,2026-09-07T18:03:19+00:00
vital_suicide_by_age_sex_rate,1995,男,60歳以上,4186,60～64歳+65～69歳+70～74歳+75～79歳+80～84歳+85～89歳+90～94歳+95～99歳+100歳以上,,11131000,60歳+61歳+62歳+63歳+64歳+65歳+66歳+67歳+68歳+69歳+70歳+71歳+72歳+73歳+74歳+75歳+76歳+77歳+78歳+79歳+80歳+81歳+82歳+83歳+84歳+85歳+86歳+87歳+88歳+89歳+90歳以上,千人,確定値・各歳,60歳以上,37.61,人口動態統計（日本における日本人）,2026-09-07T18:03:19+00:00
vital_suicide_by_age_sex_rate,1995,男,不詳,157,不詳,,61574000,総数,千人,確定値・各歳,総人口（年齢不詳のため）,0.25,人口動態統計（日本における日本人）,2026-09-07T18:03:19+00:00
vital_suicide_by_age_sex_rate,1995,女,合計,7189,総数,,63996000,総数,千人,確定値・各歳,合計,11.23,人口動態統計（日本における日本人）,2026-09-07T18:03:19+00:00
vital_suicide_by_age_sex_rate,1995,女,0-19歳,159,0～4歳+5～9歳+10～14歳+15～19歳,0～4歳+5～9歳,13946000,0歳+1歳+2歳+3歳+4歳+5歳+6歳+7歳+8歳+9歳+10歳+11歳+12歳+13歳+14歳+15歳+16歳+17歳+18歳+19歳,千人,確定値・各歳,0-19歳,1.14,人口動態統計（日本における日本人）,2026-09-07T18:03:19+00:00
vital_suicide_by_age_sex_rate,1995,女,20-29歳,679,20～24歳+25～29歳,,9196000,20歳+21歳+22歳+23歳+24歳+25歳+26歳+27歳+28歳+29歳,千人,確定値・各歳,20-29歳,7.38,人口動態統計（日本における日本人）,2026-09-07T18:03:19+00:00
vital_suicide_by_age_sex_rate,1995,女,30-39歳,654,30～34歳+35～39歳,,7894000,30歳+31歳+32歳+33歳+34歳+35歳+36歳+37歳+38歳+39歳,千人,確定値・各歳,30-39歳,8.28,人口動態統計（日本における日本人）,2026-09-07T18:03:19+00:00
vital_suicide_by_age_sex_rate,1995,女,40-49歳,960,40～44歳+45～49歳,,9775000,40歳+41歳+42歳+43歳+44歳+45歳+46歳+47歳+48歳+49歳,千人,確定値・各歳,40-49歳,9.82,人口動態統計（日本における日本人）,2026-09-07T18:03:19+00:00
vital_suicide_by_age_sex_rate,1995,女,50-59歳,1339,50～54歳+55～59歳,,8553000,50歳+51歳+52歳+53歳+54歳+55歳+56歳+57歳+58歳+59歳,千人,確定値・各歳,50-59歳,15.66,人口動態統計（日本における日本人）,2026-09-07T18:03:19+00:00
vital_suicide_by_age_sex_rate,1995,女,60歳以上,3378,60～64歳+65～69歳+70～74歳+75～79歳+80～84歳+85～89歳+90～94歳+95～99歳+100歳以上,,14629000,60歳+61歳+62歳+63歳+64歳+65歳+66歳+67歳+68歳+69歳+70歳+71歳+72歳+73歳+74歳+75歳+76歳+77歳+78歳+79歳+80歳+81歳+82歳+83歳+84歳+85歳+86歳+87歳+88歳+89歳+90歳以上,千人,確定値・各歳,60歳以上,23.09,人口動態統計（日本における日本人）,2026-09-07T18:03:19+00:00
vital_suicide_by_age_sex_rate,1995,女,不詳,20,不詳,,63996000,総数,千人,確定値・各歳,総人口（年齢不詳のため）,0.03,人口動態統計（日本における日本人）,2026-09-07T18:03:19+00:00
vital_suicide_by_age_sex_rate,1995,総数,合計,21420,総数,,125570000,総数,千人,確定値・各歳,合計,17.06,人口動態統計（日本における日本人）,2026-09-07T18:03:19+00:00
vital_suicide_by_age_sex_rate,1995,総数,0-19歳,489,0～4歳+5～9歳+10～14歳+15～19歳,0～4歳+5～9歳,28599000,0歳+1歳+2歳+3歳+4歳+5歳+6歳+7歳+8歳+9歳+10歳+11歳+12歳+13歳+14歳+15歳+16歳+17歳+18歳+19歳,千人,確定値・各歳,0-19歳,1.71,人口動態統計（日本における日本人）,2026-09-07T18:03:19+00:00
vital_suicide_by_age_sex_rate,1995,総数,20-29歳,2317,20～24歳+25～29歳,,18704000,20歳+21歳+22歳+23歳+24歳+25歳+26歳+27歳+28歳+29歳,千人,確定値・各歳,20-29歳,12.39,人口動態統計（日本における日本人）,2026-09-07T18:03:19+00:00
vital_suicide_by_age_sex_rate,1995,総数,30-39歳,2321,30～34歳+35～39歳,,15965000,30歳+31歳+32歳+33歳+34歳+35歳+36歳+37歳+38歳+39歳,千人,確定値・各歳,30-39歳,14.54,人口動態統計（日本における日本人）,2026-09-07T18:03:19+00:00
vital_suicide_by_age_sex_rate,1995,総数,40-49歳,3785,40～44歳+45～49歳,,19646000,40歳+41歳+42歳+43歳+44歳+45歳+46歳+47歳+48歳+49歳,千人,確定値・各歳,40-49歳,19.27,人口動態統計（日本における日本人）,2026-09-07T18:03:19+00:00
vital_suicide_by_age_sex_rate,1995,総数,50-59歳,4767,50～54歳+55～59歳,,16893000,50歳+51歳+52歳+53歳+54歳+55歳+56歳+57歳+58歳+59歳,千人,確定値・各歳,50-59歳,28.22,人口動態統計（日本における日本人）,2026-09-07T18:03:19+00:00
vital_suicide_by_age_sex_rate,1995,総数,60歳以上,7564,60～64歳+65～69歳+70～74歳+75～79歳+80～84歳+85～89歳+90～94歳+95～99歳+100歳以上,,25761000,60歳+61歳+62歳+63歳+64歳+65歳+66歳+67歳+68歳+69歳+70歳+71歳+72歳+73歳+74歳+75歳+76歳+77歳+78歳+79歳+80歳+81歳+82歳+83歳+84歳+85歳+86歳+87歳+88歳+89歳+90歳以上,千人,確定値・各歳,60歳以上,29.36,人口動態統計（日本における日本人）,2026-09-07T18:03:19+00:00
vital_suicide_by_age_sex_rate,1995,総数,不詳,177,不詳,,125570000,総数,千人,確定値・各歳,総人口（年齢不詳のため）,0.14,人口動態統計（日本における日本人）,2026-09-07T18:03:19+00:00
vital_suicide_by_age_sex_rate,2000,男,合計,21656,総数,,62111000,総数,千人,確定値・各歳,合計,34.87,人口動態統計（日本における日本人）,2026-09-07T18:03:19+00:00
vital_suicide_by_age_sex_rate,2000,男,0-19歳,393,0～4歳+5～9歳+10～14歳+15～19歳,0～4歳+5～9歳,13324000,0歳+1歳+2歳+3歳+4歳+5歳+6歳+7歳+8歳+9歳+10歳+11歳+12歳+13歳+14歳+15歳+16歳+17歳+18歳+19歳,千人,確定値・各歳,0-19歳,2.95,人口動態統計（日本における日本人）,2026-09-07T18:03:19+00:00
vital_suicide_by_age_sex_rate,2000,男,20-29歳,2132,20～24歳+25～29歳,,9297000,20歳+21歳+22歳+23歳+24歳+25歳+26歳+27歳+28歳+29歳,千人,確定値・各歳,20-29歳,22.93,人口動態統計（日本における日本人）,2026-09-07T18:03:19+00:00
vital_suicide_by_age_sex_rate,2000,男,30-39歳,2591,30～34歳+35～39歳,,8554000,30歳+31歳+32歳+33歳+34歳+35歳+36歳+37歳+38歳+39歳,千人,確定値・各歳,30-39歳,30.29,人口動態統計（日本における日本人）,2026-09-07T18:03:19+00:00
vital_suicide_by_age_sex_rate,2000,男,40-49歳,3605,40～44歳+45～49歳,,8410000,40歳+41歳+42歳+43歳+44歳+45歳+46歳+47歳+48歳+49歳,千人,確定値・各歳,40-49歳,42.87,人口動態統計（日本における日本人）,2026-09-07T18:03:19+00:00
vital_suicide_by_age_sex_rate,2000,男,50-59歳,6187,50～54歳+55～59歳,,9524000,50歳+51歳+52歳+53歳+54歳+55歳+56歳+57歳+58歳+59歳,千人,確定値・各歳,50-59歳,64.96,人口動態統計（日本における日本人）,2026-09-07T18:03:19+00:00
vital_suicide_by_age_sex_rate,2000,男,60歳以上,6504,60～64歳+65～69歳+70～74歳+75～79歳+80～84歳+85～89歳+90～94歳+95～99歳+100歳以上,,13002000,60歳+61歳+62歳+63歳+64歳+65歳+66歳+67歳+68歳+69歳+70歳+71歳+72歳+73歳+74歳+75歳+76歳+77歳+78歳+79歳+80歳+81歳+82歳+83歳+84歳+85歳+86歳+87歳+88歳+89歳+90歳以上,千人,確定値・各歳,60歳以上,50.02,人口動態統計（日本における日本人）,2026-09-07T18:03:19+00:00
vital_suicide_by_age_sex_rate,2000,男,不詳,244,不詳,,62111000,総数,千人,確定値・各歳,総人口（年齢不詳のため）,0.39,人口動態統計（日本における日本人）,2026-09-07T18:03:19+00:00
vital_suicide_by_age_sex_rate,2000,女,合計,8595,総数,,64815000,総数,千人,確定値・各歳,合計,13.26,人口動態統計（日本における日本人）,2026-09-07T18:03:19+00:00
vital_suicide_by_age_sex_rate,2000,女,0-19歳,154,0～4歳+5～9歳+10～14歳+15～19歳,0～4歳+5～9歳,12684000,0歳+1歳+2歳+3歳+4歳+5歳+6歳+7歳+8歳+9歳+10歳+11歳+12歳+13歳+14歳+15歳+16歳+17歳+18歳+19歳,千人,確定値・各歳,0-19歳,1.21,人口動態統計（日本における日本人）,2026-09-07T18:03:19+00:00
vital_suicide_by_age_sex_rate,2000,女,20-29歳,939,20～24歳+25～29歳,,8951000,20歳+21歳+22歳+23歳+24歳+25歳+26歳+27歳+28歳+29歳,千人,確定値・各歳,20-29歳,10.49,人口動態統計（日本における日本人）,2026-09-07T18:03:19+00:00
vital_suicide_by_age_sex_rate,2000,女,30-39歳,866,30～34歳+35～39歳,,8369000,30歳+31歳+32歳+33歳+34歳+35歳+36歳+37歳+38歳+39歳,千人,確定値・各歳,30-39歳,10.35,人口動態統計（日本における日本人）,2026-09-07T18:03:19+00:00
vital_suicide_by_age_sex_rate,2000,女,40-49歳,938,40～44歳+45～49歳,,8335000,40歳+41歳+42歳+43歳+44歳+45歳+46歳+47歳+48歳+49歳,千人,確定値・各歳,40-49歳,11.25,人口動態統計（日本における日本人）,2026-09-07T18:03:19+00:00
vital_suicide_by_age_sex_rate,2000,女,50-59歳,1662,50～54歳+55～59歳,,9689000,50歳+51歳+52歳+53歳+54歳+55歳+56歳+57歳+58歳+59歳,千人,確定値・各歳,50-59歳,17.15,人口動態統計（日本における日本人）,2026-09-07T18:03:19+00:00
vital_suicide_by_age_sex_rate,2000,女,60歳以上,4013,60～64歳+65～69歳+70～74歳+75～79歳+80～84歳+85～89歳+90～94歳+95～99歳+100歳以上,,16790000,60歳+61歳+62歳+63歳+64歳+65歳+66歳+67歳+68歳+69歳+70歳+71歳+72歳+73歳+74歳+75歳+76歳+77歳+78歳+79歳+80歳+81歳+82歳+83歳+84歳+85歳+86歳+87歳+88歳+89歳+90歳以上,千人,確定値・各歳,60歳以上,23.90,人口動態統計（日本における日本人）,2026-09-07T18:03:19+00:00
vital_suicide_by_age_sex_rate,2000,女,不詳,23,不詳,,64815000,総数,千人,確定値・各歳,総人口（年齢不詳のため）,0.04,人口動態統計（日本における日本人）,2026-09-07T18:03:19+00:00
vital_suicide_by_age_sex_rate,2000,総数,合計,30251,総数,,126926000,総数,千人,確定値・各歳,合計,23.83,人口動態統計（日本における日本人）,2026-09-07T18:03:19+00:00
vital_suicide_by_age_sex_rate,2000,総数,0-19歳,547,0～4歳+5～9歳+10～14歳+15～19歳,0～4歳+5～9歳,26007000,0歳+1歳+2歳+3歳+4歳+5歳+6歳+7歳+8歳+9歳+10歳+11歳+12歳+13歳+14歳+15歳+16歳+17歳+18歳+19歳,千人,確定値・各歳,0-19歳,2.10,人口動態統計（日本における日本人）,2026-09-07T18:03:19+00:00
vital_suicide_by_age_sex_rate,2000,総数,20-29歳,3071,20～24歳+25～29歳,,18249000,20歳+21歳+22歳+23歳+24歳+25歳+26歳+27歳+28歳+29歳,千人,確定値・各歳,20-29歳,16.83,人口動態統計（日本における日本人）,2026-09-07T18:03:19+00:00
vital_suicide_by_age_sex_rate,2000,総数,30-39歳,3457,30～34歳+35～39歳,,16923000,30歳+31歳+32歳+33歳+34歳+35歳+36歳+37歳+38歳+39歳,千人,確定値・各歳,30-39歳,20.43,人口動態統計（日本における日本人）,2026-09-07T18:03:19+00:00
vital_suicide_by_age_sex_rate,2000,総数,40-49歳,4543,40～44歳+45～49歳,,16747000,40歳+41歳+42歳+43歳+44歳+45歳+46歳+47歳+48歳+49歳,千人,確定値・各歳,40-49歳,27.13,人口動態統計（日本における日本人）,2026-09-07T18:03:19+00:00
vital_suicide_by_age_sex_rate,2000,総数,50-59歳,7849,50～54歳+55～59歳,,19211000,50歳+51歳+52歳+53歳+54歳+55歳+56歳+57歳+58歳+59歳,千人,確定値・各歳,50-59歳,40.86,人口動態統計（日本における日本人）,2026-09-07T18:03:19+00:00
vital_suicide_by_age_sex_rate,2000,総数,60歳以上,10517,60～64歳+65～69歳+70～74歳+75～79歳+80～84歳+85～89歳+90～94歳+95～99歳+100歳以上,,29793000,60歳+61歳+62歳+63歳+64歳+65歳+66歳+67歳+68歳+69歳+70歳+71歳+72歳+73歳+74歳+75歳+76歳+77歳+78歳+79歳+80歳+81歳+82歳+83歳+84歳+85歳+86歳+87歳+88歳+89歳+90歳以上,千人,確定値・各歳,60歳以上,35.30,人口動態統計（日本における日本人）,2026-09-07T18:03:19+00:00
vital_suicide_by_age_sex_rate,2000,総数,不詳,267,不詳,,126926000,総数,千人,確定値・各歳,総人口（年齢不詳のため）,0.21,人口動態統計（日本における日本人）,2026-09-07T18:03:19+00:00
vital_suicide_by_age_sex_rate,2005,男,合計,22236,総数,,62349000,総数,千人,確定値・各歳,合計,35.66,人口動態統計（日本における日本人）,2026-09-07T18:03:19+00:00
vital_suicide_by_age_sex_rate,2005,男,0-19歳,350,0～4歳+5～9歳+10～14歳+15～19歳,0～4歳,12401000,0歳+1歳+2歳+3歳+4歳+5歳+6歳+7歳+8歳+9歳+10歳+11歳+12歳+13歳+14歳+15歳+16歳+17歳+18歳+19歳,千人,確定値・各歳,0-19歳,2.82,人口動態統計（日本における日本人）,2026-09-07T18:03:19+00:00
vital_suicide_by_age_sex_rate,2005,男,20-29歳,2199,20～24歳+25～29歳,,7993000,20歳+21歳+22歳+23歳+24歳+25歳+26歳+27歳+28歳+29歳,千人,確定値・各歳,20-29歳,27.51,人口動態統計（日本における日本人）,2026-09-07T18:03:19+00:00
vital_suicide_by_age_sex_rate,2005,男,30-39歳,3172,30～34歳+35～39歳,,9383000,30歳+31歳+32歳+33歳+34歳+35歳+36歳+37歳+38歳+39歳,千人,確定値・各歳,30-39歳,33.81,人口動態統計（日本における日本人）,2026-09-07T18:03:19+00:00
vital_suicide_by_age_sex_rate,2005,男,40-49歳,3902,40～44歳+45～49歳,,7970000,40歳+41歳+42歳+43歳+44歳+45歳+46歳+47歳+48歳+49歳,千人,確定値・各歳,40-49歳,48.96,人口動態統計（日本における日本人）,2026-09-07T18:03:19+00:00
vital_suicide_by_age_sex_rate,2005,男,50-59歳,5688,50～54歳+55～59歳,,9503000,50歳+51歳+52歳+53歳+54歳+55歳+56歳+57歳+58歳+59歳,千人,確定値・各歳,50-59歳,59.85,人口動態統計（日本における日本人）,2026-09-07T18:03:19+00:00
vital_suicide_by_age_sex_rate,2005,男,60歳以上,6756,60～64歳+65～69歳+70～74歳+75～79歳+80～84歳+85～89歳+90～94歳+95～99歳+100歳以上,,15097000,60歳+61歳+62歳+63歳+64歳+65歳+66歳+67歳+68歳+69歳+70歳+71歳+72歳+73歳+74歳+75歳+76歳+77歳+78歳+79歳+80歳+81歳+82歳+83歳+84歳+85歳+86歳+87歳+88歳+89歳+90歳+91歳+92歳+93歳+94歳+95歳+96歳+97歳+98歳+99歳+100歳以上,千人,確定値・各歳,60歳以上,44.75,人口動態統計（日本における日本人）,2026-09-07T18:03:19+00:00
vital_suicide_by_age_sex_rate,2005,男,不詳,169,不詳,,62349000,総数,千人,確定値・各歳,総人口（年齢不詳のため）,0.27,人口動態統計（日本における日本人）,2026-09-07T18:03:19+00:00
vital_suicide_by_age_sex_rate,2005,女,合計,8317,総数,,65419000,総数,千人,確定値・各歳,合計,12.71,人口動態統計（日本における日本人）,2026-09-07T18:03:19+00:00
vital_suicide_by_age_sex_rate,2005,女,0-19歳,206,0～4歳+5～9歳+10～14歳+15～19歳,0～4歳+5～9歳,11776000,0歳+1歳+2歳+3歳+4歳+5歳+6歳+7歳+8歳+9歳+10歳+11歳+12歳+13歳+14歳+15歳+16歳+17歳+18歳+19歳,千人,確定値・各歳,0-19歳,1.75,人口動態統計（日本における日本人）,2026-09-07T18:03:19+00:00
vital_suicide_by_age_sex_rate,2005,女,20-29歳,960,20～24歳+25～29歳,,7701000,20歳+21歳+22歳+23歳+24歳+25歳+26歳+27歳+28歳+29歳,千人,確定値・各歳,20-29歳,12.47,人口動態統計（日本における日本人）,2026-09-07T18:03:19+00:00
vital_suicide_by_age_sex_rate,2005,女,30-39歳,1143,30～34歳+35～39歳,,9183000,30歳+31歳+32歳+33歳+34歳+35歳+36歳+37歳+38歳+39歳,千人,確定値・各歳,30-39歳,12.45,人口動態統計（日本における日本人）,2026-09-07T18:03:19+00:00
vital_suicide_by_age_sex_rate,2005,女,40-49歳,979,40～44歳+45～49歳,,7896000,40歳+41歳+42歳+43歳+44歳+45歳+46歳+47歳+48歳+49歳,千人,確定値・各歳,40-49歳,12.40,人口動態統計（日本における日本人）,2026-09-07T18:03:19+00:00
vital_suicide_by_age_sex_rate,2005,女,50-59歳,1437,50～54歳+55～59歳,,9618000,50歳+51歳+52歳+53歳+54歳+55歳+56歳+57歳+58歳+59歳,千人,確定値・各歳,50-59歳,14.94,人口動態統計（日本における日本人）,2026-09-07T18:03:19+00:00
vital_suicide_by_age_sex_rate,2005,女,60歳以上,3573,60～64歳+65～69歳+70～74歳+75～79歳+80～84歳+85～89歳+90～94歳+95～99歳+100歳以上,,19241000,60歳+61歳+62歳+63歳+64歳+65歳+66歳+67歳+68歳+69歳+70歳+71歳+72歳+73歳+74歳+75歳+76歳+77歳+78歳+79歳+80歳+81歳+82歳+83歳+84歳+85歳+86歳+87歳+88歳+89歳+90歳+91歳+92歳+93歳+94歳+95歳+96歳+97歳+98歳+99歳+100歳以上,千人,確定値・各歳,60歳以上,18.57,人口動態統計（日本における日本人）,2026-09-07T18:03:19+00:00
vital_suicide_by_age_sex_rate,2005,女,不詳,19,不詳,,65419000,総数,千人,確定値・各歳,総人口（年齢不詳のため）,0.03,人口動態統計（日本における日本人）,2026-09-07T18:03:19+00:00
vital_suicide_by_age_sex_rate,2005,総数,合計,30553,総数,,127768000,総数,千人,確定値・各歳,合計,23.91,人口動態統計（日本における日本人）,2026-09-07T18:03:19+00:00
vital_suicide_by_age_sex_rate,2005,総数,0-19歳,556,0～4歳+5～9歳+10～14歳+15～19歳,0～4歳,24178000,0歳+1歳+2歳+3歳+4歳+5歳+6歳+7歳+8歳+9歳+10歳+11歳+12歳+13歳+14歳+15歳+16歳+17歳+18歳+19歳,千人,確定値・各歳,0-19歳,2.30,人口動態統計（日本における日本人）,2026-09-07T18:03:19+00:00
vital_suicide_by_age_sex_rate,2005,総数,20-29歳,3159,20～24歳+25～29歳,,15696000,20歳+21歳+22歳+23歳+24歳+25歳+26歳+27歳+28歳+29歳,千人,確定値・各歳,20-29歳,20.13,人口動態統計（日本における日本人）,2026-09-07T18:03:19+00:00
vital_suicide_by_age_sex_rate,2005,総数,30-39歳,4315,30～34歳+35～39歳,,18567000,30歳+31歳+32歳+33歳+34歳+35歳+36歳+37歳+38歳+39歳,千人,確定値・各歳,30-39歳,23.24,人口動態統計（日本における日本人）,2026-09-07T18:03:19+00:00
vital_suicide_by_age_sex_rate,2005,総数,40-49歳,4881,40～44歳+45～49歳,,15866000,40歳+41歳+42歳+43歳+44歳+45歳+46歳+47歳+48歳+49歳,千人,確定値・各歳,40-49歳,30.76,人口動態統計（日本における日本人）,2026-09-07T18:03:19+00:00
vital_suicide_by_age_sex_rate,2005,総数,50-59歳,7125,50～54歳+55～59歳,,19122000,50歳+51歳+52歳+53歳+54歳+55歳+56歳+57歳+58歳+59歳,千人,確定値・各歳,50-59歳,37.26,人口動態統計（日本における日本人）,2026-09-07T18:03:19+00:00
vital_suicide_by_age_sex_rate,2005,総数,60歳以上,10329,60～64歳+65～69歳+70～74歳+75～79歳+80～84歳+85～89歳+90～94歳+95～99歳+100歳以上,,34337000,60歳+61歳+62歳+63歳+64歳+65歳+66歳+67歳+68歳+69歳+70歳+71歳+72歳+73歳+74歳+75歳+76歳+77歳+78歳+79歳+80歳+81歳+82歳+83歳+84歳+85歳+86歳+87歳+88歳+89歳+90歳+91歳+92歳+93歳+94歳+95歳+96歳+97歳+98歳+99歳+100歳以上,千人,確定値・各歳,60歳以上,30.08,人口動態統計（日本における日本人）,2026-09-07T18:03:19+00:00
vital_suicide_by_age_sex_rate,2005,総数,不詳,188,不詳,,127768000,総数,千人,確定値・各歳,総人口（年齢不詳のため）,0.15,人口動態統計（日本における日本人）,2026-09-07T18:03:19+00:00
vital_suicide_by_age_sex_rate,2010,男,合計,21028,総数,,62328000,総数,千人,確定値・各歳,合計,33.74,人口動態統計（日本における日本人）,2026-09-07T18:03:19+00:00
vital_suicide_by_age_sex_rate,2010,男,0-19歳,343,0～4歳+5～9歳+10～14歳+15～19歳,0～4歳+5～9歳,11750000,0歳+1歳+2歳+3歳+4歳+5歳+6歳+7歳+8歳+9歳+10歳+11歳+12歳+13歳+14歳+15歳+16歳+17歳+18歳+19歳,千人,確定値・各歳,0-19歳,2.92,人口動態統計（日本における日本人）,2026-09-07T18:03:19+00:00
vital_suicide_by_age_sex_rate,2010,男,20-29歳,2215,20～24歳+25～29歳,,7081000,20歳+21歳+22歳+23歳+24歳+25歳+26歳+27歳+28歳+29歳,千人,確定値・各歳,20-29歳,31.28,人口動態統計（日本における日本人）,2026-09-07T18:03:19+00:00
vital_suicide_by_age_sex_rate,2010,男,30-39歳,3061,30～34歳+35～39歳,,9275000,30歳+31歳+32歳+33歳+34歳+35歳+36歳+37歳+38歳+39歳,千人,確定値・各歳,30-39歳,33.00,人口動態統計（日本における日本人）,2026-09-07T18:03:19+00:00
vital_suicide_by_age_sex_rate,2010,男,40-49歳,3617,40～44歳+45～49歳,,8512000,40歳+41歳+42歳+43歳+44歳+45歳+46歳+47歳+48歳+49歳,千人,確定値・各歳,40-49歳,42.49,人口動態統計（日本における日本人）,2026-09-07T18:03:19+00:00
vital_suicide_by_age_sex_rate,2010,男,50-59歳,4317,50～54歳+55～59歳,,8176000,50歳+51歳+52歳+53歳+54歳+55歳+56歳+57歳+58歳+59歳,千人,確定値・各歳,50-59歳,52.80,人口動態統計（日本における日本人）,2026-09-07T18:03:19+00:00
vital_suicide_by_age_sex_rate,2010,男,60歳以上,7345,60～64歳+65～69歳+70～74歳+75～79歳+80～84歳+85～89歳+90～94歳+95～99歳+100歳以上,,17526000,60歳+61歳+62歳+63歳+64歳+65歳+66歳+67歳+68歳+69歳+70歳+71歳+72歳+73歳+74歳+75歳+76歳+77歳+78歳+79歳+80歳+81歳+82歳+83歳+84歳+85歳+86歳+87歳+88歳+89歳+90歳+91歳+92歳+93歳+94歳+95歳+96歳+97歳+98歳+99歳+100歳以上,千人,確定値・各歳,60歳以上,41.91,人口動態統計（日本における日本人）,2026-09-07T18:03:19+00:00
vital_suicide_by_age_sex_rate,2010,男,不詳,130,不詳,,62328000,総数,千人,確定値・各歳,総人口（年齢不詳のため）,0.21,人口動態統計（日本における日本人）,2026-09-07T18:03:19+00:00
vital_suicide_by_age_sex_rate,2010,女,合計,8526,総数,,65730000,総数,千人,確定値・各歳,合計,12.97,人口動態統計（日本における日本人）,2026-09-07T18:03:19+00:00
vital_suicide_by_age_sex_rate,2010,女,0-19歳,171,0～4歳+5～9歳+10～14歳+15～19歳,0～4歳+5～9歳,11184000,0歳+1歳+2歳+3歳+4歳+5歳+6歳+7歳+8歳+9歳+10歳+11歳+12歳+13歳+14歳+15歳+16歳+17歳+18歳+19歳,千人,確定値・各歳,0-19歳,1.53,人口動態統計（日本における日本人）,2026-09-07T18:03:19+00:00
vital_suicide_by_age_sex_rate,2010,女,20-29歳,787,20～24歳+25～29歳,,6834000,20歳+21歳+22歳+23歳+24歳+25歳+26歳+27歳+28歳+29歳,千人,確定値・各歳,20-29歳,11.52,人口動態統計（日本における日本人）,2026-09-07T18:03:19+00:00
vital_suicide_by_age_sex_rate,2010,女,30-39歳,1204,30～34歳+35～39歳,,9007000,30歳+31歳+32歳+33歳+34歳+35歳+36歳+37歳+38歳+39歳,千人,確定値・各歳,30-39歳,13.37,人口動態統計（日本における日本人）,2026-09-07T18:03:19+00:00
vital_suicide_by_age_sex_rate,2010,女,40-49歳,1173,40～44歳+45～49歳,,8387000,40歳+41歳+42歳+43歳+44歳+45歳+46歳+47歳+48歳+49歳,千人,確定値・各歳,40-49歳,13.99,人口動態統計（日本における日本人）,2026-09-07T18:03:19+00:00
vital_suicide_by_age_sex_rate,2010,女,50-59歳,1238,50～54歳+55～59歳,,8251000,50歳+51歳+52歳+53歳+54歳+55歳+56歳+57歳+58歳+59歳,千人,確定値・各歳,50-59歳,15.00,人口動態統計（日本における日本人）,2026-09-07T18:03:19+00:00
vital_suicide_by_age_sex_rate,2010,女,60歳以上,3930,60～64歳+65～69歳+70～74歳+75～79歳+80～84歳+85～89歳+90～94歳+95～99歳+100歳以上,,22063000,60歳+61歳+62歳+63歳+64歳+65歳+66歳+67歳+68歳+69歳+70歳+71歳+72歳+73歳+74歳+75歳+76歳+77歳+78歳+79歳+80歳+81歳+82歳+83歳+84歳+85歳+86歳+87歳+88歳+89歳+90歳+91歳+92歳+93歳+94歳+95歳+96歳+97歳+98歳+99歳+100歳以上,千人,確定値・各歳,60歳以上,17.81,人口動態統計（日本における日本人）,2026-09-07T18:03:19+00:00
vital_suicide_by_age_sex_rate,2010,女,不詳,23,不詳,,65730000,総数,千人,確定値・各歳,総人口（年齢不詳のため）,0.03,人口動態統計（日本における日本人）,2026-09-07T18:03:19+00:00
vital_suicide_by_age_sex_rate,2010,総数,合計,29554,総数,,128057000,総数,千人,確定値・各歳,合計,23.08,人口動態統計（日本における日本人）,2026-09-07T18:03:19+00:00
vital_suicide_by_age_sex_rate,2010,総数,0-19歳,514,0～4歳+5～9歳+10～14歳+15～19歳,0～4歳+5～9歳,22933000,0歳+1歳+2歳+3歳+4歳+5歳+6歳+7歳+8歳+9歳+10歳+11歳+12歳+13歳+14歳+15歳+16歳+17歳+18歳+19歳,千人,確定値・各歳,0-19歳,2.24,人口動態統計（日本における日本人）,2026-09-07T18:03:19+00:00
vital_suicide_by_age_sex_rate,2010,総数,20-29歳,3002,20～24歳+25～29歳,,13915000,20歳+21歳+22歳+23歳+24歳+25歳+26歳+27歳+28歳+29歳,千人,確定値・各歳,20-29歳,21.57,人口動態統計（日本における日本人）,2026-09-07T18:03:19+00:00
vital_suicide_by_age_sex_rate,2010,総数,30-39歳,4265,30～34歳+35～39歳,,18284000,30歳+31歳+32歳+33歳+34歳+35歳+36歳+37歳+38歳+39歳,千人,確定値・各歳,30-39歳,23.33,人口動態統計（日本における日本人）,2026-09-07T18:03:19+00:00
vital_suicide_by_age_sex_rate,2010,総数,40-49歳,4790,40～44歳+45～49歳,,16901000,40歳+41歳+42歳+43歳+44歳+45歳+46歳+47歳+48歳+49歳,千人,確定値・各歳,40-49歳,28.34,人口動態統計（日本における日本人）,2026-09-07T18:03:19+00:00
vital_suicide_by_age_sex_rate,2010,総数,50-59歳,5555,50～54歳+55～59歳,,16427000,50歳+51歳+52歳+53歳+54歳+55歳+56歳+57歳+58歳+59歳,千人,確定値・各歳,50-59歳,33.82,人口動態統計（日本における日本人）,2026-09-07T18:03:19+00:00
vital_suicide_by_age_sex_rate,2010,総数,60歳以上,11275,60～64歳+65～69歳+70～74歳+75～79歳+80～84歳+85～89歳+90～94歳+95～99歳+100歳以上,,39597000,60歳+61歳+62歳+63歳+64歳+65歳+66歳+67歳+68歳+69歳+70歳+71歳+72歳+73歳+74歳+75歳+76歳+77歳+78歳+79歳+80歳+81歳+82歳+83歳+84歳+85歳+86歳+87歳+88歳+89歳+90歳+91歳+92歳+93歳+94歳+95歳+96歳+97歳+98歳+99歳+100歳以上,千人,確定値・各歳,60歳以上,28.47,人口動態統計（日本における日本人）,2026-09-07T18:03:19+00:00
vital_suicide_by_age_sex_rate,2010,総数,不詳,153,不詳,,128057000,総数,千人,確定値・各歳,総人口（年齢不詳のため）,0.12,人口動態統計（日本における日本人）,2026-09-07T18:03:19+00:00
vital_suicide_by_age_sex_rate,2013,男,合計,18158,総数,,61909000,総数,千人,確定値・各歳,合計,29.33,人口動態統計（日本における日本人）,2026-09-07T18:03:19+00:00
vital_suicide_by_age_sex_rate,2013,男,0-19歳,379,0～4歳+5～9歳+10～14歳+15～19歳,0～4歳,11492000,0歳+1歳+2歳+3歳+4歳+5歳+6歳+7歳+8歳+9歳+10歳+11歳+12歳+13歳+14歳+15歳+16歳+17歳+18歳+19歳,千人,確定値・各歳,0-19歳,3.30,人口動態統計（日本における日本人）,2026-09-07T18:03:19+00:00
vital_suicide_by_age_sex_rate,2013,男,20-29歳,1958,20～24歳+25～29歳,,6687000,20歳+21歳+22歳+23歳+24歳+25歳+26歳+27歳+28歳+29歳,千人,確定値・各歳,20-29歳,29.28,人口動態統計（日本における日本人）,2026-09-07T18:03:19+00:00
vital_suicide_by_age_sex_rate,2013,男,30-39歳,2591,30～34歳+35～39歳,,8459000,30歳+31歳+32歳+33歳+34歳+35歳+36歳+37歳+38歳+39歳,千人,確定値・各歳,30-39歳,30.63,人口動態統計（日本における日本人）,2026-09-07T18:03:19+00:00
vital_suicide_by_age_sex_rate,2013,男,40-49歳,3222,40～44歳+45～49歳,,9116000,40歳+41歳+42歳+43歳+44歳+45歳+46歳+47歳+48歳+49歳,千人,確定値・各歳,40-49歳,35.34,人口動態統計（日本における日本人）,2026-09-07T18:03:19+00:00
vital_suicide_by_age_sex_rate,2013,男,50-59歳,3177,50～54歳+55～59歳,,7710000,50歳+51歳+52歳+53歳+54歳+55歳+56歳+57歳+58歳+59歳,千人,確定値・各歳,50-59歳,41.21,人口動態統計（日本における日本人）,2026-09-07T18:03:19+00:00
vital_suicide_by_age_sex_rate,2013,男,60歳以上,6747,60～64歳+65～69歳+70～74歳+75～79歳+80～84歳+85～89歳+90～94歳+95～99歳+100歳以上,,18442000,60歳+61歳+62歳+63歳+64歳+65歳+66歳+67歳+68歳+69歳+70歳+71歳+72歳+73歳+74歳+75歳+76歳+77歳+78歳+79歳+80歳+81歳+82歳+83歳+84歳+85歳+86歳+87歳+88歳+89歳+90歳+91歳+92歳+93歳+94歳+95歳+96歳+97歳+98歳+99歳+100歳以上,千人,確定値・各歳,60歳以上,36.58,人口動態統計（日本における日本人）,2026-09-07T18:03:19+00:00
vital_suicide_by_age_sex_rate,2013,男,不詳,84,不詳,,61909000,総数,千人,確定値・各歳,総人口（年齢不詳のため）,0.14,人口動態統計（日本における日本人）,2026-09-07T18:03:19+00:00
vital_suicide_by_age_sex_rate,2013,女,合計,7905,総数,,65388000,総数,千人,確定値・各歳,合計,12.09,人口動態統計（日本における日本人）,2026-09-07T18:03:19+00:00
vital_suicide_by_age_sex_rate,2013,女,0-19歳,168,0～4歳+5～9歳+10～14歳+15～19歳,0～4歳+5～9歳,10944000,0歳+1歳+2歳+3歳+4歳+5歳+6歳+7歳+8歳+9歳+10歳+11歳+12歳+13歳+14歳+15歳+16歳+17歳+18歳+19歳,千人,確定値・各歳,0-19歳,1.54,人口動態統計（日本における日本人）,2026-09-07T18:03:19+00:00
vital_suicide_by_age_sex_rate,2013,女,20-29歳,719,20～24歳+25～29歳,,6388000,20歳+21歳+22歳+23歳+24歳+25歳+26歳+27歳+28歳+29歳,千人,確定値・各歳,20-29歳,11.26,人口動態統計（日本における日本人）,2026-09-07T18:03:19+00:00
vital_suicide_by_age_sex_rate,2013,女,30-39歳,989,30～34歳+35～39歳,,8224000,30歳+31歳+32歳+33歳+34歳+35歳+36歳+37歳+38歳+39歳,千人,確定値・各歳,30-39歳,12.03,人口動態統計（日本における日本人）,2026-09-07T18:03:19+00:00
vital_suicide_by_age_sex_rate,2013,女,40-49歳,1157,40～44歳+45～49歳,,8956000,40歳+41歳+42歳+43歳+44歳+45歳+46歳+47歳+48歳+49歳,千人,確定値・各歳,40-49歳,12.92,人口動態統計（日本における日本人）,2026-09-07T18:03:19+00:00
vital_suicide_by_age_sex_rate,2013,女,50-59歳,1083,50～54歳+55～59歳,,7755000,50歳+51歳+52歳+53歳+54歳+55歳+56歳+57歳+58歳+59歳,千人,確定値・各歳,50-59歳,13.97,人口動態統計（日本における日本人）,2026-09-07T18:03:19+00:00
vital_suicide_by_age_sex_rate,2013,女,60歳以上,3784,60～64歳+65～69歳+70～74歳+75～79歳+80～84歳+85～89歳+90～94歳+95～99歳+100歳以上,,23123000,60歳+61歳+62歳+63歳+64歳+65歳+66歳+67歳+68歳+69歳+70歳+71歳+72歳+73歳+74歳+75歳+76歳+77歳+78歳+79歳+80歳+81歳+82歳+83歳+84歳+85歳+86歳+87歳+88歳+89歳+90歳+91歳+92歳+93歳+94歳+95歳+96歳+97歳+98歳+99歳+100歳以上,千人,確定値・各歳,60歳以上,16.36,人口動態統計（日本における日本人）,2026-09-07T18:03:19+00:00
vital_suicide_by_age_sex_rate,2013,女,不詳,5,不詳,,65388000,総数,千人,確定値・各歳,総人口（年齢不詳のため）,0.01,人口動態統計（日本における日本人）,2026-09-07T18:03:19+00:00
vital_suicide_by_age_sex_rate,2013,総数,合計,26063,総数,,127298000,総数,千人,確定値・各歳,合計,20.47,人口動態統計（日本における日本人）,2026-09-07T18:03:19+00:00
vital_suicide_by_age_sex_rate,2013,総数,0-19歳,547,0～4歳+5～9歳+10～14歳+15～19歳,0～4歳,22436000,0歳+1歳+2歳+3歳+4歳+5歳+6歳+7歳+8歳+9歳+10歳+11歳+12歳+13歳+14歳+15歳+16歳+17歳+18歳+19歳,千人,確定値・各歳,0-19歳,2.44,人口動態統計（日本における日本人）,2026-09-07T18:03:19+00:00
vital_suicide_by_age_sex_rate,2013,総数,20-29歳,2677,20～24歳+25～29歳,,13075000,20歳+21歳+22歳+23歳+24歳+25歳+26歳+27歳+28歳+29歳,千人,確定値・各歳,20-29歳,20.47,人口動態統計（日本における日本人）,2026-09-07T18:03:19+00:00
vital_suicide_by_age_sex_rate,2013,総数,30-39歳,3580,30～34歳+35～39歳,,16683000,30歳+31歳+32歳+33歳+34歳+35歳+36歳+37歳+38歳+39歳,千人,確定値・各歳,30-39歳,21.46,人口動態統計（日本における日本人）,2026-09-07T18:03:19+00:00
vital_suicide_by_age_sex_rate,2013,総数,40-49歳,4379,40～44歳+45～49歳,,18074000,40歳+41歳+42歳+43歳+44歳+45歳+46歳+47歳+48歳+49歳,千人,確定値・各歳,40-49歳,24.23,人口動態統計（日本における日本人）,2026-09-07T18:03:19+00:00
vital_suicide_by_age_sex_rate,2013,総数,50-59歳,4260,50～54歳+55～59歳,,15465000,50歳+51歳+52歳+53歳+54歳+55歳+56歳+57歳+58歳+59歳,千人,確定値・各歳,50-59歳,27.55,人口動態統計（日本における日本人）,2026-09-07T18:03:19+00:00
vital_suicide_by_age_sex_rate,2013,総数,60歳以上,10531,60～64歳+65～69歳+70～74歳+75～79歳+80～84歳+85～89歳+90～94歳+95～99歳+100歳以上,,41565000,60歳+61歳+62歳+63歳+64歳+65歳+66歳+67歳+68歳+69歳+70歳+71歳+72歳+73歳+74歳+75歳+76歳+77歳+78歳+79歳+80歳+81歳+82歳+83歳+84歳+85歳+86歳+87歳+88歳+89歳+90歳+91歳+92歳+93歳+94歳+95歳+96歳+97歳+98歳+99歳+100歳以上,千人,確定値・各歳,60歳以上,25.34,人口動態統計（日本における日本人）,2026-09-07T18:03:19+00:00
vital_suicide_by_age_sex_rate,2013,総数,不詳,89,不詳,,127298000,総数,千人,確定値・各歳,総人口（年齢不詳のため）,0.07,人口動態統計（日本における日本人）,2026-09-07T18:03:19+00:00
vital_suicide_by_age_sex_rate,2014,男,合計,16875,総数,,61801000,総数,千人,確定値・各歳,合計,27.31,人口動態統計（日本における日本人）,2026-09-07T18:03:19+00:00
vital_suicide_by_age_sex_rate,2014,男,0-19歳,380,0～4歳+5～9歳+10～14歳+15～19歳,0～4歳,11390000,0歳+1歳+2歳+3歳+4歳+5歳+6歳+7歳+8歳+9歳+10歳+11歳+12歳+13歳+14歳+15歳+16歳+17歳+18歳+19歳,千人,確定値・各歳,0-19歳,3.34,人口動態統計（日本における日本人）,2026-09-07T18:03:19+00:00
vital_suicide_by_age_sex_rate,2014,男,20-29歳,1910,20～24歳+25～29歳,,6606000,20歳+21歳+22歳+23歳+24歳+25歳+26歳+27歳+28歳+29歳,千人,確定値・各歳,20-29歳,28.91,人口動態統計（日本における日本人）,2026-09-07T18:03:19+00:00
vital_suicide_by_age_sex_rate,2014,男,30-39歳,2329,30～34歳+35～39歳,,8182000,30歳+31歳+32歳+33歳+34歳+35歳+36歳+37歳+38歳+39歳,千人,確定値・各歳,30-39歳,28.46,人口動態統計（日本における日本人）,2026-09-07T18:03:19+00:00
vital_suicide_by_age_sex_rate,2014,男,40-49歳,2972,40～44歳+45～49歳,,9285000,40歳+41歳+42歳+43歳+44歳+45歳+46歳+47歳+48歳+49歳,千人,確定値・各歳,40-49歳,32.01,人口動態統計（日本における日本人）,2026-09-07T18:03:19+00:00
vital_suicide_by_age_sex_rate,2014,男,50-59歳,2960,50～54歳+55～59歳,,7705000,50歳+51歳+52歳+53歳+54歳+55歳+56歳+57歳+58歳+59歳,千人,確定値・各歳,50-59歳,38.42,人口動態統計（日本における日本人）,2026-09-07T18:03:19+00:00
vital_suicide_by_age_sex_rate,2014,男,60歳以上,6263,60～64歳+65～69歳+70～74歳+75～79歳+80～84歳+85～89歳+90～94歳+95～99歳+100歳以上,,18632000,60歳+61歳+62歳+63歳+64歳+65歳+66歳+67歳+68歳+69歳+70歳+71歳+72歳+73歳+74歳+75歳+76歳+77歳+78歳+79歳+80歳+81歳+82歳+83歳+84歳+85歳+86歳+87歳+88歳+89歳+90歳+91歳+92歳+93歳+94歳+95歳+96歳+97歳+98歳+99歳+100歳以上,千人,確定値・各歳,60歳以上,33.61,人口動態統計（日本における日本人）,2026-09-07T18:03:19+00:00
vital_suicide_by_age_sex_rate,2014,男,不詳,61,不詳,,61801000,総数,千人,確定値・各歳,総人口（年齢不詳のため）,0.10,人口動態統計（日本における日本人）,2026-09-07T18:03:19+00:00
vital_suicide_by_age_sex_rate,2014,女,合計,7542,総数,,65282000,総数,千人,確定値・各歳,合計,11.55,人口動態統計（日本における日本人）,2026-09-07T18:03:19+00:00
vital_suicide_by_age_sex_rate,2014,女,0-19歳,156,0～4歳+5～9歳+10～14歳+15～19歳,0～4歳,10847000,0歳+1歳+2歳+3歳+4歳+5歳+6歳+7歳+8歳+9歳+10歳+11歳+12歳+13歳+14歳+15歳+16歳+17歳+18歳+19歳,千人,確定値・各歳,0-19歳,1.44,人口動態統計（日本における日本人）,2026-09-07T18:03:19+00:00
vital_suicide_by_age_sex_rate,2014,女,20-29歳,691,20～24歳+25～29歳,,6276000,20歳+21歳+22歳+23歳+24歳+25歳+26歳+27歳+28歳+29歳,千人,確定値・各歳,20-29歳,11.01,人口動態統計（日本における日本人）,2026-09-07T18:03:19+00:00
vital_suicide_by_age_sex_rate,2014,女,30-39歳,953,30～34歳+35～39歳,,7956000,30歳+31歳+32歳+33歳+34歳+35歳+36歳+37歳+38歳+39歳,千人,確定値・各歳,30-39歳,11.98,人口動態統計（日本における日本人）,2026-09-07T18:03:19+00:00
vital_suicide_by_age_sex_rate,2014,女,40-49歳,1116,40～44歳+45～49歳,,9115000,40歳+41歳+42歳+43歳+44歳+45歳+46歳+47歳+48歳+49歳,千人,確定値・各歳,40-49歳,12.24,人口動態統計（日本における日本人）,2026-09-07T18:03:19+00:00
vital_suicide_by_age_sex_rate,2014,女,50-59歳,1050,50～54歳+55～59歳,,7740000,50歳+51歳+52歳+53歳+54歳+55歳+56歳+57歳+58歳+59歳,千人,確定値・各歳,50-59歳,13.57,人口動態統計（日本における日本人）,2026-09-07T18:03:19+00:00
vital_suicide_by_age_sex_rate,2014,女,60歳以上,3565,60～64歳+65～69歳+70～74歳+75～79歳+80～84歳+85～89歳+90～94歳+95～99歳+100歳以上,,23349000,60歳+61歳+62歳+63歳+64歳+65歳+66歳+67歳+68歳+69歳+70歳+71歳+72歳+73歳+74歳+75歳+76歳+77歳+78歳+79歳+80歳+81歳+82歳+83歳+84歳+85歳+86歳+87歳+88歳+89歳+90歳+91歳+92歳+93歳+94歳+95歳+96歳+97歳+98歳+99歳+100歳以上,千人,確定値・各歳,60歳以上,15.27,人口動態統計（日本における日本人）,2026-09-07T18:03:19+00:00
vital_suicide_by_age_sex_rate,2014,女,不詳,11,不詳,,65282000,総数,千人,確定値・各歳,総人口（年齢不詳のため）,0.02,人口動態統計（日本における日本人）,2026-09-07T18:03:19+00:00
vital_suicide_by_age_sex_rate,2014,総数,合計,24417,総数,,127083000,総数,千人,確定値・各歳,合計,19.21,人口動態統計（日本における日本人）,2026-09-07T18:03:19+00:00
vital_suicide_by_age_sex_rate,2014,総数,0-19歳,536,0～4歳+5～9歳+10～14歳+15～19歳,0～4歳,22239000,0歳+1歳+2歳+3歳+4歳+5歳+6歳+7歳+8歳+9歳+10歳+11歳+12歳+13歳+14歳+15歳+16歳+17歳+18歳+19歳,千人,確定値・各歳,0-19歳,2.41,人口動態統計（日本における日本人）,2026-09-07T18:03:19+00:00
vital_suicide_by_age_sex_rate,2014,総数,20-29歳,2601,20～24歳+25～29歳,,12880000,20歳+21歳+22歳+23歳+24歳+25歳+26歳+27歳+28歳+29歳,千人,確定値・各歳,20-29歳,20.19,人口動態統計（日本における日本人）,2026-09-07T18:03:19+00:00
vital_suicide_by_age_sex_rate,2014,総数,30-39歳,3282,30～34歳+35～39歳,,16136000,30歳+31歳+32歳+33歳+34歳+35歳+36歳+37歳+38歳+39歳,千人,確定値・各歳,30-39歳,20.34,人口動態統計（日本における日本人）,2026-09-07T18:03:19+00:00
vital_suicide_by_age_sex_rate,2014,総数,40-49歳,4088,40～44歳+45～49歳,,18402000,40歳+41歳+42歳+43歳+44歳+45歳+46歳+47歳+48歳+49歳,千人,確定値・各歳,40-49歳,22.21,人口動態統計（日本における日本人）,2026-09-07T18:03:19+00:00
vital_suicide_by_age_sex_rate,2014,総数,50-59歳,4010,50～54歳+55～59歳,,15443000,50歳+51歳+52歳+53歳+54歳+55歳+56歳+57歳+58歳+59歳,千人,確定値・各歳,50-59歳,25.97,人口動態統計（日本における日本人）,2026-09-07T18:03:19+00:00
vital_suicide_by_age_sex_rate,2014,総数,60歳以上,9828,60～64歳+65～69歳+70～74歳+75～79歳+80～84歳+85～89歳+90～94歳+95～99歳+100歳以上,,41978000,60歳+61歳+62歳+63歳+64歳+65歳+66歳+67歳+68歳+69歳+70歳+71歳+72歳+73歳+74歳+75歳+76歳+77歳+78歳+79歳+80歳+81歳+82歳+83歳+84歳+85歳+86歳+87歳+88歳+89歳+90歳+91歳+92歳+93歳+94歳+95歳+96歳+97歳+98歳+99歳+100歳以上,千人,確定値・各歳,60歳以上,23.41,人口動態統計（日本における日本人）,2026-09-07T18:03:19+00:00
vital_suicide_by_age_sex_rate,2014,総数,不詳,72,不詳,,127083000,総数,千人,確定値・各歳,総人口（年齢不詳のため）,0.06,人口動態統計（日本における日本人）,2026-09-07T18:03:19+00:00
vital_suicide_by_age_sex_rate,2015,男,合計,16202,総数,,61842000,総数,千人,確定値・各歳,合計,26.20,人口動態統計（日本における日本人）,2026-09-07T18:03:19+00:00
vital_suicide_by_age_sex_rate,2015,男,0-19歳,372,0～4歳+5～9歳+10～14歳+15～19歳,0～4歳,11278000,0歳+1歳+2歳+3歳+4歳+5歳+6歳+7歳+8歳+9歳+10歳+11歳+12歳+13歳+14歳+15歳+16歳+17歳+18歳+19歳,千人,確定値・各歳,0-19歳,3.30,人口動態統計（日本における日本人）,2026-09-07T18:03:19+00:00
vital_suicide_by_age_sex_rate,2015,男,20-29歳,1695,20～24歳+25～29歳,,6454000,20歳+21歳+22歳+23歳+24歳+25歳+26歳+27歳+28歳+29歳,千人,確定値・各歳,20-29歳,26.26,人口動態統計（日本における日本人）,2026-09-07T18:03:19+00:00
vital_suicide_by_age_sex_rate,2015,男,30-39歳,2197,30～34歳+35～39歳,,8018000,30歳+31歳+32歳+33歳+34歳+35歳+36歳+37歳+38歳+39歳,千人,確定値・各歳,30-39歳,27.40,人口動態統計（日本における日本人）,2026-09-07T18:03:19+00:00
vital_suicide_by_age_sex_rate,2015,男,40-49歳,2869,40～44歳+45～49歳,,9410000,40歳+41歳+42歳+43歳+44歳+45歳+46歳+47歳+48歳+49歳,千人,確定値・各歳,40-49歳,30.49,人口動態統計（日本における日本人）,2026-09-07T18:03:19+00:00
vital_suicide_by_age_sex_rate,2015,男,50-59歳,2813,50～54歳+55～59歳,,7813000,50歳+51歳+52歳+53歳+54歳+55歳+56歳+57歳+58歳+59歳,千人,確定値・各歳,50-59歳,36.00,人口動態統計（日本における日本人）,2026-09-07T18:03:19+00:00
vital_suicide_by_age_sex_rate,2015,男,60歳以上,6196,60～64歳+65～69歳+70～74歳+75～79歳+80～84歳+85～89歳+90～94歳+95～99歳+100歳以上,,18869000,60歳+61歳+62歳+63歳+64歳+65歳+66歳+67歳+68歳+69歳+70歳+71歳+72歳+73歳+74歳+75歳+76歳+77歳+78歳+79歳+80歳+81歳+82歳+83歳+84歳+85歳+86歳+87歳+88歳+89歳+90歳+91歳+92歳+93歳+94歳+95歳+96歳+97歳+98歳+99歳+100歳以上,千人,確定値・各歳,60歳以上,32.84,人口動態統計（日本における日本人）,2026-09-07T18:03:19+00:00
vital_suicide_by_age_sex_rate,2015,男,不詳,60,不詳,,61842000,総数,千人,確定値・各歳,総人口（年齢不詳のため）,0.10,人口動態統計（日本における日本人）,2026-09-07T18:03:19+00:00
vital_suicide_by_age_sex_rate,2015,女,合計,6950,総数,,65253000,総数,千人,確定値・各歳,合計,10.65,人口動態統計（日本における日本人）,2026-09-07T18:03:19+00:00
vital_suicide_by_age_sex_rate,2015,女,0-19歳,165,0～4歳+5～9歳+10～14歳+15～19歳,0～4歳+5～9歳,10722000,0歳+1歳+2歳+3歳+4歳+5歳+6歳+7歳+8歳+9歳+10歳+11歳+12歳+13歳+14歳+15歳+16歳+17歳+18歳+19歳,千人,確定値・各歳,0-19歳,1.54,人口動態統計（日本における日本人）,2026-09-07T18:03:19+00:00
vital_suicide_by_age_sex_rate,2015,女,20-29歳,591,20～24歳+25～29歳,,6168000,20歳+21歳+22歳+23歳+24歳+25歳+26歳+27歳+28歳+29歳,千人,確定値・各歳,20-29歳,9.58,人口動態統計（日本における日本人）,2026-09-07T18:03:19+00:00
vital_suicide_by_age_sex_rate,2015,女,30-39歳,774,30～34歳+35～39歳,,7794000,30歳+31歳+32歳+33歳+34歳+35歳+36歳+37歳+38歳+39歳,千人,確定値・各歳,30-39歳,9.93,人口動態統計（日本における日本人）,2026-09-07T18:03:19+00:00
vital_suicide_by_age_sex_rate,2015,女,40-49歳,1080,40～44歳+45～49歳,,9203000,40歳+41歳+42歳+43歳+44歳+45歳+46歳+47歳+48歳+49歳,千人,確定値・各歳,40-49歳,11.74,人口動態統計（日本における日本人）,2026-09-07T18:03:19+00:00
vital_suicide_by_age_sex_rate,2015,女,50-59歳,1017,50～54歳+55～59歳,,7811000,50歳+51歳+52歳+53歳+54歳+55歳+56歳+57歳+58歳+59歳,千人,確定値・各歳,50-59歳,13.02,人口動態統計（日本における日本人）,2026-09-07T18:03:19+00:00
vital_suicide_by_age_sex_rate,2015,女,60歳以上,3315,60～64歳+65～69歳+70～74歳+75～79歳+80～84歳+85～89歳+90～94歳+95～99歳+100歳以上,,23554000,60歳+61歳+62歳+63歳+64歳+65歳+66歳+67歳+68歳+69歳+70歳+71歳+72歳+73歳+74歳+75歳+76歳+77歳+78歳+79歳+80歳+81歳+82歳+83歳+84歳+85歳+86歳+87歳+88歳+89歳+90歳+91歳+92歳+93歳+94歳+95歳+96歳+97歳+98歳+99歳+100歳以上,千人,確定値・各歳,60歳以上,14.07,人口動態統計（日本における日本人）,2026-09-07T18:03:19+00:00
vital_suicide_by_age_sex_rate,2015,女,不詳,8,不詳,,65253000,総数,千人,確定値・各歳,総人口（年齢不詳のため）,0.01,人口動態統計（日本における日本人）,2026-09-07T18:03:19+00:00
vital_suicide_by_age_sex_rate,2015,総数,合計,23152,総数,,127095000,総数,千人,確定値・各歳,合計,18.22,人口動態統計（日本における日本人）,2026-09-07T18:03:19+00:00
vital_suicide_by_age_sex_rate,2015,総数,0-19歳,537,0～4歳+5～9歳+10～14歳+15～19歳,0～4歳,22001000,0歳+1歳+2歳+3歳+4歳+5歳+6歳+7歳+8歳+9歳+10歳+11歳+12歳+13歳+14歳+15歳+16歳+17歳+18歳+19歳,千人,確定値・各歳,0-19歳,2.44,人口動態統計（日本における日本人）,2026-09-07T18:03:19+00:00
vital_suicide_by_age_sex_rate,2015,総数,20-29歳,2286,20～24歳+25～29歳,,12624000,20歳+21歳+22歳+23歳+24歳+25歳+26歳+27歳+28歳+29歳,千人,確定値・各歳,20-29歳,18.11,人口動態統計（日本における日本人）,2026-09-07T18:03:19+00:00
vital_suicide_by_age_sex_rate,2015,総数,30-39歳,2971,30～34歳+35～39歳,,15813000,30歳+31歳+32歳+33歳+34歳+35歳+36歳+37歳+38歳+39歳,千人,確定値・各歳,30-39歳,18.79,人口動態統計（日本における日本人）,2026-09-07T18:03:19+00:00
vital_suicide_by_age_sex_rate,2015,総数,40-49歳,3949,40～44歳+45～49歳,,18613000,40歳+41歳+42歳+43歳+44歳+45歳+46歳+47歳+48歳+49歳,千人,確定値・各歳,40-49歳,21.22,人口動態統計（日本における日本人）,2026-09-07T18:03:19+00:00
vital_suicide_by_age_sex_rate,2015,総数,50-59歳,3830,50～54歳+55～59歳,,15625000,50歳+51歳+52歳+53歳+54歳+55歳+56歳+57歳+58歳+59歳,千人,確定値・各歳,50-59歳,24.51,人口動態統計（日本における日本人）,2026-09-07T18:03:19+00:00
vital_suicide_by_age_sex_rate,2015,総数,60歳以上,9511,60～64歳+65～69歳+70～74歳+75～79歳+80～84歳+85～89歳+90～94歳+95～99歳+100歳以上,,42418000,60歳+61歳+62歳+63歳+64歳+65歳+66歳+67歳+68歳+69歳+70歳+71歳+72歳+73歳+74歳+75歳+76歳+77歳+78歳+79歳+80歳+81歳+82歳+83歳+84歳+85歳+86歳+87歳+88歳+89歳+90歳+91歳+92歳+93歳+94歳+95歳+96歳+97歳+98歳+99歳+100歳以上,千人,確定値・各歳,60歳以上,22.42,人口動態統計（日本における日本人）,2026-09-07T18:03:19+00:00
vital_suicide_by_age_sex_rate,2015,総数,不詳,68,不詳,,127095000,総数,千人,確定値・各歳,総人口（年齢不詳のため）,0.05,人口動態統計（日本における日本人）,2026-09-07T18:03:19+00:00
vital_suicide_by_age_sex_rate,2016,男,合計,14642,総数,,61766000,総数,千人,確定値・各歳,合計,23.71,人口動態統計（日本における日本人）,2026-09-07T18:03:19+00:00
vital_suicide_by_age_sex_rate,2016,男,0-19歳,344,0～4歳+5～9歳+10～14歳+15～19歳,0～4歳+5～9歳,11183000,0歳+1歳+2歳+3歳+4歳+5歳+6歳+7歳+8歳+9歳+10歳+11歳+12歳+13歳+14歳+15歳+16歳+17歳+18歳+19歳,千人,確定値・各歳,0-19歳,3.08,人口動態統計（日本における日本人）,2026-09-07T18:03:19+00:00
vital_suicide_by_age_sex_rate,2016,男,20-29歳,1622,20～24歳+25～29歳,,6429000,20歳+21歳+22歳+23歳+24歳+25歳+26歳+27歳+28歳+29歳,千人,確定値・各歳,20-29歳,25.23,人口動態統計（日本における日本人）,2026-09-07T18:03:19+00:00
vital_suicide_by_age_sex_rate,2016,男,30-39歳,1968,30～34歳+35～39歳,,7803000,30歳+31歳+32歳+33歳+34歳+35歳+36歳+37歳+38歳+39歳,千人,確定値・各歳,30-39歳,25.22,人口動態統計（日本における日本人）,2026-09-07T18:03:19+00:00
vital_suicide_by_age_sex_rate,2016,男,40-49歳,2706,40～44歳+45～49歳,,9608000,40歳+41歳+42歳+43歳+44歳+45歳+46歳+47歳+48歳+49歳,千人,確定値・各歳,40-49歳,28.16,人口動態統計（日本における日本人）,2026-09-07T18:03:19+00:00
vital_suicide_by_age_sex_rate,2016,男,50-59歳,2572,50～54歳+55～59歳,,7727000,50歳+51歳+52歳+53歳+54歳+55歳+56歳+57歳+58歳+59歳,千人,確定値・各歳,50-59歳,33.29,人口動態統計（日本における日本人）,2026-09-07T18:03:19+00:00
vital_suicide_by_age_sex_rate,2016,男,60歳以上,5374,60～64歳+65～69歳+70～74歳+75～79歳+80～84歳+85～89歳+90～94歳+95～99歳+100歳以上,,19018000,60歳+61歳+62歳+63歳+64歳+65歳+66歳+67歳+68歳+69歳+70歳+71歳+72歳+73歳+74歳+75歳+76歳+77歳+78歳+79歳+80歳+81歳+82歳+83歳+84歳+85歳+86歳+87歳+88歳+89歳+90歳+91歳+92歳+93歳+94歳+95歳+96歳+97歳+98歳+99歳+100歳以上,千人,確定値・各歳,60歳以上,28.26,人口動態統計（日本における日本人）,2026-09-07T18:03:19+00:00
vital_suicide_by_age_sex_rate,2016,男,不詳,56,不詳,,61766000,総数,千人,確定値・各歳,総人口（年齢不詳のため）,0.09,人口動態統計（日本における日本人）,2026-09-07T18:03:19+00:00
vital_suicide_by_age_sex_rate,2016,女,合計,6379,総数,,65167000,総数,千人,確定値・各歳,合計,9.79,人口動態統計（日本における日本人）,2026-09-07T18:03:19+00:00
vital_suicide_by_age_sex_rate,2016,女,0-19歳,157,0～4歳+5～9歳+10～14歳+15～19歳,0～4歳+5～9歳,10638000,0歳+1歳+2歳+3歳+4歳+5歳+6歳+7歳+8歳+9歳+10歳+11歳+12歳+13歳+14歳+15歳+16歳+17歳+18歳+19歳,千人,確定値・各歳,0-19歳,1.48,人口動態統計（日本における日本人）,2026-09-07T18:03:19+00:00
vital_suicide_by_age_sex_rate,2016,女,20-29歳,544,20～24歳+25～29歳,,6113000,20歳+21歳+22歳+23歳+24歳+25歳+26歳+27歳+28歳+29歳,千人,確定値・各歳,20-29歳,8.90,人口動態統計（日本における日本人）,2026-09-07T18:03:19+00:00
vital_suicide_by_age_sex_rate,2016,女,30-39歳,730,30～34歳+35～39歳,,7574000,30歳+31歳+32歳+33歳+34歳+35歳+36歳+37歳+38歳+39歳,千人,確定値・各歳,30-39歳,9.64,人口動態統計（日本における日本人）,2026-09-07T18:03:19+00:00
vital_suicide_by_age_sex_rate,2016,女,40-49歳,922,40～44歳+45～49歳,,9389000,40歳+41歳+42歳+43歳+44歳+45歳+46歳+47歳+48歳+49歳,千人,確定値・各歳,40-49歳,9.82,人口動態統計（日本における日本人）,2026-09-07T18:03:19+00:00
vital_suicide_by_age_sex_rate,2016,女,50-59歳,965,50～54歳+55～59歳,,7721000,50歳+51歳+52歳+53歳+54歳+55歳+56歳+57歳+58歳+59歳,千人,確定値・各歳,50-59歳,12.50,人口動態統計（日本における日本人）,2026-09-07T18:03:19+00:00
vital_suicide_by_age_sex_rate,2016,女,60歳以上,3057,60～64歳+65～69歳+70～74歳+75～79歳+80～84歳+85～89歳+90～94歳+95～99歳+100歳以上,,23734000,60歳+61歳+62歳+63歳+64歳+65歳+66歳+67歳+68歳+69歳+70歳+71歳+72歳+73歳+74歳+75歳+76歳+77歳+78歳+79歳+80歳+81歳+82歳+83歳+84歳+85歳+86歳+87歳+88歳+89歳+90歳+91歳+92歳+93歳+94歳+95歳+96歳+97歳+98歳+99歳+100歳以上,千人,確定値・各歳,60歳以上,12.88,人口動態統計（日本における日本人）,2026-09-07T18:03:19+00:00
vital_suicide_by_age_sex_rate,2016,女,不詳,4,不詳,,65167000,総数,千人,確定値・各歳,総人口（年齢不詳のため）,0.01,人口動態統計（日本における日本人）,2026-09-07T18:03:19+00:00
vital_suicide_by_age_sex_rate,2016,総数,合計,21021,総数,,126933000,総数,千人,確定値・各歳,合計,16.56,人口動態統計（日本における日本人）,2026-09-07T18:03:19+00:00
vital_suicide_by_age_sex_rate,2016,総数,0-19歳,501,0～4歳+5～9歳+10～14歳+15～19歳,0～4歳+5～9歳,21820000,0歳+1歳+2歳+3歳+4歳+5歳+6歳+7歳+8歳+9歳+10歳+11歳+12歳+13歳+14歳+15歳+16歳+17歳+18歳+19歳,千人,確定値・各歳,0-19歳,2.30,人口動態統計（日本における日本人）,2026-09-07T18:03:19+00:00
vital_suicide_by_age_sex_rate,2016,総数,20-29歳,2166,20～24歳+25～29歳,,12542000,20歳+21歳+22歳+23歳+24歳+25歳+26歳+27歳+28歳+29歳,千人,確定値・各歳,20-29歳,17.27,人口動態統計（日本における日本人）,2026-09-07T18:03:19+00:00
vital_suicide_by_age_sex_rate,2016,総数,30-39歳,2698,30～34歳+35～39歳,,15375000,30歳+31歳+32歳+33歳+34歳+35歳+36歳+37歳+38歳+39歳,千人,確定値・各歳,30-39歳,17.55,人口動態統計（日本における日本人）,2026-09-07T18:03:19+00:00
vital_suicide_by_age_sex_rate,2016,総数,40-49歳,3628,40～44歳+45～49歳,,18994000,40歳+41歳+42歳+43歳+44歳+45歳+46歳+47歳+48歳+49歳,千人,確定値・各歳,40-49歳,19.10,人口動態統計（日本における日本人）,2026-09-07T18:03:19+00:00
vital_suicide_by_age_sex_rate,2016,総数,50-59歳,3537,50～54歳+55～59歳,,15449000,50歳+51歳+52歳+53歳+54歳+55歳+56歳+57歳+58歳+59歳,千人,確定値・各歳,50-59歳,22.89,人口動態統計（日本における日本人）,2026-09-07T18:03:19+00:00
vital_suicide_by_age_sex_rate,2016,総数,60歳以上,8431,60～64歳+65～69歳+70～74歳+75～79歳+80～84歳+85～89歳+90～94歳+95～99歳+100歳以上,,42751000,60歳+61歳+62歳+63歳+64歳+65歳+66歳+67歳+68歳+69歳+70歳+71歳+72歳+73歳+74歳+75歳+76歳+77歳+78歳+79歳+80歳+81歳+82歳+83歳+84歳+85歳+86歳+87歳+88歳+89歳+90歳+91歳+92歳+93歳+94歳+95歳+96歳+97歳+98歳+99歳+100歳以上,千人,確定値・各歳,60歳以上,19.72,人口動態統計（日本における日本人）,2026-09-07T18:03:19+00:00
vital_suicide_by_age_sex_rate,2016,総数,不詳,60,不詳,,126933000,総数,千人,確定値・各歳,総人口（年齢不詳のため）,0.05,人口動態統計（日本における日本人）,2026-09-07T18:03:19+00:00
vital_suicide_by_age_sex_rate,2017,男,合計,14336,総数,,61655000,総数,千人,確定値・各歳,合計,23.25,人口動態統計（日本における日本人）,2026-09-07T18:03:19+00:00
vital_suicide_by_age_sex_rate,2017,男,0-19歳,396,0～4歳+5～9歳+10～14歳+15～19歳,0～4歳+5～9歳,11063000,0歳+1歳+2歳+3歳+4歳+5歳+6歳+7歳+8歳+9歳+10歳+11歳+12歳+13歳+14歳+15歳+16歳+17歳+18歳+19歳,千人,確定値・各歳,0-19歳,3.58,人口動態統計（日本における日本人）,2026-09-07T18:03:19+00:00
vital_suicide_by_age_sex_rate,2017,男,20-29歳,1528,20～24歳+25～29歳,,6426000,20歳+21歳+22歳+23歳+24歳+25歳+26歳+27歳+28歳+29歳,千人,確定値・各歳,20-29歳,23.78,人口動態統計（日本における日本人）,2026-09-07T18:03:19+00:00
vital_suicide_by_age_sex_rate,2017,男,30-39歳,1978,30～34歳+35～39歳,,7612000,30歳+31歳+32歳+33歳+34歳+35歳+36歳+37歳+38歳+39歳,千人,確定値・各歳,30-39歳,25.99,人口動態統計（日本における日本人）,2026-09-07T18:03:19+00:00
vital_suicide_by_age_sex_rate,2017,男,40-49歳,2581,40～44歳+45～49歳,,9561000,40歳+41歳+42歳+43歳+44歳+45歳+46歳+47歳+48歳+49歳,千人,確定値・各歳,40-49歳,27.00,人口動態統計（日本における日本人）,2026-09-07T18:03:19+00:00
vital_suicide_by_age_sex_rate,2017,男,50-59歳,2523,50～54歳+55～59歳,,7885000,50歳+51歳+52歳+53歳+54歳+55歳+56歳+57歳+58歳+59歳,千人,確定値・各歳,50-59歳,32.00,人口動態統計（日本における日本人）,2026-09-07T18:03:19+00:00
vital_suicide_by_age_sex_rate,2017,男,60歳以上,5288,60～64歳+65～69歳+70～74歳+75～79歳+80～84歳+85～89歳+90～94歳+95～99歳+100歳以上,,19108000,60歳+61歳+62歳+63歳+64歳+65歳+66歳+67歳+68歳+69歳+70歳+71歳+72歳+73歳+74歳+75歳+76歳+77歳+78歳+79歳+80歳+81歳+82歳+83歳+84歳+85歳+86歳+87歳+88歳+89歳+90歳+91歳+92歳+93歳+94歳+95歳+96歳+97歳+98歳+99歳+100歳以上,千人,確定値・各歳,60歳以上,27.67,人口動態統計（日本における日本人）,2026-09-07T18:03:19+00:00
vital_suicide_by_age_sex_rate,2017,男,不詳,42,不詳,,61655000,総数,千人,確定値・各歳,総人口（年齢不詳のため）,0.07,人口動態統計（日本における日本人）,2026-09-07T18:03:19+00:00
vital_suicide_by_age_sex_rate,2017,女,合計,6132,総数,,65051000,総数,千人,確定値・各歳,合計,9.43,人口動態統計（日本における日本人）,2026-09-07T18:03:19+00:00
vital_suicide_by_age_sex_rate,2017,女,0-19歳,164,0～4歳+5～9歳+10～14歳+15～19歳,0～4歳+5～9歳,10528000,0歳+1歳+2歳+3歳+4歳+5歳+6歳+7歳+8歳+9歳+10歳+11歳+12歳+13歳+14歳+15歳+16歳+17歳+18歳+19歳,千人,確定値・各歳,0-19歳,1.56,人口動態統計（日本における日本人）,2026-09-07T18:03:19+00:00
vital_suicide_by_age_sex_rate,2017,女,20-29歳,576,20～24歳+25～29歳,,6092000,20歳+21歳+22歳+23歳+24歳+25歳+26歳+27歳+28歳+29歳,千人,確定値・各歳,20-29歳,9.46,人口動態統計（日本における日本人）,2026-09-07T18:03:19+00:00
vital_suicide_by_age_sex_rate,2017,女,30-39歳,669,30～34歳+35～39歳,,7384000,30歳+31歳+32歳+33歳+34歳+35歳+36歳+37歳+38歳+39歳,千人,確定値・各歳,30-39歳,9.06,人口動態統計（日本における日本人）,2026-09-07T18:03:19+00:00
vital_suicide_by_age_sex_rate,2017,女,40-49歳,920,40～44歳+45～49歳,,9340000,40歳+41歳+42歳+43歳+44歳+45歳+46歳+47歳+48歳+49歳,千人,確定値・各歳,40-49歳,9.85,人口動態統計（日本における日本人）,2026-09-07T18:03:19+00:00
vital_suicide_by_age_sex_rate,2017,女,50-59歳,950,50～54歳+55～59歳,,7863000,50歳+51歳+52歳+53歳+54歳+55歳+56歳+57歳+58歳+59歳,千人,確定値・各歳,50-59歳,12.08,人口動態統計（日本における日本人）,2026-09-07T18:03:19+00:00
vital_suicide_by_age_sex_rate,2017,女,60歳以上,2847,60～64歳+65～69歳+70～74歳+75～79歳+80～84歳+85～89歳+90～94歳+95～99歳+100歳以上,,23849000,60歳+61歳+62歳+63歳+64歳+65歳+66歳+67歳+68歳+69歳+70歳+71歳+72歳+73歳+74歳+75歳+76歳+77歳+78歳+79歳+80歳+81歳+82歳+83歳+84歳+85歳+86歳+87歳+88歳+89歳+90歳+91歳+92歳+93歳+94歳+95歳+96歳+97歳+98歳+99歳+100歳以上,千人,確定値・各歳,60歳以上,11.94,人口動態統計（日本における日本人）,2026-09-07T18:03:19+00:00
vital_suicide_by_age_sex_rate,2017,女,不詳,6,不詳,,65051000,総数,千人,確定値・各歳,総人口（年齢不詳のため）,0.01,人口動態統計（日本における日本人）,2026-09-07T18:03:19+00:00
vital_suicide_by_age_sex_rate,2017,総数,合計,20468,総数,,126706000,総数,千人,確定値・各歳,合計,16.15,人口動態統計（日本における日本人）,2026-09-07T18:03:19+00:00
vital_suicide_by_age_sex_rate,2017,総数,0-19歳,560,0～4歳+5～9歳+10～14歳+15～19歳,0～4歳+5～9歳,21587000,0歳+1歳+2歳+3歳+4歳+5歳+6歳+7歳+8歳+9歳+10歳+11歳+12歳+13歳+14歳+15歳+16歳+17歳+18歳+19歳,千人,確定値・各歳,0-19歳,2.59,人口動態統計（日本における日本人）,2026-09-07T18:03:19+00:00
vital_suicide_by_age_sex_rate,2017,総数,20-29歳,2104,20～24歳+25～29歳,,12518000,20歳+21歳+22歳+23歳+24歳+25歳+26歳+27歳+28歳+29歳,千人,確定値・各歳,20-29歳,16.81,人口動態統計（日本における日本人）,2026-09-07T18:03:19+00:00
vital_suicide_by_age_sex_rate,2017,総数,30-39歳,2647,30～34歳+35～39歳,,14996000,30歳+31歳+32歳+33歳+34歳+35歳+36歳+37歳+38歳+39歳,千人,確定値・各歳,30-39歳,17.65,人口動態統計（日本における日本人）,2026-09-07T18:03:19+00:00
vital_suicide_by_age_sex_rate,2017,総数,40-49歳,3501,40～44歳+45～49歳,,18900000,40歳+41歳+42歳+43歳+44歳+45歳+46歳+47歳+48歳+49歳,千人,確定値・各歳,40-49歳,18.52,人口動態統計（日本における日本人）,2026-09-07T18:03:19+00:00
vital_suicide_by_age_sex_rate,2017,総数,50-59歳,3473,50～54歳+55～59歳,,15749000,50歳+51歳+52歳+53歳+54歳+55歳+56歳+57歳+58歳+59歳,千人,確定値・各歳,50-59歳,22.05,人口動態統計（日本における日本人）,2026-09-07T18:03:19+00:00
vital_suicide_by_age_sex_rate,2017,総数,60歳以上,8135,60～64歳+65～69歳+70～74歳+75～79歳+80～84歳+85～89歳+90～94歳+95～99歳+100歳以上,,42956000,60歳+61歳+62歳+63歳+64歳+65歳+66歳+67歳+68歳+69歳+70歳+71歳+72歳+73歳+74歳+75歳+76歳+77歳+78歳+79歳+80歳+81歳+82歳+83歳+84歳+85歳+86歳+87歳+88歳+89歳+90歳+91歳+92歳+93歳+94歳+95歳+96歳+97歳+98歳+99歳+100歳以上,千人,確定値・各歳,60歳以上,18.94,人口動態統計（日本における日本人）,2026-09-07T18:03:19+00:00
vital_suicide_by_age_sex_rate,2017,総数,不詳,48,不詳,,126706000,総数,千人,確定値・各歳,総人口（年齢不詳のため）,0.04,人口動態統計（日本における日本人）,2026-09-07T18:03:19+00:00
vital_suicide_by_age_sex_rate,2018,男,合計,13851,総数,,61532000,総数,千人,確定値・各歳,合計,22.51,人口動態統計（日本における日本人）,2026-09-07T18:03:19+00:00
vital_suicide_by_age_sex_rate,2018,男,0-19歳,373,0～4歳+5～9歳+10～14歳+15～19歳,0～4歳+5～9歳,10925000,0歳+1歳+2歳+3歳+4歳+5歳+6歳+7歳+8歳+9歳+10歳+11歳+12歳+13歳+14歳+15歳+16歳+17歳+18歳+19歳,千人,確定値・各歳,0-19歳,3.41,人口動態統計（日本における日本人）,2026-09-07T18:03:19+00:00
vital_suicide_by_age_sex_rate,2018,男,20-29歳,1503,20～24歳+25～29歳,,6459000,20歳+21歳+22歳+23歳+24歳+25歳+26歳+27歳+28歳+29歳,千人,確定値・各歳,20-29歳,23.27,人口動態統計（日本における日本人）,2026-09-07T18:03:19+00:00
vital_suicide_by_age_sex_rate,2018,男,30-39歳,1886,30～34歳+35～39歳,,7432000,30歳+31歳+32歳+33歳+34歳+35歳+36歳+37歳+38歳+39歳,千人,確定値・各歳,30-39歳,25.38,人口動態統計（日本における日本人）,2026-09-07T18:03:19+00:00
vital_suicide_by_age_sex_rate,2018,男,40-49歳,2427,40～44歳+45～49歳,,9492000,40歳+41歳+42歳+43歳+44歳+45歳+46歳+47歳+48歳+49歳,千人,確定値・各歳,40-49歳,25.57,人口動態統計（日本における日本人）,2026-09-07T18:03:19+00:00
vital_suicide_by_age_sex_rate,2018,男,50-59歳,2461,50～54歳+55～59歳,,8022000,50歳+51歳+52歳+53歳+54歳+55歳+56歳+57歳+58歳+59歳,千人,確定値・各歳,50-59歳,30.68,人口動態統計（日本における日本人）,2026-09-07T18:03:19+00:00
vital_suicide_by_age_sex_rate,2018,男,60歳以上,5158,60～64歳+65～69歳+70～74歳+75～79歳+80～84歳+85～89歳+90～94歳+95～99歳+100歳以上,,19199000,60歳+61歳+62歳+63歳+64歳+65歳+66歳+67歳+68歳+69歳+70歳+71歳+72歳+73歳+74歳+75歳+76歳+77歳+78歳+79歳+80歳+81歳+82歳+83歳+84歳+85歳+86歳+87歳+88歳+89歳+90歳+91歳+92歳+93歳+94歳+95歳+96歳+97歳+98歳+99歳+100歳以上,千人,確定値・各歳,60歳以上,26.87,人口動態統計（日本における日本人）,2026-09-07T18:03:19+00:00
vital_suicide_by_age_sex_rate,2018,男,不詳,43,不詳,,61532000,総数,千人,確定値・各歳,総人口（年齢不詳のため）,0.07,人口動態統計（日本における日本人）,2026-09-07T18:03:19+00:00
vital_suicide_by_age_sex_rate,2018,女,合計,6180,総数,,64911000,総数,千人,確定値・各歳,合計,9.52,人口動態統計（日本における日本人）,2026-09-07T18:03:19+00:00
vital_suicide_by_age_sex_rate,2018,女,0-19歳,229,0～4歳+5～9歳+10～14歳+15～19歳,0～4歳+5～9歳,10397000,0歳+1歳+2歳+3歳+4歳+5歳+6歳+7歳+8歳+9歳+10歳+11歳+12歳+13歳+14歳+15歳+16歳+17歳+18歳+19歳,千人,確定値・各歳,0-19歳,2.20,人口動態統計（日本における日本人）,2026-09-07T18:03:19+00:00
vital_suicide_by_age_sex_rate,2018,女,20-29歳,601,20～24歳+25～29歳,,6094000,20歳+21歳+22歳+23歳+24歳+25歳+26歳+27歳+28歳+29歳,千人,確定値・各歳,20-29歳,9.86,人口動態統計（日本における日本人）,2026-09-07T18:03:19+00:00
vital_suicide_by_age_sex_rate,2018,女,30-39歳,637,30～34歳+35～39歳,,7197000,30歳+31歳+32歳+33歳+34歳+35歳+36歳+37歳+38歳+39歳,千人,確定値・各歳,30-39歳,8.85,人口動態統計（日本における日本人）,2026-09-07T18:03:19+00:00
vital_suicide_by_age_sex_rate,2018,女,40-49歳,963,40～44歳+45～49歳,,9266000,40歳+41歳+42歳+43歳+44歳+45歳+46歳+47歳+48歳+49歳,千人,確定値・各歳,40-49歳,10.39,人口動態統計（日本における日本人）,2026-09-07T18:03:19+00:00
vital_suicide_by_age_sex_rate,2018,女,50-59歳,954,50～54歳+55～59歳,,7990000,50歳+51歳+52歳+53歳+54歳+55歳+56歳+57歳+58歳+59歳,千人,確定値・各歳,50-59歳,11.94,人口動態統計（日本における日本人）,2026-09-07T18:03:19+00:00
vital_suicide_by_age_sex_rate,2018,女,60歳以上,2792,60～64歳+65～69歳+70～74歳+75～79歳+80～84歳+85～89歳+90～94歳+95～99歳+100歳以上,,23967000,60歳+61歳+62歳+63歳+64歳+65歳+66歳+67歳+68歳+69歳+70歳+71歳+72歳+73歳+74歳+75歳+76歳+77歳+78歳+79歳+80歳+81歳+82歳+83歳+84歳+85歳+86歳+87歳+88歳+89歳+90歳+91歳+92歳+93歳+94歳+95歳+96歳+97歳+98歳+99歳+100歳以上,千人,確定値・各歳,60歳以上,11.65,人口動態統計（日本における日本人）,2026-09-07T18:03:19+00:00
vital_suicide_by_age_sex_rate,2018,女,不詳,4,不詳,,64911000,総数,千人,確定値・各歳,総人口（年齢不詳のため）,0.01,人口動態統計（日本における日本人）,2026-09-07T18:03:19+00:00
vital_suicide_by_age_sex_rate,2018,総数,合計,20031,総数,,126443000,総数,千人,確定値・各歳,合計,15.84,人口動態統計（日本における日本人）,2026-09-07T18:03:19+00:00
vital_suicide_by_age_sex_rate,2018,総数,0-19歳,602,0～4歳+5～9歳+10～14歳+15～19歳,0～4歳+5～9歳,21324000,0歳+1歳+2歳+3歳+4歳+5歳+6歳+7歳+8歳+9歳+10歳+11歳+12歳+13歳+14歳+15歳+16歳+17歳+18歳+19歳,千人,確定値・各歳,0-19歳,2.82,人口動態統計（日本における日本人）,2026-09-07T18:03:19+00:00
vital_suicide_by_age_sex_rate,2018,総数,20-29歳,2104,20～24歳+25～29歳,,12552000,20歳+21歳+22歳+23歳+24歳+25歳+26歳+27歳+28歳+29歳,千人,確定値・各歳,20-29歳,16.76,人口動態統計（日本における日本人）,2026-09-07T18:03:19+00:00
vital_suicide_by_age_sex_rate,2018,総数,30-39歳,2523,30～34歳+35～39歳,,14629000,30歳+31歳+32歳+33歳+34歳+35歳+36歳+37歳+38歳+39歳,千人,確定値・各歳,30-39歳,17.25,人口動態統計（日本における日本人）,2026-09-07T18:03:19+00:00
vital_suicide_by_age_sex_rate,2018,総数,40-49歳,3390,40～44歳+45～49歳,,18760000,40歳+41歳+42歳+43歳+44歳+45歳+46歳+47歳+48歳+49歳,千人,確定値・各歳,40-49歳,18.07,人口動態統計（日本における日本人）,2026-09-07T18:03:19+00:00
vital_suicide_by_age_sex_rate,2018,総数,50-59歳,3415,50～54歳+55～59歳,,16010000,50歳+51歳+52歳+53歳+54歳+55歳+56歳+57歳+58歳+59歳,千人,確定値・各歳,50-59歳,21.33,人口動態統計（日本における日本人）,2026-09-07T18:03:19+00:00
vital_suicide_by_age_sex_rate,2018,総数,60歳以上,7950,60～64歳+65～69歳+70～74歳+75～79歳+80～84歳+85～89歳+90～94歳+95～99歳+100歳以上,,43172000,60歳+61歳+62歳+63歳+64歳+65歳+66歳+67歳+68歳+69歳+70歳+71歳+72歳+73歳+74歳+75歳+76歳+77歳+78歳+79歳+80歳+81歳+82歳+83歳+84歳+85歳+86歳+87歳+88歳+89歳+90歳+91歳+92歳+93歳+94歳+95歳+96歳+97歳+98歳+99歳+100歳以上,千人,確定値・各歳,60歳以上,18.41,人口動態統計（日本における日本人）,2026-09-07T18:03:19+00:00
vital_suicide_by_age_sex_rate,2018,総数,不詳,47,不詳,,126443000,総数,千人,確定値・各歳,総人口（年齢不詳のため）,0.04,人口動態統計（日本における日本人）,2026-09-07T18:03:19+00:00
vital_suicide_by_age_sex_rate,2019,男,合計,13668,総数,,61411000,総数,千人,確定値・各歳,合計,22.26,人口動態統計（日本における日本人）,2026-09-07T18:03:19+00:00
vital_suicide_by_age_sex_rate,2019,男,0-19歳,432,0～4歳+5～9歳+10～14歳+15～19歳,0～4歳+5～9歳,10774000,0歳+1歳+2歳+3歳+4歳+5歳+6歳+7歳+8歳+9歳+10歳+11歳+12歳+13歳+14歳+15歳+16歳+17歳+18歳+19歳,千人,確定値・各歳,0-19歳,4.01,人口動態統計（日本における日本人）,2026-09-07T18:03:19+00:00
vital_suicide_by_age_sex_rate,2019,男,20-29歳,1431,20～24歳+25～29歳,,6516000,20歳+21歳+22歳+23歳+24歳+25歳+26歳+27歳+28歳+29歳,千人,確定値・各歳,20-29歳,21.96,人口動態統計（日本における日本人）,2026-09-07T18:03:19+00:00
vital_suicide_by_age_sex_rate,2019,男,30-39歳,1826,30～34歳+35～39歳,,7275000,30歳+31歳+32歳+33歳+34歳+35歳+36歳+37歳+38歳+39歳,千人,確定値・各歳,30-39歳,25.10,人口動態統計（日本における日本人）,2026-09-07T18:03:19+00:00
vital_suicide_by_age_sex_rate,2019,男,40-49歳,2446,40～44歳+45～49歳,,9373000,40歳+41歳+42歳+43歳+44歳+45歳+46歳+47歳+48歳+49歳,千人,確定値・各歳,40-49歳,26.10,人口動態統計（日本における日本人）,2026-09-07T18:03:19+00:00
vital_suicide_by_age_sex_rate,2019,男,50-59歳,2427,50～54歳+55～59歳,,8160000,50歳+51歳+52歳+53歳+54歳+55歳+56歳+57歳+58歳+59歳,千人,確定値・各歳,50-59歳,29.74,人口動態統計（日本における日本人）,2026-09-07T18:03:19+00:00
vital_suicide_by_age_sex_rate,2019,男,60歳以上,5075,60～64歳+65～69歳+70～74歳+75～79歳+80～84歳+85～89歳+90～94歳+95～99歳+100歳以上,100歳以上,19311000,60歳+61歳+62歳+63歳+64歳+65歳+66歳+67歳+68歳+69歳+70歳+71歳+72歳+73歳+74歳+75歳+76歳+77歳+78歳+79歳+80歳+81歳+82歳+83歳+84歳+85歳+86歳+87歳+88歳+89歳+90歳+91歳+92歳+93歳+94歳+95歳+96歳+97歳+98歳+99歳+100歳以上,千人,確定値・各歳,60歳以上,26.28,人口動態統計（日本における日本人）,2026-09-07T18:03:19+00:00
vital_suicide_by_age_sex_rate,2019,男,不詳,31,不詳,,61411000,総数,千人,確定値・各歳,総人口（年齢不詳のため）,0.05,人口動態統計（日本における日本人）,2026-09-07T18:03:19+00:00
vital_suicide_by_age_sex_rate,2019,女,合計,5757,総数,,64756000,総数,千人,確定値・各歳,合計,8.89,人口動態統計（日本における日本人）,2026-09-07T18:03:19+00:00
vital_suicide_by_age_sex_rate,2019,女,0-19歳,221,0～4歳+5～9歳+10～14歳+15～19歳,0～4歳+5～9歳,10256000,0歳+1歳+2歳+3歳+4歳+5歳+6歳+7歳+8歳+9歳+10歳+11歳+12歳+13歳+14歳+15歳+16歳+17歳+18歳+19歳,千人,確定値・各歳,0-19歳,2.15,人口動態統計（日本における日本人）,2026-09-07T18:03:19+00:00
vital_suicide_by_age_sex_rate,2019,女,20-29歳,598,20～24歳+25～29歳,,6113000,20歳+21歳+22歳+23歳+24歳+25歳+26歳+27歳+28歳+29歳,千人,確定値・各歳,20-29歳,9.78,人口動態統計（日本における日本人）,2026-09-07T18:03:19+00:00
vital_suicide_by_age_sex_rate,2019,女,30-39歳,606,30～34歳+35～39歳,,7028000,30歳+31歳+32歳+33歳+34歳+35歳+36歳+37歳+38歳+39歳,千人,確定値・各歳,30-39歳,8.62,人口動態統計（日本における日本人）,2026-09-07T18:03:19+00:00
vital_suicide_by_age_sex_rate,2019,女,40-49歳,877,40～44歳+45～49歳,,9147000,40歳+41歳+42歳+43歳+44歳+45歳+46歳+47歳+48歳+49歳,千人,確定値・各歳,40-49歳,9.59,人口動態統計（日本における日本人）,2026-09-07T18:03:19+00:00
vital_suicide_by_age_sex_rate,2019,女,50-59歳,883,50～54歳+55～59歳,,8118000,50歳+51歳+52歳+53歳+54歳+55歳+56歳+57歳+58歳+59歳,千人,確定値・各歳,50-59歳,10.88,人口動態統計（日本における日本人）,2026-09-07T18:03:19+00:00
vital_suicide_by_age_sex_rate,2019,女,60歳以上,2567,60～64歳+65～69歳+70～74歳+75～79歳+80～84歳+85～89歳+90～94歳+95～99歳+100歳以上,,24093000,60歳+61歳+62歳+63歳+64歳+65歳+66歳+67歳+68歳+69歳+70歳+71歳+72歳+73歳+74歳+75歳+76歳+77歳+78歳+79歳+80歳+81歳+82歳+83歳+84歳+85歳+86歳+87歳+88歳+89歳+90歳+91歳+92歳+93歳+94歳+95歳+96歳+97歳+98歳+99歳+100歳以上,千人,確定値・各歳,60歳以上,10.65,人口動態統計（日本における日本人）,2026-09-07T18:03:19+00:00
vital_suicide_by_age_sex_rate,2019,女,不詳,5,不詳,,64756000,総数,千人,確定値・各歳,総人口（年齢不詳のため）,0.01,人口動態統計（日本における日本人）,2026-09-07T18:03:19+00:00
vital_suicide_by_age_sex_rate,2019,総数,合計,19425,総数,,126167000,総数,千人,確定値・各歳,合計,15.40,人口動態統計（日本における日本人）,2026-09-07T18:03:19+00:00
vital_suicide_by_age_sex_rate,2019,総数,0-19歳,653,0～4歳+5～9歳+10～14歳+15～19歳,0～4歳+5～9歳,21030000,0歳+1歳+2歳+3歳+4歳+5歳+6歳+7歳+8歳+9歳+10歳+11歳+12歳+13歳+14歳+15歳+16歳+17歳+18歳+19歳,千人,確定値・各歳,0-19歳,3.11,人口動態統計（日本における日本人）,2026-09-07T18:03:19+00:00
vital_suicide_by_age_sex_rate,2019,総数,20-29歳,2029,20～24歳+25～29歳,,12627000,20歳+21歳+22歳+23歳+24歳+25歳+26歳+27歳+28歳+29歳,千人,確定値・各歳,20-29歳,16.07,人口動態統計（日本における日本人）,2026-09-07T18:03:19+00:00
vital_suicide_by_age_sex_rate,2019,総数,30-39歳,2432,30～34歳+35～39歳,,14302000,30歳+31歳+32歳+33歳+34歳+35歳+36歳+37歳+38歳+39歳,千人,確定値・各歳,30-39歳,17.00,人口動態統計（日本における日本人）,2026-09-07T18:03:19+00:00
vital_suicide_by_age_sex_rate,2019,総数,40-49歳,3323,40～44歳+45～49歳,,18519000,40歳+41歳+42歳+43歳+44歳+45歳+46歳+47歳+48歳+49歳,千人,確定値・各歳,40-49歳,17.94,人口動態統計（日本における日本人）,2026-09-07T18:03:19+00:00
vital_suicide_by_age_sex_rate,2019,総数,50-59歳,3310,50～54歳+55～59歳,,16278000,50歳+51歳+52歳+53歳+54歳+55歳+56歳+57歳+58歳+59歳,千人,確定値・各歳,50-59歳,20.33,人口動態統計（日本における日本人）,2026-09-07T18:03:19+00:00
vital_suicide_by_age_sex_rate,2019,総数,60歳以上,7642,60～64歳+65～69歳+70～74歳+75～79歳+80～84歳+85～89歳+90～94歳+95～99歳+100歳以上,,43408000,60歳+61歳+62歳+63歳+64歳+65歳+66歳+67歳+68歳+69歳+70歳+71歳+72歳+73歳+74歳+75歳+76歳+77歳+78歳+79歳+80歳+81歳+82歳+83歳+84歳+85歳+86歳+87歳+88歳+89歳+90歳+91歳+92歳+93歳+94歳+95歳+96歳+97歳+98歳+99歳+100歳以上,千人,確定値・各歳,60歳以上,17.61,人口動態統計（日本における日本人）,2026-09-07T18:03:19+00:00
vital_suicide_by_age_sex_rate,2019,総数,不詳,36,不詳,,126167000,総数,千人,確定値・各歳,総人口（年齢不詳のため）,0.03,人口動態統計（日本における日本人）,2026-09-07T18:03:19+00:00
vital_suicide_by_age_sex_rate,2020,男,合計,13588,総数,,61350000,総数,千人,確定値・各歳,合計,22.15,人口動態統計（日本における日本人）,2026-09-07T18:03:19+00:00
vital_suicide_by_age_sex_rate,2020,男,0-19歳,461,0～4歳+5～9歳+10～14歳+15～19歳,0～4歳+5～9歳,10628000,0歳+1歳+2歳+3歳+4歳+5歳+6歳+7歳+8歳+9歳+10歳+11歳+12歳+13歳+14歳+15歳+16歳+17歳+18歳+19歳,千人,確定値・各歳,0-19歳,4.34,人口動態統計（日本における日本人）,2026-09-07T18:03:19+00:00
vital_suicide_by_age_sex_rate,2020,男,20-29歳,1616,20～24歳+25～29歳,,6513000,20歳+21歳+22歳+23歳+24歳+25歳+26歳+27歳+28歳+29歳,千人,確定値・各歳,20-29歳,24.81,人口動態統計（日本における日本人）,2026-09-07T18:03:19+00:00
vital_suicide_by_age_sex_rate,2020,男,30-39歳,1793,30～34歳+35～39歳,,7237000,30歳+31歳+32歳+33歳+34歳+35歳+36歳+37歳+38歳+39歳,千人,確定値・各歳,30-39歳,24.78,人口動態統計（日本における日本人）,2026-09-07T18:03:19+00:00
vital_suicide_by_age_sex_rate,2020,男,40-49歳,2392,40～44歳+45～49歳,,9291000,40歳+41歳+42歳+43歳+44歳+45歳+46歳+47歳+48歳+49歳,千人,確定値・各歳,40-49歳,25.75,人口動態統計（日本における日本人）,2026-09-07T18:03:19+00:00
vital_suicide_by_age_sex_rate,2020,男,50-59歳,2307,50～54歳+55～59歳,,8362000,50歳+51歳+52歳+53歳+54歳+55歳+56歳+57歳+58歳+59歳,千人,確定値・各歳,50-59歳,27.59,人口動態統計（日本における日本人）,2026-09-07T18:03:19+00:00
vital_suicide_by_age_sex_rate,2020,男,60歳以上,4983,60～64歳+65～69歳+70～74歳+75～79歳+80～84歳+85～89歳+90～94歳+95～99歳+100歳以上,,19317000,60歳+61歳+62歳+63歳+64歳+65歳+66歳+67歳+68歳+69歳+70歳+71歳+72歳+73歳+74歳+75歳+76歳+77歳+78歳+79歳+80歳+81歳+82歳+83歳+84歳+85歳+86歳+87歳+88歳+89歳+90歳+91歳+92歳+93歳+94歳+95歳+96歳+97歳+98歳+99歳+100歳以上,千人,確定値・各歳,60歳以上,25.80,人口動態統計（日本における日本人）,2026-09-07T18:03:19+00:00
vital_suicide_by_age_sex_rate,2020,男,不詳,36,不詳,,61350000,総数,千人,確定値・各歳,総人口（年齢不詳のため）,0.06,人口動態統計（日本における日本人）,2026-09-07T18:03:19+00:00
vital_suicide_by_age_sex_rate,2020,女,合計,6655,総数,,64797000,総数,千人,確定値・各歳,合計,10.27,人口動態統計（日本における日本人）,2026-09-07T18:03:19+00:00
vital_suicide_by_age_sex_rate,2020,女,0-19歳,302,0～4歳+5～9歳+10～14歳+15～19歳,0～4歳+5～9歳,10113000,0歳+1歳+2歳+3歳+4歳+5歳+6歳+7歳+8歳+9歳+10歳+11歳+12歳+13歳+14歳+15歳+16歳+17歳+18歳+19歳,千人,確定値・各歳,0-19歳,2.99,人口動態統計（日本における日本人）,2026-09-07T18:03:19+00:00
vital_suicide_by_age_sex_rate,2020,女,20-29歳,799,20～24歳+25～29歳,,6193000,20歳+21歳+22歳+23歳+24歳+25歳+26歳+27歳+28歳+29歳,千人,確定値・各歳,20-29歳,12.90,人口動態統計（日本における日本人）,2026-09-07T18:03:19+00:00
vital_suicide_by_age_sex_rate,2020,女,30-39歳,722,30～34歳+35～39歳,,6976000,30歳+31歳+32歳+33歳+34歳+35歳+36歳+37歳+38歳+39歳,千人,確定値・各歳,30-39歳,10.35,人口動態統計（日本における日本人）,2026-09-07T18:03:19+00:00
vital_suicide_by_age_sex_rate,2020,女,40-49歳,1030,40～44歳+45～49歳,,9051000,40歳+41歳+42歳+43歳+44歳+45歳+46歳+47歳+48歳+49歳,千人,確定値・各歳,40-49歳,11.38,人口動態統計（日本における日本人）,2026-09-07T18:03:19+00:00
vital_suicide_by_age_sex_rate,2020,女,50-59歳,1014,50～54歳+55～59歳,,8318000,50歳+51歳+52歳+53歳+54歳+55歳+56歳+57歳+58歳+59歳,千人,確定値・各歳,50-59歳,12.19,人口動態統計（日本における日本人）,2026-09-07T18:03:19+00:00
vital_suicide_by_age_sex_rate,2020,女,60歳以上,2784,60～64歳+65～69歳+70～74歳+75～79歳+80～84歳+85～89歳+90～94歳+95～99歳+100歳以上,,24154000,60歳+61歳+62歳+63歳+64歳+65歳+66歳+67歳+68歳+69歳+70歳+71歳+72歳+73歳+74歳+75歳+76歳+77歳+78歳+79歳+80歳+81歳+82歳+83歳+84歳+85歳+86歳+87歳+88歳+89歳+90歳+91歳+92歳+93歳+94歳+95歳+96歳+97歳+98歳+99歳+100歳以上,千人,確定値・各歳,60歳以上,11.53,人口動態統計（日本における日本人）,2026-09-07T18:03:19+00:00
vital_suicide_by_age_sex_rate,2020,女,不詳,4,不詳,,64797000,総数,千人,確定値・各歳,総人口（年齢不詳のため）,0.01,人口動態統計（日本における日本人）,2026-09-07T18:03:19+00:00
vital_suicide_by_age_sex_rate,2020,総数,合計,20243,総数,,126146000,総数,千人,確定値・各歳,合計,16.05,人口動態統計（日本における日本人）,2026-09-07T18:03:19+00:00
vital_suicide_by_age_sex_rate,2020,総数,0-19歳,763,0～4歳+5～9歳+10～14歳+15～19歳,0～4歳+5～9歳,20739000,0歳+1歳+2歳+3歳+4歳+5歳+6歳+7歳+8歳+9歳+10歳+11歳+12歳+13歳+14歳+15歳+16歳+17歳+18歳+19歳,千人,確定値・各歳,0-19歳,3.68,人口動態統計（日本における日本人）,2026-09-07T18:03:19+00:00
vital_suicide_by_age_sex_rate,2020,総数,20-29歳,2415,20～24歳+25～29歳,,12703000,20歳+21歳+22歳+23歳+24歳+25歳+26歳+27歳+28歳+29歳,千人,確定値・各歳,20-29歳,19.01,人口動態統計（日本における日本人）,2026-09-07T18:03:19+00:00
vital_suicide_by_age_sex_rate,2020,総数,30-39歳,2515,30～34歳+35～39歳,,14213000,30歳+31歳+32歳+33歳+34歳+35歳+36歳+37歳+38歳+39歳,千人,確定値・各歳,30-39歳,17.70,人口動態統計（日本における日本人）,2026-09-07T18:03:19+00:00
vital_suicide_by_age_sex_rate,2020,総数,40-49歳,3422,40～44歳+45～49歳,,18345000,40歳+41歳+42歳+43歳+44歳+45歳+46歳+47歳+48歳+49歳,千人,確定値・各歳,40-49歳,18.65,人口動態統計（日本における日本人）,2026-09-07T18:03:19+00:00
vital_suicide_by_age_sex_rate,2020,総数,50-59歳,3321,50～54歳+55～59歳,,16677000,50歳+51歳+52歳+53歳+54歳+55歳+56歳+57歳+58歳+59歳,千人,確定値・各歳,50-59歳,19.91,人口動態統計（日本における日本人）,2026-09-07T18:03:19+00:00
vital_suicide_by_age_sex_rate,2020,総数,60歳以上,7767,60～64歳+65～69歳+70～74歳+75～79歳+80～84歳+85～89歳+90～94歳+95～99歳+100歳以上,,43469000,60歳+61歳+62歳+63歳+64歳+65歳+66歳+67歳+68歳+69歳+70歳+71歳+72歳+73歳+74歳+75歳+76歳+77歳+78歳+79歳+80歳+81歳+82歳+83歳+84歳+85歳+86歳+87歳+88歳+89歳+90歳+91歳+92歳+93歳+94歳+95歳+96歳+97歳+98歳+99歳+100歳以上,千人,確定値・各歳,60歳以上,17.87,人口動態統計（日本における日本人）,2026-09-07T18:03:19+00:00
vital_suicide_by_age_sex_rate,2020,総数,不詳,40,不詳,,126146000,総数,千人,確定値・各歳,総人口（年齢不詳のため）,0.03,人口動態統計（日本における日本人）,2026-09-07T18:03:19+00:00
vital_suicide_by_age_sex_rate,2021,男,合計,13508,総数,,61019000,総数,千人,確定値・各歳,合計,22.14,人口動態統計（日本における日本人）,2026-09-07T18:03:19+00:00
vital_suicide_by_age_sex_rate,2021,男,0-19歳,440,0～4歳+5～9歳+10～14歳+15～19歳,0～4歳+5～9歳,10438000,0歳+1歳+2歳+3歳+4歳+5歳+6歳+7歳+8歳+9歳+10歳+11歳+12歳+13歳+14歳+15歳+16歳+17歳+18歳+19歳,千人,確定値・各歳,0-19歳,4.22,人口動態統計（日本における日本人）,2026-09-07T18:03:19+00:00
vital_suicide_by_age_sex_rate,2021,男,20-29歳,1649,20～24歳+25～29歳,,6482000,20歳+21歳+22歳+23歳+24歳+25歳+26歳+27歳+28歳+29歳,千人,確定値・各歳,20-29歳,25.44,人口動態統計（日本における日本人）,2026-09-07T18:03:19+00:00
vital_suicide_by_age_sex_rate,2021,男,30-39歳,1753,30～34歳+35～39歳,,7086000,30歳+31歳+32歳+33歳+34歳+35歳+36歳+37歳+38歳+39歳,千人,確定値・各歳,30-39歳,24.74,人口動態統計（日本における日本人）,2026-09-07T18:03:19+00:00
vital_suicide_by_age_sex_rate,2021,男,40-49歳,2450,40～44歳+45～49歳,,9071000,40歳+41歳+42歳+43歳+44歳+45歳+46歳+47歳+48歳+49歳,千人,確定値・各歳,40-49歳,27.01,人口動態統計（日本における日本人）,2026-09-07T18:03:19+00:00
vital_suicide_by_age_sex_rate,2021,男,50-59歳,2416,50～54歳+55～59歳,,8568000,50歳+51歳+52歳+53歳+54歳+55歳+56歳+57歳+58歳+59歳,千人,確定値・各歳,50-59歳,28.20,人口動態統計（日本における日本人）,2026-09-07T18:03:19+00:00
vital_suicide_by_age_sex_rate,2021,男,60歳以上,4767,60～64歳+65～69歳+70～74歳+75～79歳+80～84歳+85～89歳+90～94歳+95～99歳+100歳以上,,19376000,60歳+61歳+62歳+63歳+64歳+65歳+66歳+67歳+68歳+69歳+70歳+71歳+72歳+73歳+74歳+75歳+76歳+77歳+78歳+79歳+80歳+81歳+82歳+83歳+84歳+85歳+86歳+87歳+88歳+89歳+90歳+91歳+92歳+93歳+94歳+95歳+96歳+97歳+98歳+99歳+100歳以上,千人,確定値・各歳,60歳以上,24.60,人口動態統計（日本における日本人）,2026-09-07T18:03:19+00:00
vital_suicide_by_age_sex_rate,2021,男,不詳,33,不詳,,61019000,総数,千人,確定値・各歳,総人口（年齢不詳のため）,0.05,人口動態統計（日本における日本人）,2026-09-07T18:03:19+00:00
vital_suicide_by_age_sex_rate,2021,女,合計,6783,総数,,64483000,総数,千人,確定値・各歳,合計,10.52,人口動態統計（日本における日本人）,2026-09-07T18:03:19+00:00
vital_suicide_by_age_sex_rate,2021,女,0-19歳,322,0～4歳+5～9歳+10～14歳+15～19歳,0～4歳,9927000,0歳+1歳+2歳+3歳+4歳+5歳+6歳+7歳+8歳+9歳+10歳+11歳+12歳+13歳+14歳+15歳+16歳+17歳+18歳+19歳,千人,確定値・各歳,0-19歳,3.24,人口動態統計（日本における日本人）,2026-09-07T18:03:19+00:00
vital_suicide_by_age_sex_rate,2021,女,20-29歳,877,20～24歳+25～29歳,,6161000,20歳+21歳+22歳+23歳+24歳+25歳+26歳+27歳+28歳+29歳,千人,確定値・各歳,20-29歳,14.23,人口動態統計（日本における日本人）,2026-09-07T18:03:19+00:00
vital_suicide_by_age_sex_rate,2021,女,30-39歳,724,30～34歳+35～39歳,,6823000,30歳+31歳+32歳+33歳+34歳+35歳+36歳+37歳+38歳+39歳,千人,確定値・各歳,30-39歳,10.61,人口動態統計（日本における日本人）,2026-09-07T18:03:19+00:00
vital_suicide_by_age_sex_rate,2021,女,40-49歳,1022,40～44歳+45～49歳,,8833000,40歳+41歳+42歳+43歳+44歳+45歳+46歳+47歳+48歳+49歳,千人,確定値・各歳,40-49歳,11.57,人口動態統計（日本における日本人）,2026-09-07T18:03:19+00:00
vital_suicide_by_age_sex_rate,2021,女,50-59歳,1081,50～54歳+55～59歳,,8511000,50歳+51歳+52歳+53歳+54歳+55歳+56歳+57歳+58歳+59歳,千人,確定値・各歳,50-59歳,12.70,人口動態統計（日本における日本人）,2026-09-07T18:03:19+00:00
vital_suicide_by_age_sex_rate,2021,女,60歳以上,2753,60～64歳+65～69歳+70～74歳+75～79歳+80～84歳+85～89歳+90～94歳+95～99歳+100歳以上,,24227000,60歳+61歳+62歳+63歳+64歳+65歳+66歳+67歳+68歳+69歳+70歳+71歳+72歳+73歳+74歳+75歳+76歳+77歳+78歳+79歳+80歳+81歳+82歳+83歳+84歳+85歳+86歳+87歳+88歳+89歳+90歳+91歳+92歳+93歳+94歳+95歳+96歳+97歳+98歳+99歳+100歳以上,千人,確定値・各歳,60歳以上,11.36,人口動態統計（日本における日本人）,2026-09-07T18:03:19+00:00
vital_suicide_by_age_sex_rate,2021,女,不詳,4,不詳,,64483000,総数,千人,確定値・各歳,総人口（年齢不詳のため）,0.01,人口動態統計（日本における日本人）,2026-09-07T18:03:19+00:00
vital_suicide_by_age_sex_rate,2021,総数,合計,20291,総数,,125502000,総数,千人,確定値・各歳,合計,16.17,人口動態統計（日本における日本人）,2026-09-07T18:03:19+00:00
vital_suicide_by_age_sex_rate,2021,総数,0-19歳,762,0～4歳+5～9歳+10～14歳+15～19歳,0～4歳,20364000,0歳+1歳+2歳+3歳+4歳+5歳+6歳+7歳+8歳+9歳+10歳+11歳+12歳+13歳+14歳+15歳+16歳+17歳+18歳+19歳,千人,確定値・各歳,0-19歳,3.74,人口動態統計（日本における日本人）,2026-09-07T18:03:19+00:00
vital_suicide_by_age_sex_rate,2021,総数,20-29歳,2526,20～24歳+25～29歳,,12643000,20歳+21歳+22歳+23歳+24歳+25歳+26歳+27歳+28歳+29歳,千人,確定値・各歳,20-29歳,19.98,人口動態統計（日本における日本人）,2026-09-07T18:03:19+00:00
vital_suicide_by_age_sex_rate,2021,総数,30-39歳,2477,30～34歳+35～39歳,,13909000,30歳+31歳+32歳+33歳+34歳+35歳+36歳+37歳+38歳+39歳,千人,確定値・各歳,30-39歳,17.81,人口動態統計（日本における日本人）,2026-09-07T18:03:19+00:00
vital_suicide_by_age_sex_rate,2021,総数,40-49歳,3472,40～44歳+45～49歳,,17903000,40歳+41歳+42歳+43歳+44歳+45歳+46歳+47歳+48歳+49歳,千人,確定値・各歳,40-49歳,19.39,人口動態統計（日本における日本人）,2026-09-07T18:03:19+00:00
vital_suicide_by_age_sex_rate,2021,総数,50-59歳,3497,50～54歳+55～59歳,,17077000,50歳+51歳+52歳+53歳+54歳+55歳+56歳+57歳+58歳+59歳,千人,確定値・各歳,50-59歳,20.48,人口動態統計（日本における日本人）,2026-09-07T18:03:19+00:00
vital_suicide_by_age_sex_rate,2021,総数,60歳以上,7520,60～64歳+65～69歳+70～74歳+75～79歳+80～84歳+85～89歳+90～94歳+95～99歳+100歳以上,,43604000,60歳+61歳+62歳+63歳+64歳+65歳+66歳+67歳+68歳+69歳+70歳+71歳+72歳+73歳+74歳+75歳+76歳+77歳+78歳+79歳+80歳+81歳+82歳+83歳+84歳+85歳+86歳+87歳+88歳+89歳+90歳+91歳+92歳+93歳+94歳+95歳+96歳+97歳+98歳+99歳+100歳以上,千人,確定値・各歳,60歳以上,17.25,人口動態統計（日本における日本人）,2026-09-07T18:03:19+00:00
vital_suicide_by_age_sex_rate,2021,総数,不詳,37,不詳,,125502000,総数,千人,確定値・各歳,総人口（年齢不詳のため）,0.03,人口動態統計（日本における日本人）,2026-09-07T18:03:19+00:00
vital_suicide_by_age_sex_rate,2022,男,合計,14362,総数,,60758000,総数,千人,確定値・各歳,合計,23.64,人口動態統計（日本における日本人）,2026-09-07T18:03:19+00:00
vital_suicide_by_age_sex_rate,2022,男,0-19歳,447,0～4歳+5～9歳+10～14歳+15～19歳,0～4歳,10259000,0歳+1歳+2歳+3歳+4歳+5歳+6歳+7歳+8歳+9歳+10歳+11歳+12歳+13歳+14歳+15歳+16歳+17歳+18歳+19歳,千人,確定値・各歳,0-19歳,4.36,人口動態統計（日本における日本人）,2026-09-07T18:03:19+00:00
vital_suicide_by_age_sex_rate,2022,男,20-29歳,1617,20～24歳+25～29歳,,6511000,20歳+21歳+22歳+23歳+24歳+25歳+26歳+27歳+28歳+29歳,千人,確定値・各歳,20-29歳,24.83,人口動態統計（日本における日本人）,2026-09-07T18:03:19+00:00
vital_suicide_by_age_sex_rate,2022,男,30-39歳,1720,30～34歳+35～39歳,,6968000,30歳+31歳+32歳+33歳+34歳+35歳+36歳+37歳+38歳+39歳,千人,確定値・各歳,30-39歳,24.68,人口動態統計（日本における日本人）,2026-09-07T18:03:19+00:00
vital_suicide_by_age_sex_rate,2022,男,40-49歳,2557,40～44歳+45～49歳,,8820000,40歳+41歳+42歳+43歳+44歳+45歳+46歳+47歳+48歳+49歳,千人,確定値・各歳,40-49歳,28.99,人口動態統計（日本における日本人）,2026-09-07T18:03:19+00:00
vital_suicide_by_age_sex_rate,2022,男,50-59歳,2776,50～54歳+55～59歳,,8792000,50歳+51歳+52歳+53歳+54歳+55歳+56歳+57歳+58歳+59歳,千人,確定値・各歳,50-59歳,31.57,人口動態統計（日本における日本人）,2026-09-07T18:03:19+00:00
vital_suicide_by_age_sex_rate,2022,男,60歳以上,5209,60～64歳+65～69歳+70～74歳+75～79歳+80～84歳+85～89歳+90～94歳+95～99歳+100歳以上,,19408000,60歳+61歳+62歳+63歳+64歳+65歳+66歳+67歳+68歳+69歳+70歳+71歳+72歳+73歳+74歳+75歳+76歳+77歳+78歳+79歳+80歳+81歳+82歳+83歳+84歳+85歳+86歳+87歳+88歳+89歳+90歳+91歳+92歳+93歳+94歳+95歳+96歳+97歳+98歳+99歳+100歳以上,千人,確定値・各歳,60歳以上,26.84,人口動態統計（日本における日本人）,2026-09-07T18:03:19+00:00
vital_suicide_by_age_sex_rate,2022,男,不詳,36,不詳,,60758000,総数,千人,確定値・各歳,総人口（年齢不詳のため）,0.06,人口動態統計（日本における日本人）,2026-09-07T18:03:19+00:00
vital_suicide_by_age_sex_rate,2022,女,合計,6890,総数,,64189000,総数,千人,確定値・各歳,合計,10.73,人口動態統計（日本における日本人）,2026-09-07T18:03:19+00:00
vital_suicide_by_age_sex_rate,2022,女,0-19歳,336,0～4歳+5～9歳+10～14歳+15～19歳,0～4歳+5～9歳,9757000,0歳+1歳+2歳+3歳+4歳+5歳+6歳+7歳+8歳+9歳+10歳+11歳+12歳+13歳+14歳+15歳+16歳+17歳+18歳+19歳,千人,確定値・各歳,0-19歳,3.44,人口動態統計（日本における日本人）,2026-09-07T18:03:19+00:00
vital_suicide_by_age_sex_rate,2022,女,20-29歳,780,20～24歳+25～29歳,,6165000,20歳+21歳+22歳+23歳+24歳+25歳+26歳+27歳+28歳+29歳,千人,確定値・各歳,20-29歳,12.65,人口動態統計（日本における日本人）,2026-09-07T18:03:19+00:00
vital_suicide_by_age_sex_rate,2022,女,30-39歳,745,30～34歳+35～39歳,,6690000,30歳+31歳+32歳+33歳+34歳+35歳+36歳+37歳+38歳+39歳,千人,確定値・各歳,30-39歳,11.14,人口動態統計（日本における日本人）,2026-09-07T18:03:19+00:00
vital_suicide_by_age_sex_rate,2022,女,40-49歳,1017,40～44歳+45～49歳,,8589000,40歳+41歳+42歳+43歳+44歳+45歳+46歳+47歳+48歳+49歳,千人,確定値・各歳,40-49歳,11.84,人口動態統計（日本における日本人）,2026-09-07T18:03:19+00:00
vital_suicide_by_age_sex_rate,2022,女,50-59歳,1194,50～54歳+55～59歳,,8719000,50歳+51歳+52歳+53歳+54歳+55歳+56歳+57歳+58歳+59歳,千人,確定値・各歳,50-59歳,13.69,人口動態統計（日本における日本人）,2026-09-07T18:03:19+00:00
vital_suicide_by_age_sex_rate,2022,女,60歳以上,2814,60～64歳+65～69歳+70～74歳+75～79歳+80～84歳+85～89歳+90～94歳+95～99歳+100歳以上,,24272000,60歳+61歳+62歳+63歳+64歳+65歳+66歳+67歳+68歳+69歳+70歳+71歳+72歳+73歳+74歳+75歳+76歳+77歳+78歳+79歳+80歳+81歳+82歳+83歳+84歳+85歳+86歳+87歳+88歳+89歳+90歳+91歳+92歳+93歳+94歳+95歳+96歳+97歳+98歳+99歳+100歳以上,千人,確定値・各歳,60歳以上,11.59,人口動態統計（日本における日本人）,2026-09-07T18:03:19+00:00
vital_suicide_by_age_sex_rate,2022,女,不詳,4,不詳,,64189000,総数,千人,確定値・各歳,総人口（年齢不詳のため）,0.01,人口動態統計（日本における日本人）,2026-09-07T18:03:19+00:00
vital_suicide_by_age_sex_rate,2022,総数,合計,21252,総数,,124947000,総数,千人,確定値・各歳,合計,17.01,人口動態統計（日本における日本人）,2026-09-07T18:03:19+00:00
vital_suicide_by_age_sex_rate,2022,総数,0-19歳,783,0～4歳+5～9歳+10～14歳+15～19歳,0～4歳,20014000,0歳+1歳+2歳+3歳+4歳+5歳+6歳+7歳+8歳+9歳+10歳+11歳+12歳+13歳+14歳+15歳+16歳+17歳+18歳+19歳,千人,確定値・各歳,0-19歳,3.91,人口動態統計（日本における日本人）,2026-09-07T18:03:19+00:00
vital_suicide_by_age_sex_rate,2022,総数,20-29歳,2397,20～24歳+25～29歳,,12677000,20歳+21歳+22歳+23歳+24歳+25歳+26歳+27歳+28歳+29歳,千人,確定値・各歳,20-29歳,18.91,人口動態統計（日本における日本人）,2026-09-07T18:03:19+00:00
vital_suicide_by_age_sex_rate,2022,総数,30-39歳,2465,30～34歳+35～39歳,,13656000,30歳+31歳+32歳+33歳+34歳+35歳+36歳+37歳+38歳+39歳,千人,確定値・各歳,30-39歳,18.05,人口動態統計（日本における日本人）,2026-09-07T18:03:19+00:00
vital_suicide_by_age_sex_rate,2022,総数,40-49歳,3574,40～44歳+45～49歳,,17409000,40歳+41歳+42歳+43歳+44歳+45歳+46歳+47歳+48歳+49歳,千人,確定値・各歳,40-49歳,20.53,人口動態統計（日本における日本人）,2026-09-07T18:03:19+00:00
vital_suicide_by_age_sex_rate,2022,総数,50-59歳,3970,50～54歳+55～59歳,,17510000,50歳+51歳+52歳+53歳+54歳+55歳+56歳+57歳+58歳+59歳,千人,確定値・各歳,50-59歳,22.67,人口動態統計（日本における日本人）,2026-09-07T18:03:19+00:00
vital_suicide_by_age_sex_rate,2022,総数,60歳以上,8023,60～64歳+65～69歳+70～74歳+75～79歳+80～84歳+85～89歳+90～94歳+95～99歳+100歳以上,,43681000,60歳+61歳+62歳+63歳+64歳+65歳+66歳+67歳+68歳+69歳+70歳+71歳+72歳+73歳+74歳+75歳+76歳+77歳+78歳+79歳+80歳+81歳+82歳+83歳+84歳+85歳+86歳+87歳+88歳+89歳+90歳+91歳+92歳+93歳+94歳+95歳+96歳+97歳+98歳+99歳+100歳以上,千人,確定値・各歳,60歳以上,18.37,人口動態統計（日本における日本人）,2026-09-07T18:03:19+00:00
vital_suicide_by_age_sex_rate,2022,総数,不詳,40,不詳,,124947000,総数,千人,確定値・各歳,総人口（年齢不詳のため）,0.03,人口動態統計（日本における日本人）,2026-09-07T18:03:19+00:00
vital_suicide_by_age_sex_rate,2023,男,合計,14388,総数,,60492000,総数,千人,確定値・各歳,合計,23.78,人口動態統計（日本における日本人）,2026-09-07T18:03:19+00:00
vital_suicide_by_age_sex_rate,2023,男,0-19歳,406,0～4歳+5～9歳+10～14歳+15～19歳,0～4歳+5～9歳,10076000,0歳+1歳+2歳+3歳+4歳+5歳+6歳+7歳+8歳+9歳+10歳+11歳+12歳+13歳+14歳+15歳+16歳+17歳+18歳+19歳,千人,確定値・各歳,0-19歳,4.03,人口動態統計（日本における日本人）,2026-09-07T18:03:19+00:00
vital_suicide_by_age_sex_rate,2023,男,20-29歳,1541,20～24歳+25～29歳,,6544000,20歳+21歳+22歳+23歳+24歳+25歳+26歳+27歳+28歳+29歳,千人,確定値・各歳,20-29歳,23.55,人口動態統計（日本における日本人）,2026-09-07T18:03:19+00:00
vital_suicide_by_age_sex_rate,2023,男,30-39歳,1833,30～34歳+35～39歳,,6867000,30歳+31歳+32歳+33歳+34歳+35歳+36歳+37歳+38歳+39歳,千人,確定値・各歳,30-39歳,26.69,人口動態統計（日本における日本人）,2026-09-07T18:03:19+00:00
vital_suicide_by_age_sex_rate,2023,男,40-49歳,2594,40～44歳+45～49歳,,8558000,40歳+41歳+42歳+43歳+44歳+45歳+46歳+47歳+48歳+49歳,千人,確定値・各歳,40-49歳,30.31,人口動態統計（日本における日本人）,2026-09-07T18:03:19+00:00
vital_suicide_by_age_sex_rate,2023,男,50-59歳,2858,50～54歳+55～59歳,,9013000,50歳+51歳+52歳+53歳+54歳+55歳+56歳+57歳+58歳+59歳,千人,確定値・各歳,50-59歳,31.71,人口動態統計（日本における日本人）,2026-09-07T18:03:19+00:00
vital_suicide_by_age_sex_rate,2023,男,60歳以上,5128,60～64歳+65～69歳+70～74歳+75～79歳+80～84歳+85～89歳+90～94歳+95～99歳+100歳以上,,19435000,60歳+61歳+62歳+63歳+64歳+65歳+66歳+67歳+68歳+69歳+70歳+71歳+72歳+73歳+74歳+75歳+76歳+77歳+78歳+79歳+80歳+81歳+82歳+83歳+84歳+85歳+86歳+87歳+88歳+89歳+90歳+91歳+92歳+93歳+94歳+95歳+96歳+97歳+98歳+99歳+100歳以上,千人,確定値・各歳,60歳以上,26.39,人口動態統計（日本における日本人）,2026-09-07T18:03:19+00:00
vital_suicide_by_age_sex_rate,2023,男,不詳,28,不詳,,60492000,総数,千人,確定値・各歳,総人口（年齢不詳のため）,0.05,人口動態統計（日本における日本人）,2026-09-07T18:03:19+00:00
vital_suicide_by_age_sex_rate,2023,女,合計,6649,総数,,63859000,総数,千人,確定値・各歳,合計,10.41,人口動態統計（日本における日本人）,2026-09-07T18:03:19+00:00
vital_suicide_by_age_sex_rate,2023,女,0-19歳,367,0～4歳+5～9歳+10～14歳+15～19歳,0～4歳,9589000,0歳+1歳+2歳+3歳+4歳+5歳+6歳+7歳+8歳+9歳+10歳+11歳+12歳+13歳+14歳+15歳+16歳+17歳+18歳+19歳,千人,確定値・各歳,0-19歳,3.83,人口動態統計（日本における日本人）,2026-09-07T18:03:19+00:00
vital_suicide_by_age_sex_rate,2023,女,20-29歳,864,20～24歳+25～29歳,,6169000,20歳+21歳+22歳+23歳+24歳+25歳+26歳+27歳+28歳+29歳,千人,確定値・各歳,20-29歳,14.01,人口動態統計（日本における日本人）,2026-09-07T18:03:19+00:00
vital_suicide_by_age_sex_rate,2023,女,30-39歳,672,30～34歳+35～39歳,,6560000,30歳+31歳+32歳+33歳+34歳+35歳+36歳+37歳+38歳+39歳,千人,確定値・各歳,30-39歳,10.24,人口動態統計（日本における日本人）,2026-09-07T18:03:19+00:00
vital_suicide_by_age_sex_rate,2023,女,40-49歳,911,40～44歳+45～49歳,,8322000,40歳+41歳+42歳+43歳+44歳+45歳+46歳+47歳+48歳+49歳,千人,確定値・各歳,40-49歳,10.95,人口動態統計（日本における日本人）,2026-09-07T18:03:19+00:00
vital_suicide_by_age_sex_rate,2023,女,50-59歳,1210,50～54歳+55～59歳,,8918000,50歳+51歳+52歳+53歳+54歳+55歳+56歳+57歳+58歳+59歳,千人,確定値・各歳,50-59歳,13.57,人口動態統計（日本における日本人）,2026-09-07T18:03:19+00:00
vital_suicide_by_age_sex_rate,2023,女,60歳以上,2618,60～64歳+65～69歳+70～74歳+75～79歳+80～84歳+85～89歳+90～94歳+95～99歳+100歳以上,,24305000,60歳+61歳+62歳+63歳+64歳+65歳+66歳+67歳+68歳+69歳+70歳+71歳+72歳+73歳+74歳+75歳+76歳+77歳+78歳+79歳+80歳+81歳+82歳+83歳+84歳+85歳+86歳+87歳+88歳+89歳+90歳+91歳+92歳+93歳+94歳+95歳+96歳+97歳+98歳+99歳+100歳以上,千人,確定値・各歳,60歳以上,10.77,人口動態統計（日本における日本人）,2026-09-07T18:03:19+00:00
vital_suicide_by_age_sex_rate,2023,女,不詳,7,不詳,,63859000,総数,千人,確定値・各歳,総人口（年齢不詳のため）,0.01,人口動態統計（日本における日本人）,2026-09-07T18:03:19+00:00
vital_suicide_by_age_sex_rate,2023,総数,合計,21037,総数,,124352000,総数,千人,確定値・各歳,合計,16.92,人口動態統計（日本における日本人）,2026-09-07T18:03:19+00:00
vital_suicide_by_age_sex_rate,2023,総数,0-19歳,773,0～4歳+5～9歳+10～14歳+15～19歳,0～4歳,19669000,0歳+1歳+2歳+3歳+4歳+5歳+6歳+7歳+8歳+9歳+10歳+11歳+12歳+13歳+14歳+15歳+16歳+17歳+18歳+19歳,千人,確定値・各歳,0-19歳,3.93,人口動態統計（日本における日本人）,2026-09-07T18:03:19+00:00
vital_suicide_by_age_sex_rate,2023,総数,20-29歳,2405,20～24歳+25～29歳,,12717000,20歳+21歳+22歳+23歳+24歳+25歳+26歳+27歳+28歳+29歳,千人,確定値・各歳,20-29歳,18.91,人口動態統計（日本における日本人）,2026-09-07T18:03:19+00:00
vital_suicide_by_age_sex_rate,2023,総数,30-39歳,2505,30～34歳+35～39歳,,13427000,30歳+31歳+32歳+33歳+34歳+35歳+36歳+37歳+38歳+39歳,千人,確定値・各歳,30-39歳,18.66,人口動態統計（日本における日本人）,2026-09-07T18:03:19+00:00
vital_suicide_by_age_sex_rate,2023,総数,40-49歳,3505,40～44歳+45～49歳,,16881000,40歳+41歳+42歳+43歳+44歳+45歳+46歳+47歳+48歳+49歳,千人,確定値・各歳,40-49歳,20.76,人口動態統計（日本における日本人）,2026-09-07T18:03:19+00:00
vital_suicide_by_age_sex_rate,2023,総数,50-59歳,4068,50～54歳+55～59歳,,17928000,50歳+51歳+52歳+53歳+54歳+55歳+56歳+57歳+58歳+59歳,千人,確定値・各歳,50-59歳,22.69,人口動態統計（日本における日本人）,2026-09-07T18:03:19+00:00
vital_suicide_by_age_sex_rate,2023,総数,60歳以上,7746,60～64歳+65～69歳+70～74歳+75～79歳+80～84歳+85～89歳+90～94歳+95～99歳+100歳以上,,43732000,60歳+61歳+62歳+63歳+64歳+65歳+66歳+67歳+68歳+69歳+70歳+71歳+72歳+73歳+74歳+75歳+76歳+77歳+78歳+79歳+80歳+81歳+82歳+83歳+84歳+85歳+86歳+87歳+88歳+89歳+90歳+91歳+92歳+93歳+94歳+95歳+96歳+97歳+98歳+99歳+100歳以上,千人,確定値・各歳,60歳以上,17.71,人口動態統計（日本における日本人）,2026-09-07T18:03:19+00:00
vital_suicide_by_age_sex_rate,2023,総数,不詳,35,不詳,,124352000,総数,千人,確定値・各歳,総人口（年齢不詳のため）,0.03,人口動態統計（日本における日本人）,2026-09-07T18:03:19+00:00
vital_suicide_by_age_sex_rate,2024,男,合計,13354,総数,,60233000,総数,千人,確定値・各歳,合計,22.17,人口動態統計（日本における日本人）,2026-09-07T18:03:19+00:00
vital_suicide_by_age_sex_rate,2024,男,0-19歳,355,0～4歳+5～9歳+10～14歳+15～19歳,0～4歳,9884000,0歳+1歳+2歳+3歳+4歳+5歳+6歳+7歳+8歳+9歳+10歳+11歳+12歳+13歳+14歳+15歳+16歳+17歳+18歳+19歳,千人,確定値・各歳,0-19歳,3.59,人口動態統計（日本における日本人）,2026-09-07T18:03:19+00:00
vital_suicide_by_age_sex_rate,2024,男,20-29歳,1465,20～24歳+25～29歳,,6587000,20歳+21歳+22歳+23歳+24歳+25歳+26歳+27歳+28歳+29歳,千人,確定値・各歳,20-29歳,22.24,人口動態統計（日本における日本人）,2026-09-07T18:03:19+00:00
vital_suicide_by_age_sex_rate,2024,男,30-39歳,1667,30～34歳+35～39歳,,6797000,30歳+31歳+32歳+33歳+34歳+35歳+36歳+37歳+38歳+39歳,千人,確定値・各歳,30-39歳,24.53,人口動態統計（日本における日本人）,2026-09-07T18:03:19+00:00
vital_suicide_by_age_sex_rate,2024,男,40-49歳,2306,40～44歳+45～49歳,,8301000,40歳+41歳+42歳+43歳+44歳+45歳+46歳+47歳+48歳+49歳,千人,確定値・各歳,40-49歳,27.78,人口動態統計（日本における日本人）,2026-09-07T18:03:19+00:00
vital_suicide_by_age_sex_rate,2024,男,50-59歳,2620,50～54歳+55～59歳,,9193000,50歳+51歳+52歳+53歳+54歳+55歳+56歳+57歳+58歳+59歳,千人,確定値・各歳,50-59歳,28.50,人口動態統計（日本における日本人）,2026-09-07T18:03:19+00:00
vital_suicide_by_age_sex_rate,2024,男,60歳以上,4919,60～64歳+65～69歳+70～74歳+75～79歳+80～84歳+85～89歳+90～94歳+95～99歳+100歳以上,,19470000,60歳+61歳+62歳+63歳+64歳+65歳+66歳+67歳+68歳+69歳+70歳+71歳+72歳+73歳+74歳+75歳+76歳+77歳+78歳+79歳+80歳+81歳+82歳+83歳+84歳+85歳+86歳+87歳+88歳+89歳+90歳+91歳+92歳+93歳+94歳+95歳+96歳+97歳+98歳+99歳+100歳以上,千人,確定値・各歳,60歳以上,25.26,人口動態統計（日本における日本人）,2026-09-07T18:03:19+00:00
vital_suicide_by_age_sex_rate,2024,男,不詳,22,不詳,,60233000,総数,千人,確定値・各歳,総人口（年齢不詳のため）,0.04,人口動態統計（日本における日本人）,2026-09-07T18:03:19+00:00
vital_suicide_by_age_sex_rate,2024,女,合計,6254,総数,,63569000,総数,千人,確定値・各歳,合計,9.84,人口動態統計（日本における日本人）,2026-09-07T18:03:19+00:00
vital_suicide_by_age_sex_rate,2024,女,0-19歳,406,0～4歳+5～9歳+10～14歳+15～19歳,0～4歳,9405000,0歳+1歳+2歳+3歳+4歳+5歳+6歳+7歳+8歳+9歳+10歳+11歳+12歳+13歳+14歳+15歳+16歳+17歳+18歳+19歳,千人,確定値・各歳,0-19歳,4.32,人口動態統計（日本における日本人）,2026-09-07T18:03:19+00:00
vital_suicide_by_age_sex_rate,2024,女,20-29歳,881,20～24歳+25～29歳,,6192000,20歳+21歳+22歳+23歳+24歳+25歳+26歳+27歳+28歳+29歳,千人,確定値・各歳,20-29歳,14.23,人口動態統計（日本における日本人）,2026-09-07T18:03:19+00:00
vital_suicide_by_age_sex_rate,2024,女,30-39歳,666,30～34歳+35～39歳,,6469000,30歳+31歳+32歳+33歳+34歳+35歳+36歳+37歳+38歳+39歳,千人,確定値・各歳,30-39歳,10.30,人口動態統計（日本における日本人）,2026-09-07T18:03:19+00:00
vital_suicide_by_age_sex_rate,2024,女,40-49歳,822,40～44歳+45～49歳,,8073000,40歳+41歳+42歳+43歳+44歳+45歳+46歳+47歳+48歳+49歳,千人,確定値・各歳,40-49歳,10.18,人口動態統計（日本における日本人）,2026-09-07T18:03:19+00:00
vital_suicide_by_age_sex_rate,2024,女,50-59歳,1083,50～54歳+55～59歳,,9084000,50歳+51歳+52歳+53歳+54歳+55歳+56歳+57歳+58歳+59歳,千人,確定値・各歳,50-59歳,11.92,人口動態統計（日本における日本人）,2026-09-07T18:03:19+00:00
vital_suicide_by_age_sex_rate,2024,女,60歳以上,2393,60～64歳+65～69歳+70～74歳+75～79歳+80～84歳+85～89歳+90～94歳+95～99歳+100歳以上,,24344000,60歳+61歳+62歳+63歳+64歳+65歳+66歳+67歳+68歳+69歳+70歳+71歳+72歳+73歳+74歳+75歳+76歳+77歳+78歳+79歳+80歳+81歳+82歳+83歳+84歳+85歳+86歳+87歳+88歳+89歳+90歳+91歳+92歳+93歳+94歳+95歳+96歳+97歳+98歳+99歳+100歳以上,千人,確定値・各歳,60歳以上,9.83,人口動態統計（日本における日本人）,2026-09-07T18:03:19+00:00
vital_suicide_by_age_sex_rate,2024,女,不詳,3,不詳,,63569000,総数,千人,確定値・各歳,総人口（年齢不詳のため）,0.00,人口動態統計（日本における日本人）,2026-09-07T18:03:19+00:00
vital_suicide_by_age_sex_rate,2024,総数,合計,19608,総数,,123802000,総数,千人,確定値・各歳,合計,15.84,人口動態統計（日本における日本人）,2026-09-07T18:03:19+00:00
vital_suicide_by_age_sex_rate,2024,総数,0-19歳,761,0～4歳+5～9歳+10～14歳+15～19歳,0～4歳,19288000,0歳+1歳+2歳+3歳+4歳+5歳+6歳+7歳+8歳+9歳+10歳+11歳+12歳+13歳+14歳+15歳+16歳+17歳+18歳+19歳,千人,確定値・各歳,0-19歳,3.95,人口動態統計（日本における日本人）,2026-09-07T18:03:19+00:00
vital_suicide_by_age_sex_rate,2024,総数,20-29歳,2346,20～24歳+25～29歳,,12779000,20歳+21歳+22歳+23歳+24歳+25歳+26歳+27歳+28歳+29歳,千人,確定値・各歳,20-29歳,18.36,人口動態統計（日本における日本人）,2026-09-07T18:03:19+00:00
vital_suicide_by_age_sex_rate,2024,総数,30-39歳,2333,30～34歳+35～39歳,,13268000,30歳+31歳+32歳+33歳+34歳+35歳+36歳+37歳+38歳+39歳,千人,確定値・各歳,30-39歳,17.58,人口動態統計（日本における日本人）,2026-09-07T18:03:19+00:00
vital_suicide_by_age_sex_rate,2024,総数,40-49歳,3128,40～44歳+45～49歳,,16378000,40歳+41歳+42歳+43歳+44歳+45歳+46歳+47歳+48歳+49歳,千人,確定値・各歳,40-49歳,19.10,人口動態統計（日本における日本人）,2026-09-07T18:03:19+00:00
vital_suicide_by_age_sex_rate,2024,総数,50-59歳,3703,50～54歳+55～59歳,,18278000,50歳+51歳+52歳+53歳+54歳+55歳+56歳+57歳+58歳+59歳,千人,確定値・各歳,50-59歳,20.26,人口動態統計（日本における日本人）,2026-09-07T18:03:19+00:00
vital_suicide_by_age_sex_rate,2024,総数,60歳以上,7312,60～64歳+65～69歳+70～74歳+75～79歳+80～84歳+85～89歳+90～94歳+95～99歳+100歳以上,,43816000,60歳+61歳+62歳+63歳+64歳+65歳+66歳+67歳+68歳+69歳+70歳+71歳+72歳+73歳+74歳+75歳+76歳+77歳+78歳+79歳+80歳+81歳+82歳+83歳+84歳+85歳+86歳+87歳+88歳+89歳+90歳+91歳+92歳+93歳+94歳+95歳+96歳+97歳+98歳+99歳+100歳以上,千人,確定値・各歳,60歳以上,16.69,人口動態統計（日本における日本人）,2026-09-07T18:03:19+00:00
vital_suicide_by_age_sex_rate,2024,総数,不詳,25,不詳,,123802000,総数,千人,確定値・各歳,総人口（年齢不詳のため）,0.02,人口動態統計（日本における日本人）,2026-09-07T18:03:19+00:00
