series_id,stats_data_id,reference_date,source_population_definition,unit,year,sex,age,category,subcategory,value,flag,retrieved_at
vital_deaths_rates,0003411649,2024年,人口動態統計確定数（日本における日本人）,人,2024,,,死亡数・死亡率・死亡性比=死亡数_総数,,1605378,,2026-09-07T12:08:08Z
vital_deaths_rates,0003411649,2023年,人口動態統計確定数（日本における日本人）,人,2023,,,死亡数・死亡率・死亡性比=死亡数_総数,,1576016,,2026-09-07T12:08:08Z
vital_deaths_rates,0003411649,2022年,人口動態統計確定数（日本における日本人）,人,2022,,,死亡数・死亡率・死亡性比=死亡数_総数,,1569050,,2026-09-07T12:08:08Z
vital_deaths_rates,0003411649,2021年,人口動態統計確定数（日本における日本人）,人,2021,,,死亡数・死亡率・死亡性比=死亡数_総数,,1439856,,2026-09-07T12:08:08Z
vital_deaths_rates,0003411649,2020年,人口動態統計確定数（日本における日本人）,人,2020,,,死亡数・死亡率・死亡性比=死亡数_総数,,1372755,,2026-09-07T12:08:08Z
vital_deaths_rates,0003411649,2019年,人口動態統計確定数（日本における日本人）,人,2019,,,死亡数・死亡率・死亡性比=死亡数_総数,,1381093,,2026-09-07T12:08:08Z
vital_deaths_rates,0003411649,2018年,人口動態統計確定数（日本における日本人）,人,2018,,,死亡数・死亡率・死亡性比=死亡数_総数,,1362470,,2026-09-07T12:08:08Z
vital_deaths_rates,0003411649,2017年,人口動態統計確定数（日本における日本人）,人,2017,,,死亡数・死亡率・死亡性比=死亡数_総数,,1340567,,2026-09-07T12:08:08Z
vital_deaths_rates,0003411649,2016年,人口動態統計確定数（日本における日本人）,人,2016,,,死亡数・死亡率・死亡性比=死亡数_総数,,1308158,,2026-09-07T12:08:08Z
vital_deaths_rates,0003411649,2015年,人口動態統計確定数（日本における日本人）,人,2015,,,死亡数・死亡率・死亡性比=死亡数_総数,,1290510,,2026-09-07T12:08:08Z
vital_deaths_rates,0003411649,2014年,人口動態統計確定数（日本における日本人）,人,2014,,,死亡数・死亡率・死亡性比=死亡数_総数,,1273025,,2026-09-07T12:08:08Z
vital_deaths_rates,0003411649,2013年,人口動態統計確定数（日本における日本人）,人,2013,,,死亡数・死亡率・死亡性比=死亡数_総数,,1268438,,2026-09-07T12:08:08Z
vital_deaths_rates,0003411649,2012年,人口動態統計確定数（日本における日本人）,人,2012,,,死亡数・死亡率・死亡性比=死亡数_総数,,1256359,,2026-09-07T12:08:08Z
vital_deaths_rates,0003411649,2011年,人口動態統計確定数（日本における日本人）,人,2011,,,死亡数・死亡率・死亡性比=死亡数_総数,,1253068,,2026-09-07T12:08:08Z
vital_deaths_rates,0003411649,2010年,人口動態統計確定数（日本における日本人）,人,2010,,,死亡数・死亡率・死亡性比=死亡数_総数,,1197014,,2026-09-07T12:08:08Z
vital_deaths_rates,0003411649,2009年,人口動態統計確定数（日本における日本人）,人,2009,,,死亡数・死亡率・死亡性比=死亡数_総数,,1141865,,2026-09-07T12:08:08Z
vital_deaths_rates,0003411649,2008年,人口動態統計確定数（日本における日本人）,人,2008,,,死亡数・死亡率・死亡性比=死亡数_総数,,1142407,,2026-09-07T12:08:08Z
vital_deaths_rates,0003411649,2007年,人口動態統計確定数（日本における日本人）,人,2007,,,死亡数・死亡率・死亡性比=死亡数_総数,,1108334,,2026-09-07T12:08:08Z
vital_deaths_rates,0003411649,2006年,人口動態統計確定数（日本における日本人）,人,2006,,,死亡数・死亡率・死亡性比=死亡数_総数,,1084451,,2026-09-07T12:08:08Z
vital_deaths_rates,0003411649,2005年,人口動態統計確定数（日本における日本人）,人,2005,,,死亡数・死亡率・死亡性比=死亡数_総数,,1083796,,2026-09-07T12:08:08Z
vital_deaths_rates,0003411649,2004年,人口動態統計確定数（日本における日本人）,人,2004,,,死亡数・死亡率・死亡性比=死亡数_総数,,1028602,,2026-09-07T12:08:08Z
vital_deaths_rates,0003411649,2003年,人口動態統計確定数（日本における日本人）,人,2003,,,死亡数・死亡率・死亡性比=死亡数_総数,,1014951,,2026-09-07T12:08:08Z
vital_deaths_rates,0003411649,2002年,人口動態統計確定数（日本における日本人）,人,2002,,,死亡数・死亡率・死亡性比=死亡数_総数,,982379,,2026-09-07T12:08:08Z
vital_deaths_rates,0003411649,2001年,人口動態統計確定数（日本における日本人）,人,2001,,,死亡数・死亡率・死亡性比=死亡数_総数,,970331,,2026-09-07T12:08:08Z
vital_deaths_rates,0003411649,2000年,人口動態統計確定数（日本における日本人）,人,2000,,,死亡数・死亡率・死亡性比=死亡数_総数,,961653,,2026-09-07T12:08:08Z
vital_deaths_rates,0003411649,1999年,人口動態統計確定数（日本における日本人）,人,1999,,,死亡数・死亡率・死亡性比=死亡数_総数,,982031,,2026-09-07T12:08:08Z
vital_deaths_rates,0003411649,1998年,人口動態統計確定数（日本における日本人）,人,1998,,,死亡数・死亡率・死亡性比=死亡数_総数,,936484,,2026-09-07T12:08:08Z
vital_deaths_rates,0003411649,1997年,人口動態統計確定数（日本における日本人）,人,1997,,,死亡数・死亡率・死亡性比=死亡数_総数,,913402,,2026-09-07T12:08:08Z
vital_deaths_rates,0003411649,1996年,人口動態統計確定数（日本における日本人）,人,1996,,,死亡数・死亡率・死亡性比=死亡数_総数,,896211,,2026-09-07T12:08:08Z
vital_deaths_rates,0003411649,1995年,人口動態統計確定数（日本における日本人）,人,1995,,,死亡数・死亡率・死亡性比=死亡数_総数,,922139,,2026-09-07T12:08:08Z
vital_deaths_rates,0003411649,1994年,人口動態統計確定数（日本における日本人）,人,1994,,,死亡数・死亡率・死亡性比=死亡数_総数,,875933,,2026-09-07T12:08:08Z
vital_deaths_rates,0003411649,1993年,人口動態統計確定数（日本における日本人）,人,1993,,,死亡数・死亡率・死亡性比=死亡数_総数,,878532,,2026-09-07T12:08:08Z
vital_deaths_rates,0003411649,1992年,人口動態統計確定数（日本における日本人）,人,1992,,,死亡数・死亡率・死亡性比=死亡数_総数,,856643,,2026-09-07T12:08:08Z
vital_deaths_rates,0003411649,1991年,人口動態統計確定数（日本における日本人）,人,1991,,,死亡数・死亡率・死亡性比=死亡数_総数,,829797,,2026-09-07T12:08:08Z
vital_deaths_rates,0003411649,1990年,人口動態統計確定数（日本における日本人）,人,1990,,,死亡数・死亡率・死亡性比=死亡数_総数,,820305,,2026-09-07T12:08:08Z
vital_deaths_rates,0003411649,1989年,人口動態統計確定数（日本における日本人）,人,1989,,,死亡数・死亡率・死亡性比=死亡数_総数,,788594,,2026-09-07T12:08:08Z
vital_deaths_rates,0003411649,1988年,人口動態統計確定数（日本における日本人）,人,1988,,,死亡数・死亡率・死亡性比=死亡数_総数,,793014,,2026-09-07T12:08:08Z
vital_deaths_rates,0003411649,1987年,人口動態統計確定数（日本における日本人）,人,1987,,,死亡数・死亡率・死亡性比=死亡数_総数,,751172,,2026-09-07T12:08:08Z
vital_deaths_rates,0003411649,1986年,人口動態統計確定数（日本における日本人）,人,1986,,,死亡数・死亡率・死亡性比=死亡数_総数,,750620,,2026-09-07T12:08:08Z
vital_deaths_rates,0003411649,1985年,人口動態統計確定数（日本における日本人）,人,1985,,,死亡数・死亡率・死亡性比=死亡数_総数,,752283,,2026-09-07T12:08:08Z
vital_deaths_rates,0003411649,1984年,人口動態統計確定数（日本における日本人）,人,1984,,,死亡数・死亡率・死亡性比=死亡数_総数,,740247,,2026-09-07T12:08:08Z
vital_deaths_rates,0003411649,1983年,人口動態統計確定数（日本における日本人）,人,1983,,,死亡数・死亡率・死亡性比=死亡数_総数,,740038,,2026-09-07T12:08:08Z
vital_deaths_rates,0003411649,1982年,人口動態統計確定数（日本における日本人）,人,1982,,,死亡数・死亡率・死亡性比=死亡数_総数,,711883,,2026-09-07T12:08:08Z
vital_deaths_rates,0003411649,1981年,人口動態統計確定数（日本における日本人）,人,1981,,,死亡数・死亡率・死亡性比=死亡数_総数,,720262,,2026-09-07T12:08:08Z
vital_deaths_rates,0003411649,1980年,人口動態統計確定数（日本における日本人）,人,1980,,,死亡数・死亡率・死亡性比=死亡数_総数,,722801,,2026-09-07T12:08:08Z
vital_deaths_rates,0003411649,1979年,人口動態統計確定数（日本における日本人）,人,1979,,,死亡数・死亡率・死亡性比=死亡数_総数,,689664,,2026-09-07T12:08:08Z
vital_deaths_rates,0003411649,1978年,人口動態統計確定数（日本における日本人）,人,1978,,,死亡数・死亡率・死亡性比=死亡数_総数,,695821,,2026-09-07T12:08:08Z
vital_deaths_rates,0003411649,1977年,人口動態統計確定数（日本における日本人）,人,1977,,,死亡数・死亡率・死亡性比=死亡数_総数,,690074,,2026-09-07T12:08:08Z
vital_deaths_rates,0003411649,1976年,人口動態統計確定数（日本における日本人）,人,1976,,,死亡数・死亡率・死亡性比=死亡数_総数,,703270,,2026-09-07T12:08:08Z
vital_deaths_rates,0003411649,1975年,人口動態統計確定数（日本における日本人）,人,1975,,,死亡数・死亡率・死亡性比=死亡数_総数,,702275,,2026-09-07T12:08:08Z
vital_deaths_rates,0003411649,1974年,人口動態統計確定数（日本における日本人）,人,1974,,,死亡数・死亡率・死亡性比=死亡数_総数,,710510,,2026-09-07T12:08:08Z
vital_deaths_rates,0003411649,1973年,人口動態統計確定数（日本における日本人）,人,1973,,,死亡数・死亡率・死亡性比=死亡数_総数,,709416,,2026-09-07T12:08:08Z
vital_deaths_rates,0003411649,1972年,人口動態統計確定数（日本における日本人）,人,1972,,,死亡数・死亡率・死亡性比=死亡数_総数,,683751,,2026-09-07T12:08:08Z
vital_deaths_rates,0003411649,1971年,人口動態統計確定数（日本における日本人）,人,1971,,,死亡数・死亡率・死亡性比=死亡数_総数,,684521,,2026-09-07T12:08:08Z
vital_deaths_rates,0003411649,1970年,人口動態統計確定数（日本における日本人）,人,1970,,,死亡数・死亡率・死亡性比=死亡数_総数,,712962,,2026-09-07T12:08:08Z
vital_deaths_rates,0003411649,1969年,人口動態統計確定数（日本における日本人）,人,1969,,,死亡数・死亡率・死亡性比=死亡数_総数,,693787,,2026-09-07T12:08:08Z
vital_deaths_rates,0003411649,1968年,人口動態統計確定数（日本における日本人）,人,1968,,,死亡数・死亡率・死亡性比=死亡数_総数,,686555,,2026-09-07T12:08:08Z
vital_deaths_rates,0003411649,1967年,人口動態統計確定数（日本における日本人）,人,1967,,,死亡数・死亡率・死亡性比=死亡数_総数,,675006,,2026-09-07T12:08:08Z
vital_deaths_rates,0003411649,1966年,人口動態統計確定数（日本における日本人）,人,1966,,,死亡数・死亡率・死亡性比=死亡数_総数,,670342,,2026-09-07T12:08:08Z
vital_deaths_rates,0003411649,1965年,人口動態統計確定数（日本における日本人）,人,1965,,,死亡数・死亡率・死亡性比=死亡数_総数,,700438,,2026-09-07T12:08:08Z
vital_deaths_rates,0003411649,1964年,人口動態統計確定数（日本における日本人）,人,1964,,,死亡数・死亡率・死亡性比=死亡数_総数,,673067,,2026-09-07T12:08:08Z
vital_deaths_rates,0003411649,1963年,人口動態統計確定数（日本における日本人）,人,1963,,,死亡数・死亡率・死亡性比=死亡数_総数,,670770,,2026-09-07T12:08:08Z
vital_deaths_rates,0003411649,1962年,人口動態統計確定数（日本における日本人）,人,1962,,,死亡数・死亡率・死亡性比=死亡数_総数,,710265,,2026-09-07T12:08:08Z
vital_deaths_rates,0003411649,1961年,人口動態統計確定数（日本における日本人）,人,1961,,,死亡数・死亡率・死亡性比=死亡数_総数,,695644,,2026-09-07T12:08:08Z
vital_deaths_rates,0003411649,1960年,人口動態統計確定数（日本における日本人）,人,1960,,,死亡数・死亡率・死亡性比=死亡数_総数,,706599,,2026-09-07T12:08:08Z
vital_deaths_rates,0003411649,1959年,人口動態統計確定数（日本における日本人）,人,1959,,,死亡数・死亡率・死亡性比=死亡数_総数,,689959,,2026-09-07T12:08:08Z
vital_deaths_rates,0003411649,1958年,人口動態統計確定数（日本における日本人）,人,1958,,,死亡数・死亡率・死亡性比=死亡数_総数,,684189,,2026-09-07T12:08:08Z
vital_deaths_rates,0003411649,1957年,人口動態統計確定数（日本における日本人）,人,1957,,,死亡数・死亡率・死亡性比=死亡数_総数,,752445,,2026-09-07T12:08:08Z
vital_deaths_rates,0003411649,1956年,人口動態統計確定数（日本における日本人）,人,1956,,,死亡数・死亡率・死亡性比=死亡数_総数,,724460,,2026-09-07T12:08:08Z
vital_deaths_rates,0003411649,1955年,人口動態統計確定数（日本における日本人）,人,1955,,,死亡数・死亡率・死亡性比=死亡数_総数,,693523,,2026-09-07T12:08:08Z
vital_deaths_rates,0003411649,1954年,人口動態統計確定数（日本における日本人）,人,1954,,,死亡数・死亡率・死亡性比=死亡数_総数,,721491,,2026-09-07T12:08:08Z
vital_deaths_rates,0003411649,1953年,人口動態統計確定数（日本における日本人）,人,1953,,,死亡数・死亡率・死亡性比=死亡数_総数,,772547,,2026-09-07T12:08:08Z
vital_deaths_rates,0003411649,1952年,人口動態統計確定数（日本における日本人）,人,1952,,,死亡数・死亡率・死亡性比=死亡数_総数,,765068,,2026-09-07T12:08:08Z
vital_deaths_rates,0003411649,1951年,人口動態統計確定数（日本における日本人）,人,1951,,,死亡数・死亡率・死亡性比=死亡数_総数,,838998,,2026-09-07T12:08:08Z
vital_deaths_rates,0003411649,1950年,人口動態統計確定数（日本における日本人）,人,1950,,,死亡数・死亡率・死亡性比=死亡数_総数,,904876,,2026-09-07T12:08:08Z
vital_deaths_rates,0003411649,1949年,人口動態統計確定数（日本における日本人）,人,1949,,,死亡数・死亡率・死亡性比=死亡数_総数,,945444,,2026-09-07T12:08:08Z
vital_deaths_rates,0003411649,1948年,人口動態統計確定数（日本における日本人）,人,1948,,,死亡数・死亡率・死亡性比=死亡数_総数,,950610,,2026-09-07T12:08:08Z
vital_deaths_rates,0003411649,1947年,人口動態統計確定数（日本における日本人）,人,1947,,,死亡数・死亡率・死亡性比=死亡数_総数,,1138238,,2026-09-07T12:08:08Z
vital_deaths_rates,0003411649,1943年,人口動態統計確定数（日本における日本人）,人,1943,,,死亡数・死亡率・死亡性比=死亡数_総数,,1219073,,2026-09-07T12:08:08Z
vital_deaths_rates,0003411649,1942年,人口動態統計確定数（日本における日本人）,人,1942,,,死亡数・死亡率・死亡性比=死亡数_総数,,1166630,,2026-09-07T12:08:08Z
vital_deaths_rates,0003411649,1941年,人口動態統計確定数（日本における日本人）,人,1941,,,死亡数・死亡率・死亡性比=死亡数_総数,,1149559,,2026-09-07T12:08:08Z
vital_deaths_rates,0003411649,1940年,人口動態統計確定数（日本における日本人）,人,1940,,,死亡数・死亡率・死亡性比=死亡数_総数,,1186595,,2026-09-07T12:08:08Z
vital_deaths_rates,0003411649,1939年,人口動態統計確定数（日本における日本人）,人,1939,,,死亡数・死亡率・死亡性比=死亡数_総数,,1268760,,2026-09-07T12:08:08Z
vital_deaths_rates,0003411649,1938年,人口動態統計確定数（日本における日本人）,人,1938,,,死亡数・死亡率・死亡性比=死亡数_総数,,1259805,,2026-09-07T12:08:08Z
vital_deaths_rates,0003411649,1937年,人口動態統計確定数（日本における日本人）,人,1937,,,死亡数・死亡率・死亡性比=死亡数_総数,,1207899,,2026-09-07T12:08:08Z
vital_deaths_rates,0003411649,1936年,人口動態統計確定数（日本における日本人）,人,1936,,,死亡数・死亡率・死亡性比=死亡数_総数,,1230278,,2026-09-07T12:08:08Z
vital_deaths_rates,0003411649,1935年,人口動態統計確定数（日本における日本人）,人,1935,,,死亡数・死亡率・死亡性比=死亡数_総数,,1161936,,2026-09-07T12:08:08Z
vital_deaths_rates,0003411649,1934年,人口動態統計確定数（日本における日本人）,人,1934,,,死亡数・死亡率・死亡性比=死亡数_総数,,1234684,,2026-09-07T12:08:08Z
vital_deaths_rates,0003411649,1933年,人口動態統計確定数（日本における日本人）,人,1933,,,死亡数・死亡率・死亡性比=死亡数_総数,,1193987,,2026-09-07T12:08:08Z
vital_deaths_rates,0003411649,1932年,人口動態統計確定数（日本における日本人）,人,1932,,,死亡数・死亡率・死亡性比=死亡数_総数,,1175344,,2026-09-07T12:08:08Z
vital_deaths_rates,0003411649,1931年,人口動態統計確定数（日本における日本人）,人,1931,,,死亡数・死亡率・死亡性比=死亡数_総数,,1240891,,2026-09-07T12:08:08Z
vital_deaths_rates,0003411649,1930年,人口動態統計確定数（日本における日本人）,人,1930,,,死亡数・死亡率・死亡性比=死亡数_総数,,1170867,,2026-09-07T12:08:08Z
vital_deaths_rates,0003411649,1929年,人口動態統計確定数（日本における日本人）,人,1929,,,死亡数・死亡率・死亡性比=死亡数_総数,,1261228,,2026-09-07T12:08:08Z
vital_deaths_rates,0003411649,1928年,人口動態統計確定数（日本における日本人）,人,1928,,,死亡数・死亡率・死亡性比=死亡数_総数,,1236711,,2026-09-07T12:08:08Z
vital_deaths_rates,0003411649,1927年,人口動態統計確定数（日本における日本人）,人,1927,,,死亡数・死亡率・死亡性比=死亡数_総数,,1214323,,2026-09-07T12:08:08Z
vital_deaths_rates,0003411649,1926年,人口動態統計確定数（日本における日本人）,人,1926,,,死亡数・死亡率・死亡性比=死亡数_総数,,1160734,,2026-09-07T12:08:08Z
vital_deaths_rates,0003411649,1925年,人口動態統計確定数（日本における日本人）,人,1925,,,死亡数・死亡率・死亡性比=死亡数_総数,,1210706,,2026-09-07T12:08:08Z
vital_deaths_rates,0003411649,1924年,人口動態統計確定数（日本における日本人）,人,1924,,,死亡数・死亡率・死亡性比=死亡数_総数,,1254946,,2026-09-07T12:08:08Z
vital_deaths_rates,0003411649,1923年,人口動態統計確定数（日本における日本人）,人,1923,,,死亡数・死亡率・死亡性比=死亡数_総数,,1332485,,2026-09-07T12:08:08Z
vital_deaths_rates,0003411649,1922年,人口動態統計確定数（日本における日本人）,人,1922,,,死亡数・死亡率・死亡性比=死亡数_総数,,1286941,,2026-09-07T12:08:08Z
vital_deaths_rates,0003411649,1921年,人口動態統計確定数（日本における日本人）,人,1921,,,死亡数・死亡率・死亡性比=死亡数_総数,,1288570,,2026-09-07T12:08:08Z
vital_deaths_rates,0003411649,1920年,人口動態統計確定数（日本における日本人）,人,1920,,,死亡数・死亡率・死亡性比=死亡数_総数,,1422096,,2026-09-07T12:08:08Z
vital_deaths_rates,0003411649,1919年,人口動態統計確定数（日本における日本人）,人,1919,,,死亡数・死亡率・死亡性比=死亡数_総数,,1281965,,2026-09-07T12:08:08Z
vital_deaths_rates,0003411649,1918年,人口動態統計確定数（日本における日本人）,人,1918,,,死亡数・死亡率・死亡性比=死亡数_総数,,1493162,,2026-09-07T12:08:08Z
vital_deaths_rates,0003411649,1917年,人口動態統計確定数（日本における日本人）,人,1917,,,死亡数・死亡率・死亡性比=死亡数_総数,,1199669,,2026-09-07T12:08:08Z
vital_deaths_rates,0003411649,1916年,人口動態統計確定数（日本における日本人）,人,1916,,,死亡数・死亡率・死亡性比=死亡数_総数,,1187832,,2026-09-07T12:08:08Z
vital_deaths_rates,0003411649,1915年,人口動態統計確定数（日本における日本人）,人,1915,,,死亡数・死亡率・死亡性比=死亡数_総数,,1093793,,2026-09-07T12:08:08Z
vital_deaths_rates,0003411649,1914年,人口動態統計確定数（日本における日本人）,人,1914,,,死亡数・死亡率・死亡性比=死亡数_総数,,1101815,,2026-09-07T12:08:08Z
vital_deaths_rates,0003411649,1913年,人口動態統計確定数（日本における日本人）,人,1913,,,死亡数・死亡率・死亡性比=死亡数_総数,,1027257,,2026-09-07T12:08:08Z
vital_deaths_rates,0003411649,1912年,人口動態統計確定数（日本における日本人）,人,1912,,,死亡数・死亡率・死亡性比=死亡数_総数,,1037016,,2026-09-07T12:08:08Z
vital_deaths_rates,0003411649,1911年,人口動態統計確定数（日本における日本人）,人,1911,,,死亡数・死亡率・死亡性比=死亡数_総数,,1043906,,2026-09-07T12:08:08Z
vital_deaths_rates,0003411649,1910年,人口動態統計確定数（日本における日本人）,人,1910,,,死亡数・死亡率・死亡性比=死亡数_総数,,1064234,,2026-09-07T12:08:08Z
vital_deaths_rates,0003411649,1909年,人口動態統計確定数（日本における日本人）,人,1909,,,死亡数・死亡率・死亡性比=死亡数_総数,,1091264,,2026-09-07T12:08:08Z
vital_deaths_rates,0003411649,1908年,人口動態統計確定数（日本における日本人）,人,1908,,,死亡数・死亡率・死亡性比=死亡数_総数,,1029447,,2026-09-07T12:08:08Z
vital_deaths_rates,0003411649,1907年,人口動態統計確定数（日本における日本人）,人,1907,,,死亡数・死亡率・死亡性比=死亡数_総数,,1016798,,2026-09-07T12:08:08Z
vital_deaths_rates,0003411649,1906年,人口動態統計確定数（日本における日本人）,人,1906,,,死亡数・死亡率・死亡性比=死亡数_総数,,955256,,2026-09-07T12:08:08Z
vital_deaths_rates,0003411649,1905年,人口動態統計確定数（日本における日本人）,人,1905,,,死亡数・死亡率・死亡性比=死亡数_総数,,1004661,,2026-09-07T12:08:08Z
vital_deaths_rates,0003411649,1904年,人口動態統計確定数（日本における日本人）,人,1904,,,死亡数・死亡率・死亡性比=死亡数_総数,,955400,,2026-09-07T12:08:08Z
vital_deaths_rates,0003411649,1903年,人口動態統計確定数（日本における日本人）,人,1903,,,死亡数・死亡率・死亡性比=死亡数_総数,,931008,,2026-09-07T12:08:08Z
vital_deaths_rates,0003411649,1902年,人口動態統計確定数（日本における日本人）,人,1902,,,死亡数・死亡率・死亡性比=死亡数_総数,,959126,,2026-09-07T12:08:08Z
vital_deaths_rates,0003411649,1901年,人口動態統計確定数（日本における日本人）,人,1901,,,死亡数・死亡率・死亡性比=死亡数_総数,,925810,,2026-09-07T12:08:08Z
vital_deaths_rates,0003411649,1900年,人口動態統計確定数（日本における日本人）,人,1900,,,死亡数・死亡率・死亡性比=死亡数_総数,,910744,,2026-09-07T12:08:08Z
vital_deaths_rates,0003411649,1899年,人口動態統計確定数（日本における日本人）,人,1899年,,,死亡数・死亡率・死亡性比=死亡数_総数,,932087,,2026-09-07T12:08:08Z
vital_deaths_rates,0003411649,2024年,人口動態統計確定数（日本における日本人）,人,2024,,,死亡数・死亡率・死亡性比=死亡数_男,,819709,,2026-09-07T12:08:08Z
vital_deaths_rates,0003411649,2023年,人口動態統計確定数（日本における日本人）,人,2023,,,死亡数・死亡率・死亡性比=死亡数_男,,802536,,2026-09-07T12:08:08Z
vital_deaths_rates,0003411649,2022年,人口動態統計確定数（日本における日本人）,人,2022,,,死亡数・死亡率・死亡性比=死亡数_男,,799420,,2026-09-07T12:08:08Z
vital_deaths_rates,0003411649,2021年,人口動態統計確定数（日本における日本人）,人,2021,,,死亡数・死亡率・死亡性比=死亡数_男,,738141,,2026-09-07T12:08:08Z
vital_deaths_rates,0003411649,2020年,人口動態統計確定数（日本における日本人）,人,2020,,,死亡数・死亡率・死亡性比=死亡数_男,,706834,,2026-09-07T12:08:08Z
vital_deaths_rates,0003411649,2019年,人口動態統計確定数（日本における日本人）,人,2019,,,死亡数・死亡率・死亡性比=死亡数_男,,707421,,2026-09-07T12:08:08Z
vital_deaths_rates,0003411649,2018年,人口動態統計確定数（日本における日本人）,人,2018,,,死亡数・死亡率・死亡性比=死亡数_男,,699138,,2026-09-07T12:08:08Z
vital_deaths_rates,0003411649,2017年,人口動態統計確定数（日本における日本人）,人,2017,,,死亡数・死亡率・死亡性比=死亡数_男,,690770,,2026-09-07T12:08:08Z
vital_deaths_rates,0003411649,2016年,人口動態統計確定数（日本における日本人）,人,2016,,,死亡数・死亡率・死亡性比=死亡数_男,,674946,,2026-09-07T12:08:08Z
vital_deaths_rates,0003411649,2015年,人口動態統計確定数（日本における日本人）,人,2015,,,死亡数・死亡率・死亡性比=死亡数_男,,666728,,2026-09-07T12:08:08Z
vital_deaths_rates,0003411649,2014年,人口動態統計確定数（日本における日本人）,人,2014,,,死亡数・死亡率・死亡性比=死亡数_男,,660340,,2026-09-07T12:08:08Z
vital_deaths_rates,0003411649,2013年,人口動態統計確定数（日本における日本人）,人,2013,,,死亡数・死亡率・死亡性比=死亡数_男,,658685,,2026-09-07T12:08:08Z
vital_deaths_rates,0003411649,2012年,人口動態統計確定数（日本における日本人）,人,2012,,,死亡数・死亡率・死亡性比=死亡数_男,,655526,,2026-09-07T12:08:08Z
vital_deaths_rates,0003411649,2011年,人口動態統計確定数（日本における日本人）,人,2011,,,死亡数・死亡率・死亡性比=死亡数_男,,656542,,2026-09-07T12:08:08Z
vital_deaths_rates,0003411649,2010年,人口動態統計確定数（日本における日本人）,人,2010,,,死亡数・死亡率・死亡性比=死亡数_男,,633701,,2026-09-07T12:08:08Z
vital_deaths_rates,0003411649,2009年,人口動態統計確定数（日本における日本人）,人,2009,,,死亡数・死亡率・死亡性比=死亡数_男,,609042,,2026-09-07T12:08:08Z
vital_deaths_rates,0003411649,2008年,人口動態統計確定数（日本における日本人）,人,2008,,,死亡数・死亡率・死亡性比=死亡数_男,,608711,,2026-09-07T12:08:08Z
vital_deaths_rates,0003411649,2007年,人口動態統計確定数（日本における日本人）,人,2007,,,死亡数・死亡率・死亡性比=死亡数_男,,592784,,2026-09-07T12:08:08Z
vital_deaths_rates,0003411649,2006年,人口動態統計確定数（日本における日本人）,人,2006,,,死亡数・死亡率・死亡性比=死亡数_男,,581370,,2026-09-07T12:08:08Z
vital_deaths_rates,0003411649,2005年,人口動態統計確定数（日本における日本人）,人,2005,,,死亡数・死亡率・死亡性比=死亡数_男,,584970,,2026-09-07T12:08:08Z
vital_deaths_rates,0003411649,2004年,人口動態統計確定数（日本における日本人）,人,2004,,,死亡数・死亡率・死亡性比=死亡数_男,,557097,,2026-09-07T12:08:08Z
vital_deaths_rates,0003411649,2003年,人口動態統計確定数（日本における日本人）,人,2003,,,死亡数・死亡率・死亡性比=死亡数_男,,551746,,2026-09-07T12:08:08Z
vital_deaths_rates,0003411649,2002年,人口動態統計確定数（日本における日本人）,人,2002,,,死亡数・死亡率・死亡性比=死亡数_男,,535305,,2026-09-07T12:08:08Z
vital_deaths_rates,0003411649,2001年,人口動態統計確定数（日本における日本人）,人,2001,,,死亡数・死亡率・死亡性比=死亡数_男,,528768,,2026-09-07T12:08:08Z
vital_deaths_rates,0003411649,2000年,人口動態統計確定数（日本における日本人）,人,2000,,,死亡数・死亡率・死亡性比=死亡数_男,,525903,,2026-09-07T12:08:08Z
vital_deaths_rates,0003411649,1999年,人口動態統計確定数（日本における日本人）,人,1999,,,死亡数・死亡率・死亡性比=死亡数_男,,534778,,2026-09-07T12:08:08Z
vital_deaths_rates,0003411649,1998年,人口動態統計確定数（日本における日本人）,人,1998,,,死亡数・死亡率・死亡性比=死亡数_男,,512128,,2026-09-07T12:08:08Z
vital_deaths_rates,0003411649,1997年,人口動態統計確定数（日本における日本人）,人,1997,,,死亡数・死亡率・死亡性比=死亡数_男,,497796,,2026-09-07T12:08:08Z
vital_deaths_rates,0003411649,1996年,人口動態統計確定数（日本における日本人）,人,1996,,,死亡数・死亡率・死亡性比=死亡数_男,,488605,,2026-09-07T12:08:08Z
vital_deaths_rates,0003411649,1995年,人口動態統計確定数（日本における日本人）,人,1995,,,死亡数・死亡率・死亡性比=死亡数_男,,501276,,2026-09-07T12:08:08Z
vital_deaths_rates,0003411649,1994年,人口動態統計確定数（日本における日本人）,人,1994,,,死亡数・死亡率・死亡性比=死亡数_男,,476080,,2026-09-07T12:08:08Z
vital_deaths_rates,0003411649,1993年,人口動態統計確定数（日本における日本人）,人,1993,,,死亡数・死亡率・死亡性比=死亡数_男,,476462,,2026-09-07T12:08:08Z
vital_deaths_rates,0003411649,1992年,人口動態統計確定数（日本における日本人）,人,1992,,,死亡数・死亡率・死亡性比=死亡数_男,,465544,,2026-09-07T12:08:08Z
vital_deaths_rates,0003411649,1991年,人口動態統計確定数（日本における日本人）,人,1991,,,死亡数・死亡率・死亡性比=死亡数_男,,450344,,2026-09-07T12:08:08Z
vital_deaths_rates,0003411649,1990年,人口動態統計確定数（日本における日本人）,人,1990,,,死亡数・死亡率・死亡性比=死亡数_男,,443718,,2026-09-07T12:08:08Z
vital_deaths_rates,0003411649,1989年,人口動態統計確定数（日本における日本人）,人,1989,,,死亡数・死亡率・死亡性比=死亡数_男,,427114,,2026-09-07T12:08:08Z
vital_deaths_rates,0003411649,1988年,人口動態統計確定数（日本における日本人）,人,1988,,,死亡数・死亡率・死亡性比=死亡数_男,,428094,,2026-09-07T12:08:08Z
vital_deaths_rates,0003411649,1987年,人口動態統計確定数（日本における日本人）,人,1987,,,死亡数・死亡率・死亡性比=死亡数_男,,408094,,2026-09-07T12:08:08Z
vital_deaths_rates,0003411649,1986年,人口動態統計確定数（日本における日本人）,人,1986,,,死亡数・死亡率・死亡性比=死亡数_男,,406918,,2026-09-07T12:08:08Z
vital_deaths_rates,0003411649,1985年,人口動態統計確定数（日本における日本人）,人,1985,,,死亡数・死亡率・死亡性比=死亡数_男,,407769,,2026-09-07T12:08:08Z
vital_deaths_rates,0003411649,1984年,人口動態統計確定数（日本における日本人）,人,1984,,,死亡数・死亡率・死亡性比=死亡数_男,,402220,,2026-09-07T12:08:08Z
vital_deaths_rates,0003411649,1983年,人口動態統計確定数（日本における日本人）,人,1983,,,死亡数・死亡率・死亡性比=死亡数_男,,401232,,2026-09-07T12:08:08Z
vital_deaths_rates,0003411649,1982年,人口動態統計確定数（日本における日本人）,人,1982,,,死亡数・死亡率・死亡性比=死亡数_男,,385494,,2026-09-07T12:08:08Z
vital_deaths_rates,0003411649,1981年,人口動態統計確定数（日本における日本人）,人,1981,,,死亡数・死亡率・死亡性比=死亡数_男,,388575,,2026-09-07T12:08:08Z
vital_deaths_rates,0003411649,1980年,人口動態統計確定数（日本における日本人）,人,1980,,,死亡数・死亡率・死亡性比=死亡数_男,,390644,,2026-09-07T12:08:08Z
vital_deaths_rates,0003411649,1979年,人口動態統計確定数（日本における日本人）,人,1979,,,死亡数・死亡率・死亡性比=死亡数_男,,373183,,2026-09-07T12:08:08Z
vital_deaths_rates,0003411649,1978年,人口動態統計確定数（日本における日本人）,人,1978,,,死亡数・死亡率・死亡性比=死亡数_男,,375625,,2026-09-07T12:08:08Z
vital_deaths_rates,0003411649,1977年,人口動態統計確定数（日本における日本人）,人,1977,,,死亡数・死亡率・死亡性比=死亡数_男,,372175,,2026-09-07T12:08:08Z
vital_deaths_rates,0003411649,1976年,人口動態統計確定数（日本における日本人）,人,1976,,,死亡数・死亡率・死亡性比=死亡数_男,,378630,,2026-09-07T12:08:08Z
vital_deaths_rates,0003411649,1975年,人口動態統計確定数（日本における日本人）,人,1975,,,死亡数・死亡率・死亡性比=死亡数_男,,377827,,2026-09-07T12:08:08Z
vital_deaths_rates,0003411649,1974年,人口動態統計確定数（日本における日本人）,人,1974,,,死亡数・死亡率・死亡性比=死亡数_男,,381869,,2026-09-07T12:08:08Z
vital_deaths_rates,0003411649,1973年,人口動態統計確定数（日本における日本人）,人,1973,,,死亡数・死亡率・死亡性比=死亡数_男,,383592,,2026-09-07T12:08:08Z
vital_deaths_rates,0003411649,1972年,人口動態統計確定数（日本における日本人）,人,1972,,,死亡数・死亡率・死亡性比=死亡数_男,,372833,,2026-09-07T12:08:08Z
vital_deaths_rates,0003411649,1971年,人口動態統計確定数（日本における日本人）,人,1971,,,死亡数・死亡率・死亡性比=死亡数_男,,372942,,2026-09-07T12:08:08Z
vital_deaths_rates,0003411649,1970年,人口動態統計確定数（日本における日本人）,人,1970,,,死亡数・死亡率・死亡性比=死亡数_男,,387880,,2026-09-07T12:08:08Z
vital_deaths_rates,0003411649,1969年,人口動態統計確定数（日本における日本人）,人,1969,,,死亡数・死亡率・死亡性比=死亡数_男,,379506,,2026-09-07T12:08:08Z
vital_deaths_rates,0003411649,1968年,人口動態統計確定数（日本における日本人）,人,1968,,,死亡数・死亡率・死亡性比=死亡数_男,,372931,,2026-09-07T12:08:08Z
vital_deaths_rates,0003411649,1967年,人口動態統計確定数（日本における日本人）,人,1967,,,死亡数・死亡率・死亡性比=死亡数_男,,366076,,2026-09-07T12:08:08Z
vital_deaths_rates,0003411649,1966年,人口動態統計確定数（日本における日本人）,人,1966,,,死亡数・死亡率・死亡性比=死亡数_男,,363356,,2026-09-07T12:08:08Z
vital_deaths_rates,0003411649,1965年,人口動態統計確定数（日本における日本人）,人,1965,,,死亡数・死亡率・死亡性比=死亡数_男,,378716,,2026-09-07T12:08:08Z
vital_deaths_rates,0003411649,1964年,人口動態統計確定数（日本における日本人）,人,1964,,,死亡数・死亡率・死亡性比=死亡数_男,,363531,,2026-09-07T12:08:08Z
vital_deaths_rates,0003411649,1963年,人口動態統計確定数（日本における日本人）,人,1963,,,死亡数・死亡率・死亡性比=死亡数_男,,361469,,2026-09-07T12:08:08Z
vital_deaths_rates,0003411649,1962年,人口動態統計確定数（日本における日本人）,人,1962,,,死亡数・死亡率・死亡性比=死亡数_男,,380826,,2026-09-07T12:08:08Z
vital_deaths_rates,0003411649,1961年,人口動態統計確定数（日本における日本人）,人,1961,,,死亡数・死亡率・死亡性比=死亡数_男,,371858,,2026-09-07T12:08:08Z
vital_deaths_rates,0003411649,1960年,人口動態統計確定数（日本における日本人）,人,1960,,,死亡数・死亡率・死亡性比=死亡数_男,,377526,,2026-09-07T12:08:08Z
vital_deaths_rates,0003411649,1959年,人口動態統計確定数（日本における日本人）,人,1959,,,死亡数・死亡率・死亡性比=死亡数_男,,367562,,2026-09-07T12:08:08Z
vital_deaths_rates,0003411649,1958年,人口動態統計確定数（日本における日本人）,人,1958,,,死亡数・死亡率・死亡性比=死亡数_男,,363647,,2026-09-07T12:08:08Z
vital_deaths_rates,0003411649,1957年,人口動態統計確定数（日本における日本人）,人,1957,,,死亡数・死亡率・死亡性比=死亡数_男,,397502,,2026-09-07T12:08:08Z
vital_deaths_rates,0003411649,1956年,人口動態統計確定数（日本における日本人）,人,1956,,,死亡数・死亡率・死亡性比=死亡数_男,,381395,,2026-09-07T12:08:08Z
vital_deaths_rates,0003411649,1955年,人口動態統計確定数（日本における日本人）,人,1955,,,死亡数・死亡率・死亡性比=死亡数_男,,365246,,2026-09-07T12:08:08Z
vital_deaths_rates,0003411649,1954年,人口動態統計確定数（日本における日本人）,人,1954,,,死亡数・死亡率・死亡性比=死亡数_男,,379658,,2026-09-07T12:08:08Z
vital_deaths_rates,0003411649,1953年,人口動態統計確定数（日本における日本人）,人,1953,,,死亡数・死亡率・死亡性比=死亡数_男,,399859,,2026-09-07T12:08:08Z
vital_deaths_rates,0003411649,1952年,人口動態統計確定数（日本における日本人）,人,1952,,,死亡数・死亡率・死亡性比=死亡数_男,,395205,,2026-09-07T12:08:08Z
vital_deaths_rates,0003411649,1951年,人口動態統計確定数（日本における日本人）,人,1951,,,死亡数・死亡率・死亡性比=死亡数_男,,432540,,2026-09-07T12:08:08Z
vital_deaths_rates,0003411649,1950年,人口動態統計確定数（日本における日本人）,人,1950,,,死亡数・死亡率・死亡性比=死亡数_男,,467073,,2026-09-07T12:08:08Z
vital_deaths_rates,0003411649,1949年,人口動態統計確定数（日本における日本人）,人,1949,,,死亡数・死亡率・死亡性比=死亡数_男,,489817,,2026-09-07T12:08:08Z
vital_deaths_rates,0003411649,1948年,人口動態統計確定数（日本における日本人）,人,1948,,,死亡数・死亡率・死亡性比=死亡数_男,,493573,,2026-09-07T12:08:08Z
vital_deaths_rates,0003411649,1947年,人口動態統計確定数（日本における日本人）,人,1947,,,死亡数・死亡率・死亡性比=死亡数_男,,595670,,2026-09-07T12:08:08Z
vital_deaths_rates,0003411649,1943年,人口動態統計確定数（日本における日本人）,人,1943,,,死亡数・死亡率・死亡性比=死亡数_男,,638135,,2026-09-07T12:08:08Z
vital_deaths_rates,0003411649,1942年,人口動態統計確定数（日本における日本人）,人,1942,,,死亡数・死亡率・死亡性比=死亡数_男,,609038,,2026-09-07T12:08:08Z
vital_deaths_rates,0003411649,1941年,人口動態統計確定数（日本における日本人）,人,1941,,,死亡数・死亡率・死亡性比=死亡数_男,,597373,,2026-09-07T12:08:08Z
vital_deaths_rates,0003411649,1940年,人口動態統計確定数（日本における日本人）,人,1940,,,死亡数・死亡率・死亡性比=死亡数_男,,615311,,2026-09-07T12:08:08Z
vital_deaths_rates,0003411649,1939年,人口動態統計確定数（日本における日本人）,人,1939,,,死亡数・死亡率・死亡性比=死亡数_男,,658589,,2026-09-07T12:08:08Z
vital_deaths_rates,0003411649,1938年,人口動態統計確定数（日本における日本人）,人,1938,,,死亡数・死亡率・死亡性比=死亡数_男,,652936,,2026-09-07T12:08:08Z
vital_deaths_rates,0003411649,1937年,人口動態統計確定数（日本における日本人）,人,1937,,,死亡数・死亡率・死亡性比=死亡数_男,,625625,,2026-09-07T12:08:08Z
vital_deaths_rates,0003411649,1936年,人口動態統計確定数（日本における日本人）,人,1936,,,死亡数・死亡率・死亡性比=死亡数_男,,637854,,2026-09-07T12:08:08Z
vital_deaths_rates,0003411649,1935年,人口動態統計確定数（日本における日本人）,人,1935,,,死亡数・死亡率・死亡性比=死亡数_男,,603566,,2026-09-07T12:08:08Z
vital_deaths_rates,0003411649,1934年,人口動態統計確定数（日本における日本人）,人,1934,,,死亡数・死亡率・死亡性比=死亡数_男,,639098,,2026-09-07T12:08:08Z
vital_deaths_rates,0003411649,1933年,人口動態統計確定数（日本における日本人）,人,1933,,,死亡数・死亡率・死亡性比=死亡数_男,,618496,,2026-09-07T12:08:08Z
vital_deaths_rates,0003411649,1932年,人口動態統計確定数（日本における日本人）,人,1932,,,死亡数・死亡率・死亡性比=死亡数_男,,607267,,2026-09-07T12:08:08Z
vital_deaths_rates,0003411649,1931年,人口動態統計確定数（日本における日本人）,人,1931,,,死亡数・死亡率・死亡性比=死亡数_男,,642146,,2026-09-07T12:08:08Z
vital_deaths_rates,0003411649,1930年,人口動態統計確定数（日本における日本人）,人,1930,,,死亡数・死亡率・死亡性比=死亡数_男,,603995,,2026-09-07T12:08:08Z
vital_deaths_rates,0003411649,1929年,人口動態統計確定数（日本における日本人）,人,1929,,,死亡数・死亡率・死亡性比=死亡数_男,,645994,,2026-09-07T12:08:08Z
vital_deaths_rates,0003411649,1928年,人口動態統計確定数（日本における日本人）,人,1928,,,死亡数・死亡率・死亡性比=死亡数_男,,639214,,2026-09-07T12:08:08Z
vital_deaths_rates,0003411649,1927年,人口動態統計確定数（日本における日本人）,人,1927,,,死亡数・死亡率・死亡性比=死亡数_男,,624311,,2026-09-07T12:08:08Z
vital_deaths_rates,0003411649,1926年,人口動態統計確定数（日本における日本人）,人,1926,,,死亡数・死亡率・死亡性比=死亡数_男,,597292,,2026-09-07T12:08:08Z
vital_deaths_rates,0003411649,1925年,人口動態統計確定数（日本における日本人）,人,1925,,,死亡数・死亡率・死亡性比=死亡数_男,,621357,,2026-09-07T12:08:08Z
vital_deaths_rates,0003411649,1924年,人口動態統計確定数（日本における日本人）,人,1924,,,死亡数・死亡率・死亡性比=死亡数_男,,642969,,2026-09-07T12:08:08Z
vital_deaths_rates,0003411649,1923年,人口動態統計確定数（日本における日本人）,人,1923,,,死亡数・死亡率・死亡性比=死亡数_男,,679072,,2026-09-07T12:08:08Z
vital_deaths_rates,0003411649,1922年,人口動態統計確定数（日本における日本人）,人,1922,,,死亡数・死亡率・死亡性比=死亡数_男,,655740,,2026-09-07T12:08:08Z
vital_deaths_rates,0003411649,1921年,人口動態統計確定数（日本における日本人）,人,1921,,,死亡数・死亡率・死亡性比=死亡数_男,,659328,,2026-09-07T12:08:08Z
vital_deaths_rates,0003411649,1920年,人口動態統計確定数（日本における日本人）,人,1920,,,死亡数・死亡率・死亡性比=死亡数_男,,720655,,2026-09-07T12:08:08Z
vital_deaths_rates,0003411649,1919年,人口動態統計確定数（日本における日本人）,人,1919,,,死亡数・死亡率・死亡性比=死亡数_男,,648984,,2026-09-07T12:08:08Z
vital_deaths_rates,0003411649,1918年,人口動態統計確定数（日本における日本人）,人,1918,,,死亡数・死亡率・死亡性比=死亡数_男,,753392,,2026-09-07T12:08:08Z
vital_deaths_rates,0003411649,1917年,人口動態統計確定数（日本における日本人）,人,1917,,,死亡数・死亡率・死亡性比=死亡数_男,,609310,,2026-09-07T12:08:08Z
vital_deaths_rates,0003411649,1916年,人口動態統計確定数（日本における日本人）,人,1916,,,死亡数・死亡率・死亡性比=死亡数_男,,604156,,2026-09-07T12:08:08Z
vital_deaths_rates,0003411649,1915年,人口動態統計確定数（日本における日本人）,人,1915,,,死亡数・死亡率・死亡性比=死亡数_男,,556179,,2026-09-07T12:08:08Z
vital_deaths_rates,0003411649,1914年,人口動態統計確定数（日本における日本人）,人,1914,,,死亡数・死亡率・死亡性比=死亡数_男,,559337,,2026-09-07T12:08:08Z
vital_deaths_rates,0003411649,1913年,人口動態統計確定数（日本における日本人）,人,1913,,,死亡数・死亡率・死亡性比=死亡数_男,,521210,,2026-09-07T12:08:08Z
vital_deaths_rates,0003411649,1912年,人口動態統計確定数（日本における日本人）,人,1912,,,死亡数・死亡率・死亡性比=死亡数_男,,523604,,2026-09-07T12:08:08Z
vital_deaths_rates,0003411649,1911年,人口動態統計確定数（日本における日本人）,人,1911,,,死亡数・死亡率・死亡性比=死亡数_男,,526141,,2026-09-07T12:08:08Z
vital_deaths_rates,0003411649,1910年,人口動態統計確定数（日本における日本人）,人,1910,,,死亡数・死亡率・死亡性比=死亡数_男,,535076,,2026-09-07T12:08:08Z
vital_deaths_rates,0003411649,1909年,人口動態統計確定数（日本における日本人）,人,1909,,,死亡数・死亡率・死亡性比=死亡数_男,,550267,,2026-09-07T12:08:08Z
vital_deaths_rates,0003411649,1908年,人口動態統計確定数（日本における日本人）,人,1908,,,死亡数・死亡率・死亡性比=死亡数_男,,517755,,2026-09-07T12:08:08Z
vital_deaths_rates,0003411649,1907年,人口動態統計確定数（日本における日本人）,人,1907,,,死亡数・死亡率・死亡性比=死亡数_男,,512110,,2026-09-07T12:08:08Z
vital_deaths_rates,0003411649,1906年,人口動態統計確定数（日本における日本人）,人,1906,,,死亡数・死亡率・死亡性比=死亡数_男,,480077,,2026-09-07T12:08:08Z
vital_deaths_rates,0003411649,1905年,人口動態統計確定数（日本における日本人）,人,1905,,,死亡数・死亡率・死亡性比=死亡数_男,,505290,,2026-09-07T12:08:08Z
vital_deaths_rates,0003411649,1904年,人口動態統計確定数（日本における日本人）,人,1904,,,死亡数・死亡率・死亡性比=死亡数_男,,481445,,2026-09-07T12:08:08Z
vital_deaths_rates,0003411649,1903年,人口動態統計確定数（日本における日本人）,人,1903,,,死亡数・死亡率・死亡性比=死亡数_男,,472249,,2026-09-07T12:08:08Z
vital_deaths_rates,0003411649,1902年,人口動態統計確定数（日本における日本人）,人,1902,,,死亡数・死亡率・死亡性比=死亡数_男,,486410,,2026-09-07T12:08:08Z
vital_deaths_rates,0003411649,1901年,人口動態統計確定数（日本における日本人）,人,1901,,,死亡数・死亡率・死亡性比=死亡数_男,,468524,,2026-09-07T12:08:08Z
vital_deaths_rates,0003411649,1900年,人口動態統計確定数（日本における日本人）,人,1900,,,死亡数・死亡率・死亡性比=死亡数_男,,464072,,2026-09-07T12:08:08Z
vital_deaths_rates,0003411649,1899年,人口動態統計確定数（日本における日本人）,人,1899年,,,死亡数・死亡率・死亡性比=死亡数_男,,476249,,2026-09-07T12:08:08Z
vital_deaths_rates,0003411649,2024年,人口動態統計確定数（日本における日本人）,人,2024,,,死亡数・死亡率・死亡性比=死亡数_女,,785669,,2026-09-07T12:08:08Z
vital_deaths_rates,0003411649,2023年,人口動態統計確定数（日本における日本人）,人,2023,,,死亡数・死亡率・死亡性比=死亡数_女,,773480,,2026-09-07T12:08:08Z
vital_deaths_rates,0003411649,2022年,人口動態統計確定数（日本における日本人）,人,2022,,,死亡数・死亡率・死亡性比=死亡数_女,,769630,,2026-09-07T12:08:08Z
vital_deaths_rates,0003411649,2021年,人口動態統計確定数（日本における日本人）,人,2021,,,死亡数・死亡率・死亡性比=死亡数_女,,701715,,2026-09-07T12:08:08Z
vital_deaths_rates,0003411649,2020年,人口動態統計確定数（日本における日本人）,人,2020,,,死亡数・死亡率・死亡性比=死亡数_女,,665921,,2026-09-07T12:08:08Z
vital_deaths_rates,0003411649,2019年,人口動態統計確定数（日本における日本人）,人,2019,,,死亡数・死亡率・死亡性比=死亡数_女,,673672,,2026-09-07T12:08:08Z
vital_deaths_rates,0003411649,2018年,人口動態統計確定数（日本における日本人）,人,2018,,,死亡数・死亡率・死亡性比=死亡数_女,,663332,,2026-09-07T12:08:08Z
vital_deaths_rates,0003411649,2017年,人口動態統計確定数（日本における日本人）,人,2017,,,死亡数・死亡率・死亡性比=死亡数_女,,649797,,2026-09-07T12:08:08Z
vital_deaths_rates,0003411649,2016年,人口動態統計確定数（日本における日本人）,人,2016,,,死亡数・死亡率・死亡性比=死亡数_女,,633212,,2026-09-07T12:08:08Z
vital_deaths_rates,0003411649,2015年,人口動態統計確定数（日本における日本人）,人,2015,,,死亡数・死亡率・死亡性比=死亡数_女,,623782,,2026-09-07T12:08:08Z
vital_deaths_rates,0003411649,2014年,人口動態統計確定数（日本における日本人）,人,2014,,,死亡数・死亡率・死亡性比=死亡数_女,,612685,,2026-09-07T12:08:08Z
vital_deaths_rates,0003411649,2013年,人口動態統計確定数（日本における日本人）,人,2013,,,死亡数・死亡率・死亡性比=死亡数_女,,609753,,2026-09-07T12:08:08Z
vital_deaths_rates,0003411649,2012年,人口動態統計確定数（日本における日本人）,人,2012,,,死亡数・死亡率・死亡性比=死亡数_女,,600833,,2026-09-07T12:08:08Z
vital_deaths_rates,0003411649,2011年,人口動態統計確定数（日本における日本人）,人,2011,,,死亡数・死亡率・死亡性比=死亡数_女,,596526,,2026-09-07T12:08:08Z
vital_deaths_rates,0003411649,2010年,人口動態統計確定数（日本における日本人）,人,2010,,,死亡数・死亡率・死亡性比=死亡数_女,,563313,,2026-09-07T12:08:08Z
vital_deaths_rates,0003411649,2009年,人口動態統計確定数（日本における日本人）,人,2009,,,死亡数・死亡率・死亡性比=死亡数_女,,532823,,2026-09-07T12:08:08Z
vital_deaths_rates,0003411649,2008年,人口動態統計確定数（日本における日本人）,人,2008,,,死亡数・死亡率・死亡性比=死亡数_女,,533696,,2026-09-07T12:08:08Z
vital_deaths_rates,0003411649,2007年,人口動態統計確定数（日本における日本人）,人,2007,,,死亡数・死亡率・死亡性比=死亡数_女,,515550,,2026-09-07T12:08:08Z
vital_deaths_rates,0003411649,2006年,人口動態統計確定数（日本における日本人）,人,2006,,,死亡数・死亡率・死亡性比=死亡数_女,,503081,,2026-09-07T12:08:08Z
vital_deaths_rates,0003411649,2005年,人口動態統計確定数（日本における日本人）,人,2005,,,死亡数・死亡率・死亡性比=死亡数_女,,498826,,2026-09-07T12:08:08Z
vital_deaths_rates,0003411649,2004年,人口動態統計確定数（日本における日本人）,人,2004,,,死亡数・死亡率・死亡性比=死亡数_女,,471505,,2026-09-07T12:08:08Z
vital_deaths_rates,0003411649,2003年,人口動態統計確定数（日本における日本人）,人,2003,,,死亡数・死亡率・死亡性比=死亡数_女,,463205,,2026-09-07T12:08:08Z
vital_deaths_rates,0003411649,2002年,人口動態統計確定数（日本における日本人）,人,2002,,,死亡数・死亡率・死亡性比=死亡数_女,,447074,,2026-09-07T12:08:08Z
vital_deaths_rates,0003411649,2001年,人口動態統計確定数（日本における日本人）,人,2001,,,死亡数・死亡率・死亡性比=死亡数_女,,441563,,2026-09-07T12:08:08Z
vital_deaths_rates,0003411649,2000年,人口動態統計確定数（日本における日本人）,人,2000,,,死亡数・死亡率・死亡性比=死亡数_女,,435750,,2026-09-07T12:08:08Z
vital_deaths_rates,0003411649,1999年,人口動態統計確定数（日本における日本人）,人,1999,,,死亡数・死亡率・死亡性比=死亡数_女,,447253,,2026-09-07T12:08:08Z
vital_deaths_rates,0003411649,1998年,人口動態統計確定数（日本における日本人）,人,1998,,,死亡数・死亡率・死亡性比=死亡数_女,,424356,,2026-09-07T12:08:08Z
vital_deaths_rates,0003411649,1997年,人口動態統計確定数（日本における日本人）,人,1997,,,死亡数・死亡率・死亡性比=死亡数_女,,415606,,2026-09-07T12:08:08Z
vital_deaths_rates,0003411649,1996年,人口動態統計確定数（日本における日本人）,人,1996,,,死亡数・死亡率・死亡性比=死亡数_女,,407606,,2026-09-07T12:08:08Z
vital_deaths_rates,0003411649,1995年,人口動態統計確定数（日本における日本人）,人,1995,,,死亡数・死亡率・死亡性比=死亡数_女,,420863,,2026-09-07T12:08:08Z
vital_deaths_rates,0003411649,1994年,人口動態統計確定数（日本における日本人）,人,1994,,,死亡数・死亡率・死亡性比=死亡数_女,,399853,,2026-09-07T12:08:08Z
vital_deaths_rates,0003411649,1993年,人口動態統計確定数（日本における日本人）,人,1993,,,死亡数・死亡率・死亡性比=死亡数_女,,402070,,2026-09-07T12:08:08Z
vital_deaths_rates,0003411649,1992年,人口動態統計確定数（日本における日本人）,人,1992,,,死亡数・死亡率・死亡性比=死亡数_女,,391099,,2026-09-07T12:08:08Z
vital_deaths_rates,0003411649,1991年,人口動態統計確定数（日本における日本人）,人,1991,,,死亡数・死亡率・死亡性比=死亡数_女,,379453,,2026-09-07T12:08:08Z
vital_deaths_rates,0003411649,1990年,人口動態統計確定数（日本における日本人）,人,1990,,,死亡数・死亡率・死亡性比=死亡数_女,,376587,,2026-09-07T12:08:08Z
vital_deaths_rates,0003411649,1989年,人口動態統計確定数（日本における日本人）,人,1989,,,死亡数・死亡率・死亡性比=死亡数_女,,361480,,2026-09-07T12:08:08Z
vital_deaths_rates,0003411649,1988年,人口動態統計確定数（日本における日本人）,人,1988,,,死亡数・死亡率・死亡性比=死亡数_女,,364920,,2026-09-07T12:08:08Z
vital_deaths_rates,0003411649,1987年,人口動態統計確定数（日本における日本人）,人,1987,,,死亡数・死亡率・死亡性比=死亡数_女,,343078,,2026-09-07T12:08:08Z
vital_deaths_rates,0003411649,1986年,人口動態統計確定数（日本における日本人）,人,1986,,,死亡数・死亡率・死亡性比=死亡数_女,,343702,,2026-09-07T12:08:08Z
vital_deaths_rates,0003411649,1985年,人口動態統計確定数（日本における日本人）,人,1985,,,死亡数・死亡率・死亡性比=死亡数_女,,344514,,2026-09-07T12:08:08Z
vital_deaths_rates,0003411649,1984年,人口動態統計確定数（日本における日本人）,人,1984,,,死亡数・死亡率・死亡性比=死亡数_女,,338027,,2026-09-07T12:08:08Z
vital_deaths_rates,0003411649,1983年,人口動態統計確定数（日本における日本人）,人,1983,,,死亡数・死亡率・死亡性比=死亡数_女,,338806,,2026-09-07T12:08:08Z
vital_deaths_rates,0003411649,1982年,人口動態統計確定数（日本における日本人）,人,1982,,,死亡数・死亡率・死亡性比=死亡数_女,,326389,,2026-09-07T12:08:08Z
vital_deaths_rates,0003411649,1981年,人口動態統計確定数（日本における日本人）,人,1981,,,死亡数・死亡率・死亡性比=死亡数_女,,331687,,2026-09-07T12:08:08Z
vital_deaths_rates,0003411649,1980年,人口動態統計確定数（日本における日本人）,人,1980,,,死亡数・死亡率・死亡性比=死亡数_女,,332157,,2026-09-07T12:08:08Z
vital_deaths_rates,0003411649,1979年,人口動態統計確定数（日本における日本人）,人,1979,,,死亡数・死亡率・死亡性比=死亡数_女,,316481,,2026-09-07T12:08:08Z
vital_deaths_rates,0003411649,1978年,人口動態統計確定数（日本における日本人）,人,1978,,,死亡数・死亡率・死亡性比=死亡数_女,,320196,,2026-09-07T12:08:08Z
vital_deaths_rates,0003411649,1977年,人口動態統計確定数（日本における日本人）,人,1977,,,死亡数・死亡率・死亡性比=死亡数_女,,317899,,2026-09-07T12:08:08Z
vital_deaths_rates,0003411649,1976年,人口動態統計確定数（日本における日本人）,人,1976,,,死亡数・死亡率・死亡性比=死亡数_女,,324640,,2026-09-07T12:08:08Z
vital_deaths_rates,0003411649,1975年,人口動態統計確定数（日本における日本人）,人,1975,,,死亡数・死亡率・死亡性比=死亡数_女,,324448,,2026-09-07T12:08:08Z
vital_deaths_rates,0003411649,1974年,人口動態統計確定数（日本における日本人）,人,1974,,,死亡数・死亡率・死亡性比=死亡数_女,,328641,,2026-09-07T12:08:08Z
vital_deaths_rates,0003411649,1973年,人口動態統計確定数（日本における日本人）,人,1973,,,死亡数・死亡率・死亡性比=死亡数_女,,325824,,2026-09-07T12:08:08Z
vital_deaths_rates,0003411649,1972年,人口動態統計確定数（日本における日本人）,人,1972,,,死亡数・死亡率・死亡性比=死亡数_女,,310918,,2026-09-07T12:08:08Z
vital_deaths_rates,0003411649,1971年,人口動態統計確定数（日本における日本人）,人,1971,,,死亡数・死亡率・死亡性比=死亡数_女,,311579,,2026-09-07T12:08:08Z
vital_deaths_rates,0003411649,1970年,人口動態統計確定数（日本における日本人）,人,1970,,,死亡数・死亡率・死亡性比=死亡数_女,,325082,,2026-09-07T12:08:08Z
vital_deaths_rates,0003411649,1969年,人口動態統計確定数（日本における日本人）,人,1969,,,死亡数・死亡率・死亡性比=死亡数_女,,314281,,2026-09-07T12:08:08Z
vital_deaths_rates,0003411649,1968年,人口動態統計確定数（日本における日本人）,人,1968,,,死亡数・死亡率・死亡性比=死亡数_女,,313624,,2026-09-07T12:08:08Z
vital_deaths_rates,0003411649,1967年,人口動態統計確定数（日本における日本人）,人,1967,,,死亡数・死亡率・死亡性比=死亡数_女,,308930,,2026-09-07T12:08:08Z
vital_deaths_rates,0003411649,1966年,人口動態統計確定数（日本における日本人）,人,1966,,,死亡数・死亡率・死亡性比=死亡数_女,,306986,,2026-09-07T12:08:08Z
vital_deaths_rates,0003411649,1965年,人口動態統計確定数（日本における日本人）,人,1965,,,死亡数・死亡率・死亡性比=死亡数_女,,321722,,2026-09-07T12:08:08Z
vital_deaths_rates,0003411649,1964年,人口動態統計確定数（日本における日本人）,人,1964,,,死亡数・死亡率・死亡性比=死亡数_女,,309536,,2026-09-07T12:08:08Z
vital_deaths_rates,0003411649,1963年,人口動態統計確定数（日本における日本人）,人,1963,,,死亡数・死亡率・死亡性比=死亡数_女,,309301,,2026-09-07T12:08:08Z
vital_deaths_rates,0003411649,1962年,人口動態統計確定数（日本における日本人）,人,1962,,,死亡数・死亡率・死亡性比=死亡数_女,,329439,,2026-09-07T12:08:08Z
vital_deaths_rates,0003411649,1961年,人口動態統計確定数（日本における日本人）,人,1961,,,死亡数・死亡率・死亡性比=死亡数_女,,323786,,2026-09-07T12:08:08Z
vital_deaths_rates,0003411649,1960年,人口動態統計確定数（日本における日本人）,人,1960,,,死亡数・死亡率・死亡性比=死亡数_女,,329073,,2026-09-07T12:08:08Z
vital_deaths_rates,0003411649,1959年,人口動態統計確定数（日本における日本人）,人,1959,,,死亡数・死亡率・死亡性比=死亡数_女,,322370,,2026-09-07T12:08:08Z
vital_deaths_rates,0003411649,1958年,人口動態統計確定数（日本における日本人）,人,1958,,,死亡数・死亡率・死亡性比=死亡数_女,,320542,,2026-09-07T12:08:08Z
vital_deaths_rates,0003411649,1957年,人口動態統計確定数（日本における日本人）,人,1957,,,死亡数・死亡率・死亡性比=死亡数_女,,354943,,2026-09-07T12:08:08Z
vital_deaths_rates,0003411649,1956年,人口動態統計確定数（日本における日本人）,人,1956,,,死亡数・死亡率・死亡性比=死亡数_女,,343065,,2026-09-07T12:08:08Z
vital_deaths_rates,0003411649,1955年,人口動態統計確定数（日本における日本人）,人,1955,,,死亡数・死亡率・死亡性比=死亡数_女,,328277,,2026-09-07T12:08:08Z
vital_deaths_rates,0003411649,1954年,人口動態統計確定数（日本における日本人）,人,1954,,,死亡数・死亡率・死亡性比=死亡数_女,,341833,,2026-09-07T12:08:08Z
vital_deaths_rates,0003411649,1953年,人口動態統計確定数（日本における日本人）,人,1953,,,死亡数・死亡率・死亡性比=死亡数_女,,372688,,2026-09-07T12:08:08Z
vital_deaths_rates,0003411649,1952年,人口動態統計確定数（日本における日本人）,人,1952,,,死亡数・死亡率・死亡性比=死亡数_女,,369863,,2026-09-07T12:08:08Z
vital_deaths_rates,0003411649,1951年,人口動態統計確定数（日本における日本人）,人,1951,,,死亡数・死亡率・死亡性比=死亡数_女,,406458,,2026-09-07T12:08:08Z
vital_deaths_rates,0003411649,1950年,人口動態統計確定数（日本における日本人）,人,1950,,,死亡数・死亡率・死亡性比=死亡数_女,,437803,,2026-09-07T12:08:08Z
vital_deaths_rates,0003411649,1949年,人口動態統計確定数（日本における日本人）,人,1949,,,死亡数・死亡率・死亡性比=死亡数_女,,455627,,2026-09-07T12:08:08Z
vital_deaths_rates,0003411649,1948年,人口動態統計確定数（日本における日本人）,人,1948,,,死亡数・死亡率・死亡性比=死亡数_女,,457037,,2026-09-07T12:08:08Z
vital_deaths_rates,0003411649,1947年,人口動態統計確定数（日本における日本人）,人,1947,,,死亡数・死亡率・死亡性比=死亡数_女,,542568,,2026-09-07T12:08:08Z
vital_deaths_rates,0003411649,1943年,人口動態統計確定数（日本における日本人）,人,1943,,,死亡数・死亡率・死亡性比=死亡数_女,,580938,,2026-09-07T12:08:08Z
vital_deaths_rates,0003411649,1942年,人口動態統計確定数（日本における日本人）,人,1942,,,死亡数・死亡率・死亡性比=死亡数_女,,557592,,2026-09-07T12:08:08Z
vital_deaths_rates,0003411649,1941年,人口動態統計確定数（日本における日本人）,人,1941,,,死亡数・死亡率・死亡性比=死亡数_女,,552186,,2026-09-07T12:08:08Z
vital_deaths_rates,0003411649,1940年,人口動態統計確定数（日本における日本人）,人,1940,,,死亡数・死亡率・死亡性比=死亡数_女,,571284,,2026-09-07T12:08:08Z
vital_deaths_rates,0003411649,1939年,人口動態統計確定数（日本における日本人）,人,1939,,,死亡数・死亡率・死亡性比=死亡数_女,,610171,,2026-09-07T12:08:08Z
vital_deaths_rates,0003411649,1938年,人口動態統計確定数（日本における日本人）,人,1938,,,死亡数・死亡率・死亡性比=死亡数_女,,606869,,2026-09-07T12:08:08Z
vital_deaths_rates,0003411649,1937年,人口動態統計確定数（日本における日本人）,人,1937,,,死亡数・死亡率・死亡性比=死亡数_女,,582274,,2026-09-07T12:08:08Z
vital_deaths_rates,0003411649,1936年,人口動態統計確定数（日本における日本人）,人,1936,,,死亡数・死亡率・死亡性比=死亡数_女,,592421,,2026-09-07T12:08:08Z
vital_deaths_rates,0003411649,1935年,人口動態統計確定数（日本における日本人）,人,1935,,,死亡数・死亡率・死亡性比=死亡数_女,,558367,,2026-09-07T12:08:08Z
vital_deaths_rates,0003411649,1934年,人口動態統計確定数（日本における日本人）,人,1934,,,死亡数・死亡率・死亡性比=死亡数_女,,595507,,2026-09-07T12:08:08Z
vital_deaths_rates,0003411649,1933年,人口動態統計確定数（日本における日本人）,人,1933,,,死亡数・死亡率・死亡性比=死亡数_女,,575491,,2026-09-07T12:08:08Z
vital_deaths_rates,0003411649,1932年,人口動態統計確定数（日本における日本人）,人,1932,,,死亡数・死亡率・死亡性比=死亡数_女,,568077,,2026-09-07T12:08:08Z
vital_deaths_rates,0003411649,1931年,人口動態統計確定数（日本における日本人）,人,1931,,,死亡数・死亡率・死亡性比=死亡数_女,,598745,,2026-09-07T12:08:08Z
vital_deaths_rates,0003411649,1930年,人口動態統計確定数（日本における日本人）,人,1930,,,死亡数・死亡率・死亡性比=死亡数_女,,566871,,2026-09-07T12:08:08Z
vital_deaths_rates,0003411649,1929年,人口動態統計確定数（日本における日本人）,人,1929,,,死亡数・死亡率・死亡性比=死亡数_女,,615234,,2026-09-07T12:08:08Z
vital_deaths_rates,0003411649,1928年,人口動態統計確定数（日本における日本人）,人,1928,,,死亡数・死亡率・死亡性比=死亡数_女,,597497,,2026-09-07T12:08:08Z
vital_deaths_rates,0003411649,1927年,人口動態統計確定数（日本における日本人）,人,1927,,,死亡数・死亡率・死亡性比=死亡数_女,,590012,,2026-09-07T12:08:08Z
vital_deaths_rates,0003411649,1926年,人口動態統計確定数（日本における日本人）,人,1926,,,死亡数・死亡率・死亡性比=死亡数_女,,563435,,2026-09-07T12:08:08Z
vital_deaths_rates,0003411649,1925年,人口動態統計確定数（日本における日本人）,人,1925,,,死亡数・死亡率・死亡性比=死亡数_女,,589349,,2026-09-07T12:08:08Z
vital_deaths_rates,0003411649,1924年,人口動態統計確定数（日本における日本人）,人,1924,,,死亡数・死亡率・死亡性比=死亡数_女,,611977,,2026-09-07T12:08:08Z
vital_deaths_rates,0003411649,1923年,人口動態統計確定数（日本における日本人）,人,1923,,,死亡数・死亡率・死亡性比=死亡数_女,,653405,,2026-09-07T12:08:08Z
vital_deaths_rates,0003411649,1922年,人口動態統計確定数（日本における日本人）,人,1922,,,死亡数・死亡率・死亡性比=死亡数_女,,631201,,2026-09-07T12:08:08Z
vital_deaths_rates,0003411649,1921年,人口動態統計確定数（日本における日本人）,人,1921,,,死亡数・死亡率・死亡性比=死亡数_女,,629242,,2026-09-07T12:08:08Z
vital_deaths_rates,0003411649,1920年,人口動態統計確定数（日本における日本人）,人,1920,,,死亡数・死亡率・死亡性比=死亡数_女,,701441,,2026-09-07T12:08:08Z
vital_deaths_rates,0003411649,1919年,人口動態統計確定数（日本における日本人）,人,1919,,,死亡数・死亡率・死亡性比=死亡数_女,,632981,,2026-09-07T12:08:08Z
vital_deaths_rates,0003411649,1918年,人口動態統計確定数（日本における日本人）,人,1918,,,死亡数・死亡率・死亡性比=死亡数_女,,739770,,2026-09-07T12:08:08Z
vital_deaths_rates,0003411649,1917年,人口動態統計確定数（日本における日本人）,人,1917,,,死亡数・死亡率・死亡性比=死亡数_女,,590359,,2026-09-07T12:08:08Z
vital_deaths_rates,0003411649,1916年,人口動態統計確定数（日本における日本人）,人,1916,,,死亡数・死亡率・死亡性比=死亡数_女,,583674,,2026-09-07T12:08:08Z
vital_deaths_rates,0003411649,1915年,人口動態統計確定数（日本における日本人）,人,1915,,,死亡数・死亡率・死亡性比=死亡数_女,,537610,,2026-09-07T12:08:08Z
vital_deaths_rates,0003411649,1914年,人口動態統計確定数（日本における日本人）,人,1914,,,死亡数・死亡率・死亡性比=死亡数_女,,542473,,2026-09-07T12:08:08Z
vital_deaths_rates,0003411649,1913年,人口動態統計確定数（日本における日本人）,人,1913,,,死亡数・死亡率・死亡性比=死亡数_女,,506042,,2026-09-07T12:08:08Z
vital_deaths_rates,0003411649,1912年,人口動態統計確定数（日本における日本人）,人,1912,,,死亡数・死亡率・死亡性比=死亡数_女,,513410,,2026-09-07T12:08:08Z
vital_deaths_rates,0003411649,1911年,人口動態統計確定数（日本における日本人）,人,1911,,,死亡数・死亡率・死亡性比=死亡数_女,,517762,,2026-09-07T12:08:08Z
vital_deaths_rates,0003411649,1910年,人口動態統計確定数（日本における日本人）,人,1910,,,死亡数・死亡率・死亡性比=死亡数_女,,529156,,2026-09-07T12:08:08Z
vital_deaths_rates,0003411649,1909年,人口動態統計確定数（日本における日本人）,人,1909,,,死亡数・死亡率・死亡性比=死亡数_女,,540992,,2026-09-07T12:08:08Z
vital_deaths_rates,0003411649,1908年,人口動態統計確定数（日本における日本人）,人,1908,,,死亡数・死亡率・死亡性比=死亡数_女,,511687,,2026-09-07T12:08:08Z
vital_deaths_rates,0003411649,1907年,人口動態統計確定数（日本における日本人）,人,1907,,,死亡数・死亡率・死亡性比=死亡数_女,,504681,,2026-09-07T12:08:08Z
vital_deaths_rates,0003411649,1906年,人口動態統計確定数（日本における日本人）,人,1906,,,死亡数・死亡率・死亡性比=死亡数_女,,475176,,2026-09-07T12:08:08Z
vital_deaths_rates,0003411649,1905年,人口動態統計確定数（日本における日本人）,人,1905,,,死亡数・死亡率・死亡性比=死亡数_女,,499365,,2026-09-07T12:08:08Z
vital_deaths_rates,0003411649,1904年,人口動態統計確定数（日本における日本人）,人,1904,,,死亡数・死亡率・死亡性比=死亡数_女,,473950,,2026-09-07T12:08:08Z
vital_deaths_rates,0003411649,1903年,人口動態統計確定数（日本における日本人）,人,1903,,,死亡数・死亡率・死亡性比=死亡数_女,,458755,,2026-09-07T12:08:08Z
vital_deaths_rates,0003411649,1902年,人口動態統計確定数（日本における日本人）,人,1902,,,死亡数・死亡率・死亡性比=死亡数_女,,472710,,2026-09-07T12:08:08Z
vital_deaths_rates,0003411649,1901年,人口動態統計確定数（日本における日本人）,人,1901,,,死亡数・死亡率・死亡性比=死亡数_女,,457278,,2026-09-07T12:08:08Z
vital_deaths_rates,0003411649,1900年,人口動態統計確定数（日本における日本人）,人,1900,,,死亡数・死亡率・死亡性比=死亡数_女,,446664,,2026-09-07T12:08:08Z
vital_deaths_rates,0003411649,1899年,人口動態統計確定数（日本における日本人）,人,1899年,,,死亡数・死亡率・死亡性比=死亡数_女,,455828,,2026-09-07T12:08:08Z
vital_deaths_rates,0003411649,2024年,人口動態統計確定数（日本における日本人）,人,2024,,,死亡数・死亡率・死亡性比=死亡数_不詳,,,-,2026-09-07T12:08:08Z
vital_deaths_rates,0003411649,2023年,人口動態統計確定数（日本における日本人）,人,2023,,,死亡数・死亡率・死亡性比=死亡数_不詳,,,-,2026-09-07T12:08:08Z
vital_deaths_rates,0003411649,2022年,人口動態統計確定数（日本における日本人）,人,2022,,,死亡数・死亡率・死亡性比=死亡数_不詳,,,-,2026-09-07T12:08:08Z
vital_deaths_rates,0003411649,2021年,人口動態統計確定数（日本における日本人）,人,2021,,,死亡数・死亡率・死亡性比=死亡数_不詳,,,-,2026-09-07T12:08:08Z
vital_deaths_rates,0003411649,2020年,人口動態統計確定数（日本における日本人）,人,2020,,,死亡数・死亡率・死亡性比=死亡数_不詳,,,-,2026-09-07T12:08:08Z
vital_deaths_rates,0003411649,2019年,人口動態統計確定数（日本における日本人）,人,2019,,,死亡数・死亡率・死亡性比=死亡数_不詳,,,-,2026-09-07T12:08:08Z
vital_deaths_rates,0003411649,2018年,人口動態統計確定数（日本における日本人）,人,2018,,,死亡数・死亡率・死亡性比=死亡数_不詳,,,-,2026-09-07T12:08:08Z
vital_deaths_rates,0003411649,2017年,人口動態統計確定数（日本における日本人）,人,2017,,,死亡数・死亡率・死亡性比=死亡数_不詳,,,-,2026-09-07T12:08:08Z
vital_deaths_rates,0003411649,2016年,人口動態統計確定数（日本における日本人）,人,2016,,,死亡数・死亡率・死亡性比=死亡数_不詳,,,-,2026-09-07T12:08:08Z
vital_deaths_rates,0003411649,2015年,人口動態統計確定数（日本における日本人）,人,2015,,,死亡数・死亡率・死亡性比=死亡数_不詳,,,-,2026-09-07T12:08:08Z
vital_deaths_rates,0003411649,2014年,人口動態統計確定数（日本における日本人）,人,2014,,,死亡数・死亡率・死亡性比=死亡数_不詳,,,-,2026-09-07T12:08:08Z
vital_deaths_rates,0003411649,2013年,人口動態統計確定数（日本における日本人）,人,2013,,,死亡数・死亡率・死亡性比=死亡数_不詳,,,-,2026-09-07T12:08:08Z
vital_deaths_rates,0003411649,2012年,人口動態統計確定数（日本における日本人）,人,2012,,,死亡数・死亡率・死亡性比=死亡数_不詳,,,-,2026-09-07T12:08:08Z
vital_deaths_rates,0003411649,2011年,人口動態統計確定数（日本における日本人）,人,2011,,,死亡数・死亡率・死亡性比=死亡数_不詳,,,-,2026-09-07T12:08:08Z
vital_deaths_rates,0003411649,2010年,人口動態統計確定数（日本における日本人）,人,2010,,,死亡数・死亡率・死亡性比=死亡数_不詳,,,-,2026-09-07T12:08:08Z
vital_deaths_rates,0003411649,2009年,人口動態統計確定数（日本における日本人）,人,2009,,,死亡数・死亡率・死亡性比=死亡数_不詳,,,-,2026-09-07T12:08:08Z
vital_deaths_rates,0003411649,2008年,人口動態統計確定数（日本における日本人）,人,2008,,,死亡数・死亡率・死亡性比=死亡数_不詳,,,-,2026-09-07T12:08:08Z
vital_deaths_rates,0003411649,2007年,人口動態統計確定数（日本における日本人）,人,2007,,,死亡数・死亡率・死亡性比=死亡数_不詳,,,-,2026-09-07T12:08:08Z
vital_deaths_rates,0003411649,2006年,人口動態統計確定数（日本における日本人）,人,2006,,,死亡数・死亡率・死亡性比=死亡数_不詳,,,-,2026-09-07T12:08:08Z
vital_deaths_rates,0003411649,2005年,人口動態統計確定数（日本における日本人）,人,2005,,,死亡数・死亡率・死亡性比=死亡数_不詳,,,-,2026-09-07T12:08:08Z
vital_deaths_rates,0003411649,2004年,人口動態統計確定数（日本における日本人）,人,2004,,,死亡数・死亡率・死亡性比=死亡数_不詳,,,-,2026-09-07T12:08:08Z
vital_deaths_rates,0003411649,2003年,人口動態統計確定数（日本における日本人）,人,2003,,,死亡数・死亡率・死亡性比=死亡数_不詳,,,-,2026-09-07T12:08:08Z
vital_deaths_rates,0003411649,2002年,人口動態統計確定数（日本における日本人）,人,2002,,,死亡数・死亡率・死亡性比=死亡数_不詳,,,-,2026-09-07T12:08:08Z
vital_deaths_rates,0003411649,2001年,人口動態統計確定数（日本における日本人）,人,2001,,,死亡数・死亡率・死亡性比=死亡数_不詳,,,-,2026-09-07T12:08:08Z
vital_deaths_rates,0003411649,2000年,人口動態統計確定数（日本における日本人）,人,2000,,,死亡数・死亡率・死亡性比=死亡数_不詳,,,-,2026-09-07T12:08:08Z
vital_deaths_rates,0003411649,1999年,人口動態統計確定数（日本における日本人）,人,1999,,,死亡数・死亡率・死亡性比=死亡数_不詳,,,-,2026-09-07T12:08:08Z
vital_deaths_rates,0003411649,1998年,人口動態統計確定数（日本における日本人）,人,1998,,,死亡数・死亡率・死亡性比=死亡数_不詳,,,-,2026-09-07T12:08:08Z
vital_deaths_rates,0003411649,1997年,人口動態統計確定数（日本における日本人）,人,1997,,,死亡数・死亡率・死亡性比=死亡数_不詳,,,-,2026-09-07T12:08:08Z
vital_deaths_rates,0003411649,1996年,人口動態統計確定数（日本における日本人）,人,1996,,,死亡数・死亡率・死亡性比=死亡数_不詳,,,-,2026-09-07T12:08:08Z
vital_deaths_rates,0003411649,1995年,人口動態統計確定数（日本における日本人）,人,1995,,,死亡数・死亡率・死亡性比=死亡数_不詳,,,-,2026-09-07T12:08:08Z
vital_deaths_rates,0003411649,1994年,人口動態統計確定数（日本における日本人）,人,1994,,,死亡数・死亡率・死亡性比=死亡数_不詳,,,-,2026-09-07T12:08:08Z
vital_deaths_rates,0003411649,1993年,人口動態統計確定数（日本における日本人）,人,1993,,,死亡数・死亡率・死亡性比=死亡数_不詳,,,-,2026-09-07T12:08:08Z
vital_deaths_rates,0003411649,1992年,人口動態統計確定数（日本における日本人）,人,1992,,,死亡数・死亡率・死亡性比=死亡数_不詳,,,-,2026-09-07T12:08:08Z
vital_deaths_rates,0003411649,1991年,人口動態統計確定数（日本における日本人）,人,1991,,,死亡数・死亡率・死亡性比=死亡数_不詳,,,-,2026-09-07T12:08:08Z
vital_deaths_rates,0003411649,1990年,人口動態統計確定数（日本における日本人）,人,1990,,,死亡数・死亡率・死亡性比=死亡数_不詳,,,-,2026-09-07T12:08:08Z
vital_deaths_rates,0003411649,1989年,人口動態統計確定数（日本における日本人）,人,1989,,,死亡数・死亡率・死亡性比=死亡数_不詳,,,-,2026-09-07T12:08:08Z
vital_deaths_rates,0003411649,1988年,人口動態統計確定数（日本における日本人）,人,1988,,,死亡数・死亡率・死亡性比=死亡数_不詳,,,-,2026-09-07T12:08:08Z
vital_deaths_rates,0003411649,1987年,人口動態統計確定数（日本における日本人）,人,1987,,,死亡数・死亡率・死亡性比=死亡数_不詳,,,-,2026-09-07T12:08:08Z
vital_deaths_rates,0003411649,1986年,人口動態統計確定数（日本における日本人）,人,1986,,,死亡数・死亡率・死亡性比=死亡数_不詳,,,-,2026-09-07T12:08:08Z
vital_deaths_rates,0003411649,1985年,人口動態統計確定数（日本における日本人）,人,1985,,,死亡数・死亡率・死亡性比=死亡数_不詳,,,-,2026-09-07T12:08:08Z
vital_deaths_rates,0003411649,1984年,人口動態統計確定数（日本における日本人）,人,1984,,,死亡数・死亡率・死亡性比=死亡数_不詳,,,-,2026-09-07T12:08:08Z
vital_deaths_rates,0003411649,1983年,人口動態統計確定数（日本における日本人）,人,1983,,,死亡数・死亡率・死亡性比=死亡数_不詳,,,-,2026-09-07T12:08:08Z
vital_deaths_rates,0003411649,1982年,人口動態統計確定数（日本における日本人）,人,1982,,,死亡数・死亡率・死亡性比=死亡数_不詳,,,-,2026-09-07T12:08:08Z
vital_deaths_rates,0003411649,1981年,人口動態統計確定数（日本における日本人）,人,1981,,,死亡数・死亡率・死亡性比=死亡数_不詳,,,-,2026-09-07T12:08:08Z
vital_deaths_rates,0003411649,1980年,人口動態統計確定数（日本における日本人）,人,1980,,,死亡数・死亡率・死亡性比=死亡数_不詳,,,-,2026-09-07T12:08:08Z
vital_deaths_rates,0003411649,1979年,人口動態統計確定数（日本における日本人）,人,1979,,,死亡数・死亡率・死亡性比=死亡数_不詳,,,-,2026-09-07T12:08:08Z
vital_deaths_rates,0003411649,1978年,人口動態統計確定数（日本における日本人）,人,1978,,,死亡数・死亡率・死亡性比=死亡数_不詳,,,-,2026-09-07T12:08:08Z
vital_deaths_rates,0003411649,1977年,人口動態統計確定数（日本における日本人）,人,1977,,,死亡数・死亡率・死亡性比=死亡数_不詳,,,-,2026-09-07T12:08:08Z
vital_deaths_rates,0003411649,1976年,人口動態統計確定数（日本における日本人）,人,1976,,,死亡数・死亡率・死亡性比=死亡数_不詳,,,-,2026-09-07T12:08:08Z
vital_deaths_rates,0003411649,1975年,人口動態統計確定数（日本における日本人）,人,1975,,,死亡数・死亡率・死亡性比=死亡数_不詳,,,-,2026-09-07T12:08:08Z
vital_deaths_rates,0003411649,1974年,人口動態統計確定数（日本における日本人）,人,1974,,,死亡数・死亡率・死亡性比=死亡数_不詳,,,-,2026-09-07T12:08:08Z
vital_deaths_rates,0003411649,1973年,人口動態統計確定数（日本における日本人）,人,1973,,,死亡数・死亡率・死亡性比=死亡数_不詳,,,-,2026-09-07T12:08:08Z
vital_deaths_rates,0003411649,1972年,人口動態統計確定数（日本における日本人）,人,1972,,,死亡数・死亡率・死亡性比=死亡数_不詳,,,-,2026-09-07T12:08:08Z
vital_deaths_rates,0003411649,1971年,人口動態統計確定数（日本における日本人）,人,1971,,,死亡数・死亡率・死亡性比=死亡数_不詳,,,-,2026-09-07T12:08:08Z
vital_deaths_rates,0003411649,1970年,人口動態統計確定数（日本における日本人）,人,1970,,,死亡数・死亡率・死亡性比=死亡数_不詳,,,-,2026-09-07T12:08:08Z
vital_deaths_rates,0003411649,1969年,人口動態統計確定数（日本における日本人）,人,1969,,,死亡数・死亡率・死亡性比=死亡数_不詳,,,-,2026-09-07T12:08:08Z
vital_deaths_rates,0003411649,1968年,人口動態統計確定数（日本における日本人）,人,1968,,,死亡数・死亡率・死亡性比=死亡数_不詳,,,-,2026-09-07T12:08:08Z
vital_deaths_rates,0003411649,1967年,人口動態統計確定数（日本における日本人）,人,1967,,,死亡数・死亡率・死亡性比=死亡数_不詳,,,-,2026-09-07T12:08:08Z
vital_deaths_rates,0003411649,1966年,人口動態統計確定数（日本における日本人）,人,1966,,,死亡数・死亡率・死亡性比=死亡数_不詳,,,-,2026-09-07T12:08:08Z
vital_deaths_rates,0003411649,1965年,人口動態統計確定数（日本における日本人）,人,1965,,,死亡数・死亡率・死亡性比=死亡数_不詳,,,-,2026-09-07T12:08:08Z
vital_deaths_rates,0003411649,1964年,人口動態統計確定数（日本における日本人）,人,1964,,,死亡数・死亡率・死亡性比=死亡数_不詳,,,-,2026-09-07T12:08:08Z
vital_deaths_rates,0003411649,1963年,人口動態統計確定数（日本における日本人）,人,1963,,,死亡数・死亡率・死亡性比=死亡数_不詳,,,-,2026-09-07T12:08:08Z
vital_deaths_rates,0003411649,1962年,人口動態統計確定数（日本における日本人）,人,1962,,,死亡数・死亡率・死亡性比=死亡数_不詳,,,-,2026-09-07T12:08:08Z
vital_deaths_rates,0003411649,1961年,人口動態統計確定数（日本における日本人）,人,1961,,,死亡数・死亡率・死亡性比=死亡数_不詳,,,-,2026-09-07T12:08:08Z
vital_deaths_rates,0003411649,1960年,人口動態統計確定数（日本における日本人）,人,1960,,,死亡数・死亡率・死亡性比=死亡数_不詳,,,-,2026-09-07T12:08:08Z
vital_deaths_rates,0003411649,1959年,人口動態統計確定数（日本における日本人）,人,1959,,,死亡数・死亡率・死亡性比=死亡数_不詳,,27,,2026-09-07T12:08:08Z
vital_deaths_rates,0003411649,1958年,人口動態統計確定数（日本における日本人）,人,1958,,,死亡数・死亡率・死亡性比=死亡数_不詳,,,-,2026-09-07T12:08:08Z
vital_deaths_rates,0003411649,1957年,人口動態統計確定数（日本における日本人）,人,1957,,,死亡数・死亡率・死亡性比=死亡数_不詳,,,-,2026-09-07T12:08:08Z
vital_deaths_rates,0003411649,1956年,人口動態統計確定数（日本における日本人）,人,1956,,,死亡数・死亡率・死亡性比=死亡数_不詳,,,-,2026-09-07T12:08:08Z
vital_deaths_rates,0003411649,1955年,人口動態統計確定数（日本における日本人）,人,1955,,,死亡数・死亡率・死亡性比=死亡数_不詳,,,-,2026-09-07T12:08:08Z
vital_deaths_rates,0003411649,1954年,人口動態統計確定数（日本における日本人）,人,1954,,,死亡数・死亡率・死亡性比=死亡数_不詳,,,-,2026-09-07T12:08:08Z
vital_deaths_rates,0003411649,1953年,人口動態統計確定数（日本における日本人）,人,1953,,,死亡数・死亡率・死亡性比=死亡数_不詳,,,-,2026-09-07T12:08:08Z
vital_deaths_rates,0003411649,1952年,人口動態統計確定数（日本における日本人）,人,1952,,,死亡数・死亡率・死亡性比=死亡数_不詳,,,-,2026-09-07T12:08:08Z
vital_deaths_rates,0003411649,1951年,人口動態統計確定数（日本における日本人）,人,1951,,,死亡数・死亡率・死亡性比=死亡数_不詳,,,-,2026-09-07T12:08:08Z
vital_deaths_rates,0003411649,1950年,人口動態統計確定数（日本における日本人）,人,1950,,,死亡数・死亡率・死亡性比=死亡数_不詳,,,-,2026-09-07T12:08:08Z
vital_deaths_rates,0003411649,1949年,人口動態統計確定数（日本における日本人）,人,1949,,,死亡数・死亡率・死亡性比=死亡数_不詳,,,-,2026-09-07T12:08:08Z
vital_deaths_rates,0003411649,1948年,人口動態統計確定数（日本における日本人）,人,1948,,,死亡数・死亡率・死亡性比=死亡数_不詳,,,-,2026-09-07T12:08:08Z
vital_deaths_rates,0003411649,1947年,人口動態統計確定数（日本における日本人）,人,1947,,,死亡数・死亡率・死亡性比=死亡数_不詳,,,-,2026-09-07T12:08:08Z
vital_deaths_rates,0003411649,1943年,人口動態統計確定数（日本における日本人）,人,1943,,,死亡数・死亡率・死亡性比=死亡数_不詳,,,-,2026-09-07T12:08:08Z
vital_deaths_rates,0003411649,1942年,人口動態統計確定数（日本における日本人）,人,1942,,,死亡数・死亡率・死亡性比=死亡数_不詳,,,-,2026-09-07T12:08:08Z
vital_deaths_rates,0003411649,1941年,人口動態統計確定数（日本における日本人）,人,1941,,,死亡数・死亡率・死亡性比=死亡数_不詳,,,-,2026-09-07T12:08:08Z
vital_deaths_rates,0003411649,1940年,人口動態統計確定数（日本における日本人）,人,1940,,,死亡数・死亡率・死亡性比=死亡数_不詳,,,-,2026-09-07T12:08:08Z
vital_deaths_rates,0003411649,1939年,人口動態統計確定数（日本における日本人）,人,1939,,,死亡数・死亡率・死亡性比=死亡数_不詳,,,-,2026-09-07T12:08:08Z
vital_deaths_rates,0003411649,1938年,人口動態統計確定数（日本における日本人）,人,1938,,,死亡数・死亡率・死亡性比=死亡数_不詳,,,-,2026-09-07T12:08:08Z
vital_deaths_rates,0003411649,1937年,人口動態統計確定数（日本における日本人）,人,1937,,,死亡数・死亡率・死亡性比=死亡数_不詳,,,-,2026-09-07T12:08:08Z
vital_deaths_rates,0003411649,1936年,人口動態統計確定数（日本における日本人）,人,1936,,,死亡数・死亡率・死亡性比=死亡数_不詳,,3,,2026-09-07T12:08:08Z
vital_deaths_rates,0003411649,1935年,人口動態統計確定数（日本における日本人）,人,1935,,,死亡数・死亡率・死亡性比=死亡数_不詳,,3,,2026-09-07T12:08:08Z
vital_deaths_rates,0003411649,1934年,人口動態統計確定数（日本における日本人）,人,1934,,,死亡数・死亡率・死亡性比=死亡数_不詳,,79,,2026-09-07T12:08:08Z
vital_deaths_rates,0003411649,1933年,人口動態統計確定数（日本における日本人）,人,1933,,,死亡数・死亡率・死亡性比=死亡数_不詳,,,-,2026-09-07T12:08:08Z
vital_deaths_rates,0003411649,1932年,人口動態統計確定数（日本における日本人）,人,1932,,,死亡数・死亡率・死亡性比=死亡数_不詳,,,-,2026-09-07T12:08:08Z
vital_deaths_rates,0003411649,1931年,人口動態統計確定数（日本における日本人）,人,1931,,,死亡数・死亡率・死亡性比=死亡数_不詳,,,-,2026-09-07T12:08:08Z
vital_deaths_rates,0003411649,1930年,人口動態統計確定数（日本における日本人）,人,1930,,,死亡数・死亡率・死亡性比=死亡数_不詳,,1,,2026-09-07T12:08:08Z
vital_deaths_rates,0003411649,1929年,人口動態統計確定数（日本における日本人）,人,1929,,,死亡数・死亡率・死亡性比=死亡数_不詳,,,-,2026-09-07T12:08:08Z
vital_deaths_rates,0003411649,1928年,人口動態統計確定数（日本における日本人）,人,1928,,,死亡数・死亡率・死亡性比=死亡数_不詳,,,-,2026-09-07T12:08:08Z
vital_deaths_rates,0003411649,1927年,人口動態統計確定数（日本における日本人）,人,1927,,,死亡数・死亡率・死亡性比=死亡数_不詳,,,-,2026-09-07T12:08:08Z
vital_deaths_rates,0003411649,1926年,人口動態統計確定数（日本における日本人）,人,1926,,,死亡数・死亡率・死亡性比=死亡数_不詳,,7,,2026-09-07T12:08:08Z
vital_deaths_rates,0003411649,1925年,人口動態統計確定数（日本における日本人）,人,1925,,,死亡数・死亡率・死亡性比=死亡数_不詳,,,-,2026-09-07T12:08:08Z
vital_deaths_rates,0003411649,1924年,人口動態統計確定数（日本における日本人）,人,1924,,,死亡数・死亡率・死亡性比=死亡数_不詳,,,-,2026-09-07T12:08:08Z
vital_deaths_rates,0003411649,1923年,人口動態統計確定数（日本における日本人）,人,1923,,,死亡数・死亡率・死亡性比=死亡数_不詳,,8,,2026-09-07T12:08:08Z
vital_deaths_rates,0003411649,1922年,人口動態統計確定数（日本における日本人）,人,1922,,,死亡数・死亡率・死亡性比=死亡数_不詳,,,-,2026-09-07T12:08:08Z
vital_deaths_rates,0003411649,1921年,人口動態統計確定数（日本における日本人）,人,1921,,,死亡数・死亡率・死亡性比=死亡数_不詳,,,-,2026-09-07T12:08:08Z
vital_deaths_rates,0003411649,1920年,人口動態統計確定数（日本における日本人）,人,1920,,,死亡数・死亡率・死亡性比=死亡数_不詳,,,-,2026-09-07T12:08:08Z
vital_deaths_rates,0003411649,1919年,人口動態統計確定数（日本における日本人）,人,1919,,,死亡数・死亡率・死亡性比=死亡数_不詳,,,-,2026-09-07T12:08:08Z
vital_deaths_rates,0003411649,1918年,人口動態統計確定数（日本における日本人）,人,1918,,,死亡数・死亡率・死亡性比=死亡数_不詳,,,-,2026-09-07T12:08:08Z
vital_deaths_rates,0003411649,1917年,人口動態統計確定数（日本における日本人）,人,1917,,,死亡数・死亡率・死亡性比=死亡数_不詳,,,-,2026-09-07T12:08:08Z
vital_deaths_rates,0003411649,1916年,人口動態統計確定数（日本における日本人）,人,1916,,,死亡数・死亡率・死亡性比=死亡数_不詳,,2,,2026-09-07T12:08:08Z
vital_deaths_rates,0003411649,1915年,人口動態統計確定数（日本における日本人）,人,1915,,,死亡数・死亡率・死亡性比=死亡数_不詳,,4,,2026-09-07T12:08:08Z
vital_deaths_rates,0003411649,1914年,人口動態統計確定数（日本における日本人）,人,1914,,,死亡数・死亡率・死亡性比=死亡数_不詳,,5,,2026-09-07T12:08:08Z
vital_deaths_rates,0003411649,1913年,人口動態統計確定数（日本における日本人）,人,1913,,,死亡数・死亡率・死亡性比=死亡数_不詳,,5,,2026-09-07T12:08:08Z
vital_deaths_rates,0003411649,1912年,人口動態統計確定数（日本における日本人）,人,1912,,,死亡数・死亡率・死亡性比=死亡数_不詳,,2,,2026-09-07T12:08:08Z
vital_deaths_rates,0003411649,1911年,人口動態統計確定数（日本における日本人）,人,1911,,,死亡数・死亡率・死亡性比=死亡数_不詳,,3,,2026-09-07T12:08:08Z
vital_deaths_rates,0003411649,1910年,人口動態統計確定数（日本における日本人）,人,1910,,,死亡数・死亡率・死亡性比=死亡数_不詳,,2,,2026-09-07T12:08:08Z
vital_deaths_rates,0003411649,1909年,人口動態統計確定数（日本における日本人）,人,1909,,,死亡数・死亡率・死亡性比=死亡数_不詳,,5,,2026-09-07T12:08:08Z
vital_deaths_rates,0003411649,1908年,人口動態統計確定数（日本における日本人）,人,1908,,,死亡数・死亡率・死亡性比=死亡数_不詳,,5,,2026-09-07T12:08:08Z
vital_deaths_rates,0003411649,1907年,人口動態統計確定数（日本における日本人）,人,1907,,,死亡数・死亡率・死亡性比=死亡数_不詳,,7,,2026-09-07T12:08:08Z
vital_deaths_rates,0003411649,1906年,人口動態統計確定数（日本における日本人）,人,1906,,,死亡数・死亡率・死亡性比=死亡数_不詳,,3,,2026-09-07T12:08:08Z
vital_deaths_rates,0003411649,1905年,人口動態統計確定数（日本における日本人）,人,1905,,,死亡数・死亡率・死亡性比=死亡数_不詳,,6,,2026-09-07T12:08:08Z
vital_deaths_rates,0003411649,1904年,人口動態統計確定数（日本における日本人）,人,1904,,,死亡数・死亡率・死亡性比=死亡数_不詳,,5,,2026-09-07T12:08:08Z
vital_deaths_rates,0003411649,1903年,人口動態統計確定数（日本における日本人）,人,1903,,,死亡数・死亡率・死亡性比=死亡数_不詳,,4,,2026-09-07T12:08:08Z
vital_deaths_rates,0003411649,1902年,人口動態統計確定数（日本における日本人）,人,1902,,,死亡数・死亡率・死亡性比=死亡数_不詳,,6,,2026-09-07T12:08:08Z
vital_deaths_rates,0003411649,1901年,人口動態統計確定数（日本における日本人）,人,1901,,,死亡数・死亡率・死亡性比=死亡数_不詳,,8,,2026-09-07T12:08:08Z
vital_deaths_rates,0003411649,1900年,人口動態統計確定数（日本における日本人）,人,1900,,,死亡数・死亡率・死亡性比=死亡数_不詳,,8,,2026-09-07T12:08:08Z
vital_deaths_rates,0003411649,1899年,人口動態統計確定数（日本における日本人）,人,1899年,,,死亡数・死亡率・死亡性比=死亡数_不詳,,10,,2026-09-07T12:08:08Z
vital_deaths_rates,0003411649,2024年,人口動態統計確定数（日本における日本人）,人口千対,2024,,,死亡数・死亡率・死亡性比=死亡率_総数,,13.3,,2026-09-07T12:08:08Z
vital_deaths_rates,0003411649,2023年,人口動態統計確定数（日本における日本人）,人口千対,2023,,,死亡数・死亡率・死亡性比=死亡率_総数,,13.0,,2026-09-07T12:08:08Z
vital_deaths_rates,0003411649,2022年,人口動態統計確定数（日本における日本人）,人口千対,2022,,,死亡数・死亡率・死亡性比=死亡率_総数,,12.9,,2026-09-07T12:08:08Z
vital_deaths_rates,0003411649,2021年,人口動態統計確定数（日本における日本人）,人口千対,2021,,,死亡数・死亡率・死亡性比=死亡率_総数,,11.7,,2026-09-07T12:08:08Z
vital_deaths_rates,0003411649,2020年,人口動態統計確定数（日本における日本人）,人口千対,2020,,,死亡数・死亡率・死亡性比=死亡率_総数,,11.1,,2026-09-07T12:08:08Z
vital_deaths_rates,0003411649,2019年,人口動態統計確定数（日本における日本人）,人口千対,2019,,,死亡数・死亡率・死亡性比=死亡率_総数,,11.2,,2026-09-07T12:08:08Z
vital_deaths_rates,0003411649,2018年,人口動態統計確定数（日本における日本人）,人口千対,2018,,,死亡数・死亡率・死亡性比=死亡率_総数,,11.0,,2026-09-07T12:08:08Z
vital_deaths_rates,0003411649,2017年,人口動態統計確定数（日本における日本人）,人口千対,2017,,,死亡数・死亡率・死亡性比=死亡率_総数,,10.8,,2026-09-07T12:08:08Z
vital_deaths_rates,0003411649,2016年,人口動態統計確定数（日本における日本人）,人口千対,2016,,,死亡数・死亡率・死亡性比=死亡率_総数,,10.5,,2026-09-07T12:08:08Z
vital_deaths_rates,0003411649,2015年,人口動態統計確定数（日本における日本人）,人口千対,2015,,,死亡数・死亡率・死亡性比=死亡率_総数,,10.3,,2026-09-07T12:08:08Z
vital_deaths_rates,0003411649,2014年,人口動態統計確定数（日本における日本人）,人口千対,2014,,,死亡数・死亡率・死亡性比=死亡率_総数,,10.1,,2026-09-07T12:08:08Z
vital_deaths_rates,0003411649,2013年,人口動態統計確定数（日本における日本人）,人口千対,2013,,,死亡数・死亡率・死亡性比=死亡率_総数,,10.1,,2026-09-07T12:08:08Z
vital_deaths_rates,0003411649,2012年,人口動態統計確定数（日本における日本人）,人口千対,2012,,,死亡数・死亡率・死亡性比=死亡率_総数,,10.0,,2026-09-07T12:08:08Z
vital_deaths_rates,0003411649,2011年,人口動態統計確定数（日本における日本人）,人口千対,2011,,,死亡数・死亡率・死亡性比=死亡率_総数,,9.9,,2026-09-07T12:08:08Z
vital_deaths_rates,0003411649,2010年,人口動態統計確定数（日本における日本人）,人口千対,2010,,,死亡数・死亡率・死亡性比=死亡率_総数,,9.5,,2026-09-07T12:08:08Z
vital_deaths_rates,0003411649,2009年,人口動態統計確定数（日本における日本人）,人口千対,2009,,,死亡数・死亡率・死亡性比=死亡率_総数,,9.1,,2026-09-07T12:08:08Z
vital_deaths_rates,0003411649,2008年,人口動態統計確定数（日本における日本人）,人口千対,2008,,,死亡数・死亡率・死亡性比=死亡率_総数,,9.1,,2026-09-07T12:08:08Z
vital_deaths_rates,0003411649,2007年,人口動態統計確定数（日本における日本人）,人口千対,2007,,,死亡数・死亡率・死亡性比=死亡率_総数,,8.8,,2026-09-07T12:08:08Z
vital_deaths_rates,0003411649,2006年,人口動態統計確定数（日本における日本人）,人口千対,2006,,,死亡数・死亡率・死亡性比=死亡率_総数,,8.6,,2026-09-07T12:08:08Z
vital_deaths_rates,0003411649,2005年,人口動態統計確定数（日本における日本人）,人口千対,2005,,,死亡数・死亡率・死亡性比=死亡率_総数,,8.6,,2026-09-07T12:08:08Z
vital_deaths_rates,0003411649,2004年,人口動態統計確定数（日本における日本人）,人口千対,2004,,,死亡数・死亡率・死亡性比=死亡率_総数,,8.2,,2026-09-07T12:08:08Z
vital_deaths_rates,0003411649,2003年,人口動態統計確定数（日本における日本人）,人口千対,2003,,,死亡数・死亡率・死亡性比=死亡率_総数,,8.0,,2026-09-07T12:08:08Z
vital_deaths_rates,0003411649,2002年,人口動態統計確定数（日本における日本人）,人口千対,2002,,,死亡数・死亡率・死亡性比=死亡率_総数,,7.8,,2026-09-07T12:08:08Z
vital_deaths_rates,0003411649,2001年,人口動態統計確定数（日本における日本人）,人口千対,2001,,,死亡数・死亡率・死亡性比=死亡率_総数,,7.7,,2026-09-07T12:08:08Z
vital_deaths_rates,0003411649,2000年,人口動態統計確定数（日本における日本人）,人口千対,2000,,,死亡数・死亡率・死亡性比=死亡率_総数,,7.7,,2026-09-07T12:08:08Z
vital_deaths_rates,0003411649,1999年,人口動態統計確定数（日本における日本人）,人口千対,1999,,,死亡数・死亡率・死亡性比=死亡率_総数,,7.8,,2026-09-07T12:08:08Z
vital_deaths_rates,0003411649,1998年,人口動態統計確定数（日本における日本人）,人口千対,1998,,,死亡数・死亡率・死亡性比=死亡率_総数,,7.5,,2026-09-07T12:08:08Z
vital_deaths_rates,0003411649,1997年,人口動態統計確定数（日本における日本人）,人口千対,1997,,,死亡数・死亡率・死亡性比=死亡率_総数,,7.3,,2026-09-07T12:08:08Z
vital_deaths_rates,0003411649,1996年,人口動態統計確定数（日本における日本人）,人口千対,1996,,,死亡数・死亡率・死亡性比=死亡率_総数,,7.2,,2026-09-07T12:08:08Z
vital_deaths_rates,0003411649,1995年,人口動態統計確定数（日本における日本人）,人口千対,1995,,,死亡数・死亡率・死亡性比=死亡率_総数,,7.4,,2026-09-07T12:08:08Z
vital_deaths_rates,0003411649,1994年,人口動態統計確定数（日本における日本人）,人口千対,1994,,,死亡数・死亡率・死亡性比=死亡率_総数,,7.1,,2026-09-07T12:08:08Z
vital_deaths_rates,0003411649,1993年,人口動態統計確定数（日本における日本人）,人口千対,1993,,,死亡数・死亡率・死亡性比=死亡率_総数,,7.1,,2026-09-07T12:08:08Z
vital_deaths_rates,0003411649,1992年,人口動態統計確定数（日本における日本人）,人口千対,1992,,,死亡数・死亡率・死亡性比=死亡率_総数,,6.9,,2026-09-07T12:08:08Z
vital_deaths_rates,0003411649,1991年,人口動態統計確定数（日本における日本人）,人口千対,1991,,,死亡数・死亡率・死亡性比=死亡率_総数,,6.7,,2026-09-07T12:08:08Z
vital_deaths_rates,0003411649,1990年,人口動態統計確定数（日本における日本人）,人口千対,1990,,,死亡数・死亡率・死亡性比=死亡率_総数,,6.7,,2026-09-07T12:08:08Z
vital_deaths_rates,0003411649,1989年,人口動態統計確定数（日本における日本人）,人口千対,1989,,,死亡数・死亡率・死亡性比=死亡率_総数,,6.4,,2026-09-07T12:08:08Z
vital_deaths_rates,0003411649,1988年,人口動態統計確定数（日本における日本人）,人口千対,1988,,,死亡数・死亡率・死亡性比=死亡率_総数,,6.5,,2026-09-07T12:08:08Z
vital_deaths_rates,0003411649,1987年,人口動態統計確定数（日本における日本人）,人口千対,1987,,,死亡数・死亡率・死亡性比=死亡率_総数,,6.2,,2026-09-07T12:08:08Z
vital_deaths_rates,0003411649,1986年,人口動態統計確定数（日本における日本人）,人口千対,1986,,,死亡数・死亡率・死亡性比=死亡率_総数,,6.2,,2026-09-07T12:08:08Z
vital_deaths_rates,0003411649,1985年,人口動態統計確定数（日本における日本人）,人口千対,1985,,,死亡数・死亡率・死亡性比=死亡率_総数,,6.3,,2026-09-07T12:08:08Z
vital_deaths_rates,0003411649,1984年,人口動態統計確定数（日本における日本人）,人口千対,1984,,,死亡数・死亡率・死亡性比=死亡率_総数,,6.2,,2026-09-07T12:08:08Z
vital_deaths_rates,0003411649,1983年,人口動態統計確定数（日本における日本人）,人口千対,1983,,,死亡数・死亡率・死亡性比=死亡率_総数,,6.2,,2026-09-07T12:08:08Z
vital_deaths_rates,0003411649,1982年,人口動態統計確定数（日本における日本人）,人口千対,1982,,,死亡数・死亡率・死亡性比=死亡率_総数,,6.0,,2026-09-07T12:08:08Z
vital_deaths_rates,0003411649,1981年,人口動態統計確定数（日本における日本人）,人口千対,1981,,,死亡数・死亡率・死亡性比=死亡率_総数,,6.1,,2026-09-07T12:08:08Z
vital_deaths_rates,0003411649,1980年,人口動態統計確定数（日本における日本人）,人口千対,1980,,,死亡数・死亡率・死亡性比=死亡率_総数,,6.2,,2026-09-07T12:08:08Z
vital_deaths_rates,0003411649,1979年,人口動態統計確定数（日本における日本人）,人口千対,1979,,,死亡数・死亡率・死亡性比=死亡率_総数,,6.0,,2026-09-07T12:08:08Z
vital_deaths_rates,0003411649,1978年,人口動態統計確定数（日本における日本人）,人口千対,1978,,,死亡数・死亡率・死亡性比=死亡率_総数,,6.1,,2026-09-07T12:08:08Z
vital_deaths_rates,0003411649,1977年,人口動態統計確定数（日本における日本人）,人口千対,1977,,,死亡数・死亡率・死亡性比=死亡率_総数,,6.1,,2026-09-07T12:08:08Z
vital_deaths_rates,0003411649,1976年,人口動態統計確定数（日本における日本人）,人口千対,1976,,,死亡数・死亡率・死亡性比=死亡率_総数,,6.3,,2026-09-07T12:08:08Z
vital_deaths_rates,0003411649,1975年,人口動態統計確定数（日本における日本人）,人口千対,1975,,,死亡数・死亡率・死亡性比=死亡率_総数,,6.3,,2026-09-07T12:08:08Z
vital_deaths_rates,0003411649,1974年,人口動態統計確定数（日本における日本人）,人口千対,1974,,,死亡数・死亡率・死亡性比=死亡率_総数,,6.5,,2026-09-07T12:08:08Z
vital_deaths_rates,0003411649,1973年,人口動態統計確定数（日本における日本人）,人口千対,1973,,,死亡数・死亡率・死亡性比=死亡率_総数,,6.6,,2026-09-07T12:08:08Z
vital_deaths_rates,0003411649,1972年,人口動態統計確定数（日本における日本人）,人口千対,1972,,,死亡数・死亡率・死亡性比=死亡率_総数,,6.5,,2026-09-07T12:08:08Z
vital_deaths_rates,0003411649,1971年,人口動態統計確定数（日本における日本人）,人口千対,1971,,,死亡数・死亡率・死亡性比=死亡率_総数,,6.6,,2026-09-07T12:08:08Z
vital_deaths_rates,0003411649,1970年,人口動態統計確定数（日本における日本人）,人口千対,1970,,,死亡数・死亡率・死亡性比=死亡率_総数,,6.9,,2026-09-07T12:08:08Z
vital_deaths_rates,0003411649,1969年,人口動態統計確定数（日本における日本人）,人口千対,1969,,,死亡数・死亡率・死亡性比=死亡率_総数,,6.8,,2026-09-07T12:08:08Z
vital_deaths_rates,0003411649,1968年,人口動態統計確定数（日本における日本人）,人口千対,1968,,,死亡数・死亡率・死亡性比=死亡率_総数,,6.8,,2026-09-07T12:08:08Z
vital_deaths_rates,0003411649,1967年,人口動態統計確定数（日本における日本人）,人口千対,1967,,,死亡数・死亡率・死亡性比=死亡率_総数,,6.8,,2026-09-07T12:08:08Z
vital_deaths_rates,0003411649,1966年,人口動態統計確定数（日本における日本人）,人口千対,1966,,,死亡数・死亡率・死亡性比=死亡率_総数,,6.8,,2026-09-07T12:08:08Z
vital_deaths_rates,0003411649,1965年,人口動態統計確定数（日本における日本人）,人口千対,1965,,,死亡数・死亡率・死亡性比=死亡率_総数,,7.1,,2026-09-07T12:08:08Z
vital_deaths_rates,0003411649,1964年,人口動態統計確定数（日本における日本人）,人口千対,1964,,,死亡数・死亡率・死亡性比=死亡率_総数,,6.9,,2026-09-07T12:08:08Z
vital_deaths_rates,0003411649,1963年,人口動態統計確定数（日本における日本人）,人口千対,1963,,,死亡数・死亡率・死亡性比=死亡率_総数,,7.0,,2026-09-07T12:08:08Z
vital_deaths_rates,0003411649,1962年,人口動態統計確定数（日本における日本人）,人口千対,1962,,,死亡数・死亡率・死亡性比=死亡率_総数,,7.5,,2026-09-07T12:08:08Z
vital_deaths_rates,0003411649,1961年,人口動態統計確定数（日本における日本人）,人口千対,1961,,,死亡数・死亡率・死亡性比=死亡率_総数,,7.4,,2026-09-07T12:08:08Z
vital_deaths_rates,0003411649,1960年,人口動態統計確定数（日本における日本人）,人口千対,1960,,,死亡数・死亡率・死亡性比=死亡率_総数,,7.6,,2026-09-07T12:08:08Z
vital_deaths_rates,0003411649,1959年,人口動態統計確定数（日本における日本人）,人口千対,1959,,,死亡数・死亡率・死亡性比=死亡率_総数,,7.4,,2026-09-07T12:08:08Z
vital_deaths_rates,0003411649,1958年,人口動態統計確定数（日本における日本人）,人口千対,1958,,,死亡数・死亡率・死亡性比=死亡率_総数,,7.4,,2026-09-07T12:08:08Z
vital_deaths_rates,0003411649,1957年,人口動態統計確定数（日本における日本人）,人口千対,1957,,,死亡数・死亡率・死亡性比=死亡率_総数,,8.3,,2026-09-07T12:08:08Z
vital_deaths_rates,0003411649,1956年,人口動態統計確定数（日本における日本人）,人口千対,1956,,,死亡数・死亡率・死亡性比=死亡率_総数,,8.0,,2026-09-07T12:08:08Z
vital_deaths_rates,0003411649,1955年,人口動態統計確定数（日本における日本人）,人口千対,1955,,,死亡数・死亡率・死亡性比=死亡率_総数,,7.8,,2026-09-07T12:08:08Z
vital_deaths_rates,0003411649,1954年,人口動態統計確定数（日本における日本人）,人口千対,1954,,,死亡数・死亡率・死亡性比=死亡率_総数,,8.2,,2026-09-07T12:08:08Z
vital_deaths_rates,0003411649,1953年,人口動態統計確定数（日本における日本人）,人口千対,1953,,,死亡数・死亡率・死亡性比=死亡率_総数,,8.9,,2026-09-07T12:08:08Z
vital_deaths_rates,0003411649,1952年,人口動態統計確定数（日本における日本人）,人口千対,1952,,,死亡数・死亡率・死亡性比=死亡率_総数,,8.9,,2026-09-07T12:08:08Z
vital_deaths_rates,0003411649,1951年,人口動態統計確定数（日本における日本人）,人口千対,1951,,,死亡数・死亡率・死亡性比=死亡率_総数,,9.9,,2026-09-07T12:08:08Z
vital_deaths_rates,0003411649,1950年,人口動態統計確定数（日本における日本人）,人口千対,1950,,,死亡数・死亡率・死亡性比=死亡率_総数,,10.9,,2026-09-07T12:08:08Z
vital_deaths_rates,0003411649,1949年,人口動態統計確定数（日本における日本人）,人口千対,1949,,,死亡数・死亡率・死亡性比=死亡率_総数,,11.6,,2026-09-07T12:08:08Z
vital_deaths_rates,0003411649,1948年,人口動態統計確定数（日本における日本人）,人口千対,1948,,,死亡数・死亡率・死亡性比=死亡率_総数,,11.9,,2026-09-07T12:08:08Z
vital_deaths_rates,0003411649,1947年,人口動態統計確定数（日本における日本人）,人口千対,1947,,,死亡数・死亡率・死亡性比=死亡率_総数,,14.6,,2026-09-07T12:08:08Z
vital_deaths_rates,0003411649,1943年,人口動態統計確定数（日本における日本人）,人口千対,1943,,,死亡数・死亡率・死亡性比=死亡率_総数,,16.7,,2026-09-07T12:08:08Z
vital_deaths_rates,0003411649,1942年,人口動態統計確定数（日本における日本人）,人口千対,1942,,,死亡数・死亡率・死亡性比=死亡率_総数,,16.1,,2026-09-07T12:08:08Z
vital_deaths_rates,0003411649,1941年,人口動態統計確定数（日本における日本人）,人口千対,1941,,,死亡数・死亡率・死亡性比=死亡率_総数,,16.0,,2026-09-07T12:08:08Z
vital_deaths_rates,0003411649,1940年,人口動態統計確定数（日本における日本人）,人口千対,1940,,,死亡数・死亡率・死亡性比=死亡率_総数,,16.5,,2026-09-07T12:08:08Z
vital_deaths_rates,0003411649,1939年,人口動態統計確定数（日本における日本人）,人口千対,1939,,,死亡数・死亡率・死亡性比=死亡率_総数,,17.8,,2026-09-07T12:08:08Z
vital_deaths_rates,0003411649,1938年,人口動態統計確定数（日本における日本人）,人口千対,1938,,,死亡数・死亡率・死亡性比=死亡率_総数,,17.7,,2026-09-07T12:08:08Z
vital_deaths_rates,0003411649,1937年,人口動態統計確定数（日本における日本人）,人口千対,1937,,,死亡数・死亡率・死亡性比=死亡率_総数,,17.1,,2026-09-07T12:08:08Z
vital_deaths_rates,0003411649,1936年,人口動態統計確定数（日本における日本人）,人口千対,1936,,,死亡数・死亡率・死亡性比=死亡率_総数,,17.5,,2026-09-07T12:08:08Z
vital_deaths_rates,0003411649,1935年,人口動態統計確定数（日本における日本人）,人口千対,1935,,,死亡数・死亡率・死亡性比=死亡率_総数,,16.8,,2026-09-07T12:08:08Z
vital_deaths_rates,0003411649,1934年,人口動態統計確定数（日本における日本人）,人口千対,1934,,,死亡数・死亡率・死亡性比=死亡率_総数,,18.1,,2026-09-07T12:08:08Z
vital_deaths_rates,0003411649,1933年,人口動態統計確定数（日本における日本人）,人口千対,1933,,,死亡数・死亡率・死亡性比=死亡率_総数,,17.7,,2026-09-07T12:08:08Z
vital_deaths_rates,0003411649,1932年,人口動態統計確定数（日本における日本人）,人口千対,1932,,,死亡数・死亡率・死亡性比=死亡率_総数,,17.7,,2026-09-07T12:08:08Z
vital_deaths_rates,0003411649,1931年,人口動態統計確定数（日本における日本人）,人口千対,1931,,,死亡数・死亡率・死亡性比=死亡率_総数,,19.0,,2026-09-07T12:08:08Z
vital_deaths_rates,0003411649,1930年,人口動態統計確定数（日本における日本人）,人口千対,1930,,,死亡数・死亡率・死亡性比=死亡率_総数,,18.2,,2026-09-07T12:08:08Z
vital_deaths_rates,0003411649,1929年,人口動態統計確定数（日本における日本人）,人口千対,1929,,,死亡数・死亡率・死亡性比=死亡率_総数,,19.9,,2026-09-07T12:08:08Z
vital_deaths_rates,0003411649,1928年,人口動態統計確定数（日本における日本人）,人口千対,1928,,,死亡数・死亡率・死亡性比=死亡率_総数,,19.8,,2026-09-07T12:08:08Z
vital_deaths_rates,0003411649,1927年,人口動態統計確定数（日本における日本人）,人口千対,1927,,,死亡数・死亡率・死亡性比=死亡率_総数,,19.7,,2026-09-07T12:08:08Z
vital_deaths_rates,0003411649,1926年,人口動態統計確定数（日本における日本人）,人口千対,1926,,,死亡数・死亡率・死亡性比=死亡率_総数,,19.1,,2026-09-07T12:08:08Z
vital_deaths_rates,0003411649,1925年,人口動態統計確定数（日本における日本人）,人口千対,1925,,,死亡数・死亡率・死亡性比=死亡率_総数,,20.3,,2026-09-07T12:08:08Z
vital_deaths_rates,0003411649,1924年,人口動態統計確定数（日本における日本人）,人口千対,1924,,,死亡数・死亡率・死亡性比=死亡率_総数,,21.3,,2026-09-07T12:08:08Z
vital_deaths_rates,0003411649,1923年,人口動態統計確定数（日本における日本人）,人口千対,1923,,,死亡数・死亡率・死亡性比=死亡率_総数,,22.9,,2026-09-07T12:08:08Z
vital_deaths_rates,0003411649,1922年,人口動態統計確定数（日本における日本人）,人口千対,1922,,,死亡数・死亡率・死亡性比=死亡率_総数,,22.4,,2026-09-07T12:08:08Z
vital_deaths_rates,0003411649,1921年,人口動態統計確定数（日本における日本人）,人口千対,1921,,,死亡数・死亡率・死亡性比=死亡率_総数,,22.7,,2026-09-07T12:08:08Z
vital_deaths_rates,0003411649,1920年,人口動態統計確定数（日本における日本人）,人口千対,1920,,,死亡数・死亡率・死亡性比=死亡率_総数,,25.4,,2026-09-07T12:08:08Z
vital_deaths_rates,0003411649,1919年,人口動態統計確定数（日本における日本人）,人口千対,1919,,,死亡数・死亡率・死亡性比=死亡率_総数,,23.3,,2026-09-07T12:08:08Z
vital_deaths_rates,0003411649,1918年,人口動態統計確定数（日本における日本人）,人口千対,1918,,,死亡数・死亡率・死亡性比=死亡率_総数,,27.3,,2026-09-07T12:08:08Z
vital_deaths_rates,0003411649,1917年,人口動態統計確定数（日本における日本人）,人口千対,1917,,,死亡数・死亡率・死亡性比=死亡率_総数,,22.2,,2026-09-07T12:08:08Z
vital_deaths_rates,0003411649,1916年,人口動態統計確定数（日本における日本人）,人口千対,1916,,,死亡数・死亡率・死亡性比=死亡率_総数,,22.2,,2026-09-07T12:08:08Z
vital_deaths_rates,0003411649,1915年,人口動態統計確定数（日本における日本人）,人口千対,1915,,,死亡数・死亡率・死亡性比=死亡率_総数,,20.7,,2026-09-07T12:08:08Z
vital_deaths_rates,0003411649,1914年,人口動態統計確定数（日本における日本人）,人口千対,1914,,,死亡数・死亡率・死亡性比=死亡率_総数,,21.2,,2026-09-07T12:08:08Z
vital_deaths_rates,0003411649,1913年,人口動態統計確定数（日本における日本人）,人口千対,1913,,,死亡数・死亡率・死亡性比=死亡率_総数,,20.0,,2026-09-07T12:08:08Z
vital_deaths_rates,0003411649,1912年,人口動態統計確定数（日本における日本人）,人口千対,1912,,,死亡数・死亡率・死亡性比=死亡率_総数,,20.5,,2026-09-07T12:08:08Z
vital_deaths_rates,0003411649,1911年,人口動態統計確定数（日本における日本人）,人口千対,1911,,,死亡数・死亡率・死亡性比=死亡率_総数,,20.9,,2026-09-07T12:08:08Z
vital_deaths_rates,0003411649,1910年,人口動態統計確定数（日本における日本人）,人口千対,1910,,,死亡数・死亡率・死亡性比=死亡率_総数,,21.6,,2026-09-07T12:08:08Z
vital_deaths_rates,0003411649,1909年,人口動態統計確定数（日本における日本人）,人口千対,1909,,,死亡数・死亡率・死亡性比=死亡率_総数,,22.5,,2026-09-07T12:08:08Z
vital_deaths_rates,0003411649,1908年,人口動態統計確定数（日本における日本人）,人口千対,1908,,,死亡数・死亡率・死亡性比=死亡率_総数,,21.5,,2026-09-07T12:08:08Z
vital_deaths_rates,0003411649,1907年,人口動態統計確定数（日本における日本人）,人口千対,1907,,,死亡数・死亡率・死亡性比=死亡率_総数,,21.4,,2026-09-07T12:08:08Z
vital_deaths_rates,0003411649,1906年,人口動態統計確定数（日本における日本人）,人口千対,1906,,,死亡数・死亡率・死亡性比=死亡率_総数,,20.3,,2026-09-07T12:08:08Z
vital_deaths_rates,0003411649,1905年,人口動態統計確定数（日本における日本人）,人口千対,1905,,,死亡数・死亡率・死亡性比=死亡率_総数,,21.6,,2026-09-07T12:08:08Z
vital_deaths_rates,0003411649,1904年,人口動態統計確定数（日本における日本人）,人口千対,1904,,,死亡数・死亡率・死亡性比=死亡率_総数,,20.7,,2026-09-07T12:08:08Z
vital_deaths_rates,0003411649,1903年,人口動態統計確定数（日本における日本人）,人口千対,1903,,,死亡数・死亡率・死亡性比=死亡率_総数,,20.4,,2026-09-07T12:08:08Z
vital_deaths_rates,0003411649,1902年,人口動態統計確定数（日本における日本人）,人口千対,1902,,,死亡数・死亡率・死亡性比=死亡率_総数,,21.3,,2026-09-07T12:08:08Z
vital_deaths_rates,0003411649,1901年,人口動態統計確定数（日本における日本人）,人口千対,1901,,,死亡数・死亡率・死亡性比=死亡率_総数,,20.9,,2026-09-07T12:08:08Z
vital_deaths_rates,0003411649,1900年,人口動態統計確定数（日本における日本人）,人口千対,1900,,,死亡数・死亡率・死亡性比=死亡率_総数,,20.8,,2026-09-07T12:08:08Z
vital_deaths_rates,0003411649,1899年,人口動態統計確定数（日本における日本人）,人口千対,1899年,,,死亡数・死亡率・死亡性比=死亡率_総数,,21.5,,2026-09-07T12:08:08Z
vital_deaths_rates,0003411649,2024年,人口動態統計確定数（日本における日本人）,人口千対,2024,,,死亡数・死亡率・死亡性比=死亡率_男,,14.0,,2026-09-07T12:08:08Z
vital_deaths_rates,0003411649,2023年,人口動態統計確定数（日本における日本人）,人口千対,2023,,,死亡数・死亡率・死亡性比=死亡率_男,,13.6,,2026-09-07T12:08:08Z
vital_deaths_rates,0003411649,2022年,人口動態統計確定数（日本における日本人）,人口千対,2022,,,死亡数・死亡率・死亡性比=死亡率_男,,13.5,,2026-09-07T12:08:08Z
vital_deaths_rates,0003411649,2021年,人口動態統計確定数（日本における日本人）,人口千対,2021,,,死亡数・死亡率・死亡性比=死亡率_男,,12.4,,2026-09-07T12:08:08Z
vital_deaths_rates,0003411649,2020年,人口動態統計確定数（日本における日本人）,人口千対,2020,,,死亡数・死亡率・死亡性比=死亡率_男,,11.8,,2026-09-07T12:08:08Z
vital_deaths_rates,0003411649,2019年,人口動態統計確定数（日本における日本人）,人口千対,2019,,,死亡数・死亡率・死亡性比=死亡率_男,,11.7,,2026-09-07T12:08:08Z
vital_deaths_rates,0003411649,2018年,人口動態統計確定数（日本における日本人）,人口千対,2018,,,死亡数・死亡率・死亡性比=死亡率_男,,11.6,,2026-09-07T12:08:08Z
vital_deaths_rates,0003411649,2017年,人口動態統計確定数（日本における日本人）,人口千対,2017,,,死亡数・死亡率・死亡性比=死亡率_男,,11.4,,2026-09-07T12:08:08Z
vital_deaths_rates,0003411649,2016年,人口動態統計確定数（日本における日本人）,人口千対,2016,,,死亡数・死亡率・死亡性比=死亡率_男,,11.1,,2026-09-07T12:08:08Z
vital_deaths_rates,0003411649,2015年,人口動態統計確定数（日本における日本人）,人口千対,2015,,,死亡数・死亡率・死亡性比=死亡率_男,,10.9,,2026-09-07T12:08:08Z
vital_deaths_rates,0003411649,2014年,人口動態統計確定数（日本における日本人）,人口千対,2014,,,死亡数・死亡率・死亡性比=死亡率_男,,10.8,,2026-09-07T12:08:08Z
vital_deaths_rates,0003411649,2013年,人口動態統計確定数（日本における日本人）,人口千対,2013,,,死亡数・死亡率・死亡性比=死亡率_男,,10.8,,2026-09-07T12:08:08Z
vital_deaths_rates,0003411649,2012年,人口動態統計確定数（日本における日本人）,人口千対,2012,,,死亡数・死亡率・死亡性比=死亡率_男,,10.7,,2026-09-07T12:08:08Z
vital_deaths_rates,0003411649,2011年,人口動態統計確定数（日本における日本人）,人口千対,2011,,,死亡数・死亡率・死亡性比=死亡率_男,,10.7,,2026-09-07T12:08:08Z
vital_deaths_rates,0003411649,2010年,人口動態統計確定数（日本における日本人）,人口千対,2010,,,死亡数・死亡率・死亡性比=死亡率_男,,10.3,,2026-09-07T12:08:08Z
vital_deaths_rates,0003411649,2009年,人口動態統計確定数（日本における日本人）,人口千対,2009,,,死亡数・死亡率・死亡性比=死亡率_男,,9.9,,2026-09-07T12:08:08Z
vital_deaths_rates,0003411649,2008年,人口動態統計確定数（日本における日本人）,人口千対,2008,,,死亡数・死亡率・死亡性比=死亡率_男,,9.9,,2026-09-07T12:08:08Z
vital_deaths_rates,0003411649,2007年,人口動態統計確定数（日本における日本人）,人口千対,2007,,,死亡数・死亡率・死亡性比=死亡率_男,,9.6,,2026-09-07T12:08:08Z
vital_deaths_rates,0003411649,2006年,人口動態統計確定数（日本における日本人）,人口千対,2006,,,死亡数・死亡率・死亡性比=死亡率_男,,9.4,,2026-09-07T12:08:08Z
vital_deaths_rates,0003411649,2005年,人口動態統計確定数（日本における日本人）,人口千対,2005,,,死亡数・死亡率・死亡性比=死亡率_男,,9.5,,2026-09-07T12:08:08Z
vital_deaths_rates,0003411649,2004年,人口動態統計確定数（日本における日本人）,人口千対,2004,,,死亡数・死亡率・死亡性比=死亡率_男,,9.0,,2026-09-07T12:08:08Z
vital_deaths_rates,0003411649,2003年,人口動態統計確定数（日本における日本人）,人口千対,2003,,,死亡数・死亡率・死亡性比=死亡率_男,,9.0,,2026-09-07T12:08:08Z
vital_deaths_rates,0003411649,2002年,人口動態統計確定数（日本における日本人）,人口千対,2002,,,死亡数・死亡率・死亡性比=死亡率_男,,8.7,,2026-09-07T12:08:08Z
vital_deaths_rates,0003411649,2001年,人口動態統計確定数（日本における日本人）,人口千対,2001,,,死亡数・死亡率・死亡性比=死亡率_男,,8.6,,2026-09-07T12:08:08Z
vital_deaths_rates,0003411649,2000年,人口動態統計確定数（日本における日本人）,人口千対,2000,,,死亡数・死亡率・死亡性比=死亡率_男,,8.6,,2026-09-07T12:08:08Z
vital_deaths_rates,0003411649,1999年,人口動態統計確定数（日本における日本人）,人口千対,1999,,,死亡数・死亡率・死亡性比=死亡率_男,,8.7,,2026-09-07T12:08:08Z
vital_deaths_rates,0003411649,1998年,人口動態統計確定数（日本における日本人）,人口千対,1998,,,死亡数・死亡率・死亡性比=死亡率_男,,8.4,,2026-09-07T12:08:08Z
vital_deaths_rates,0003411649,1997年,人口動態統計確定数（日本における日本人）,人口千対,1997,,,死亡数・死亡率・死亡性比=死亡率_男,,8.1,,2026-09-07T12:08:08Z
vital_deaths_rates,0003411649,1996年,人口動態統計確定数（日本における日本人）,人口千対,1996,,,死亡数・死亡率・死亡性比=死亡率_男,,8.0,,2026-09-07T12:08:08Z
vital_deaths_rates,0003411649,1995年,人口動態統計確定数（日本における日本人）,人口千対,1995,,,死亡数・死亡率・死亡性比=死亡率_男,,8.2,,2026-09-07T12:08:08Z
vital_deaths_rates,0003411649,1994年,人口動態統計確定数（日本における日本人）,人口千対,1994,,,死亡数・死亡率・死亡性比=死亡率_男,,7.8,,2026-09-07T12:08:08Z
vital_deaths_rates,0003411649,1993年,人口動態統計確定数（日本における日本人）,人口千対,1993,,,死亡数・死亡率・死亡性比=死亡率_男,,7.8,,2026-09-07T12:08:08Z
vital_deaths_rates,0003411649,1992年,人口動態統計確定数（日本における日本人）,人口千対,1992,,,死亡数・死亡率・死亡性比=死亡率_男,,7.7,,2026-09-07T12:08:08Z
vital_deaths_rates,0003411649,1991年,人口動態統計確定数（日本における日本人）,人口千対,1991,,,死亡数・死亡率・死亡性比=死亡率_男,,7.5,,2026-09-07T12:08:08Z
vital_deaths_rates,0003411649,1990年,人口動態統計確定数（日本における日本人）,人口千対,1990,,,死亡数・死亡率・死亡性比=死亡率_男,,7.4,,2026-09-07T12:08:08Z
vital_deaths_rates,0003411649,1989年,人口動態統計確定数（日本における日本人）,人口千対,1989,,,死亡数・死亡率・死亡性比=死亡率_男,,7.1,,2026-09-07T12:08:08Z
vital_deaths_rates,0003411649,1988年,人口動態統計確定数（日本における日本人）,人口千対,1988,,,死亡数・死亡率・死亡性比=死亡率_男,,7.1,,2026-09-07T12:08:08Z
vital_deaths_rates,0003411649,1987年,人口動態統計確定数（日本における日本人）,人口千対,1987,,,死亡数・死亡率・死亡性比=死亡率_男,,6.8,,2026-09-07T12:08:08Z
vital_deaths_rates,0003411649,1986年,人口動態統計確定数（日本における日本人）,人口千対,1986,,,死亡数・死亡率・死亡性比=死亡率_男,,6.8,,2026-09-07T12:08:08Z
vital_deaths_rates,0003411649,1985年,人口動態統計確定数（日本における日本人）,人口千対,1985,,,死亡数・死亡率・死亡性比=死亡率_男,,6.9,,2026-09-07T12:08:08Z
vital_deaths_rates,0003411649,1984年,人口動態統計確定数（日本における日本人）,人口千対,1984,,,死亡数・死亡率・死亡性比=死亡率_男,,6.8,,2026-09-07T12:08:08Z
vital_deaths_rates,0003411649,1983年,人口動態統計確定数（日本における日本人）,人口千対,1983,,,死亡数・死亡率・死亡性比=死亡率_男,,6.9,,2026-09-07T12:08:08Z
vital_deaths_rates,0003411649,1982年,人口動態統計確定数（日本における日本人）,人口千対,1982,,,死亡数・死亡率・死亡性比=死亡率_男,,6.6,,2026-09-07T12:08:08Z
vital_deaths_rates,0003411649,1981年,人口動態統計確定数（日本における日本人）,人口千対,1981,,,死亡数・死亡率・死亡性比=死亡率_男,,6.7,,2026-09-07T12:08:08Z
vital_deaths_rates,0003411649,1980年,人口動態統計確定数（日本における日本人）,人口千対,1980,,,死亡数・死亡率・死亡性比=死亡率_男,,6.8,,2026-09-07T12:08:08Z
vital_deaths_rates,0003411649,1979年,人口動態統計確定数（日本における日本人）,人口千対,1979,,,死亡数・死亡率・死亡性比=死亡率_男,,6.6,,2026-09-07T12:08:08Z
vital_deaths_rates,0003411649,1978年,人口動態統計確定数（日本における日本人）,人口千対,1978,,,死亡数・死亡率・死亡性比=死亡率_男,,6.7,,2026-09-07T12:08:08Z
vital_deaths_rates,0003411649,1977年,人口動態統計確定数（日本における日本人）,人口千対,1977,,,死亡数・死亡率・死亡性比=死亡率_男,,6.7,,2026-09-07T12:08:08Z
vital_deaths_rates,0003411649,1976年,人口動態統計確定数（日本における日本人）,人口千対,1976,,,死亡数・死亡率・死亡性比=死亡率_男,,6.8,,2026-09-07T12:08:08Z
vital_deaths_rates,0003411649,1975年,人口動態統計確定数（日本における日本人）,人口千対,1975,,,死亡数・死亡率・死亡性比=死亡率_男,,6.9,,2026-09-07T12:08:08Z
vital_deaths_rates,0003411649,1974年,人口動態統計確定数（日本における日本人）,人口千対,1974,,,死亡数・死亡率・死亡性比=死亡率_男,,7.1,,2026-09-07T12:08:08Z
vital_deaths_rates,0003411649,1973年,人口動態統計確定数（日本における日本人）,人口千対,1973,,,死亡数・死亡率・死亡性比=死亡率_男,,7.2,,2026-09-07T12:08:08Z
vital_deaths_rates,0003411649,1972年,人口動態統計確定数（日本における日本人）,人口千対,1972,,,死亡数・死亡率・死亡性比=死亡率_男,,7.2,,2026-09-07T12:08:08Z
vital_deaths_rates,0003411649,1971年,人口動態統計確定数（日本における日本人）,人口千対,1971,,,死亡数・死亡率・死亡性比=死亡率_男,,7.3,,2026-09-07T12:08:08Z
vital_deaths_rates,0003411649,1970年,人口動態統計確定数（日本における日本人）,人口千対,1970,,,死亡数・死亡率・死亡性比=死亡率_男,,7.7,,2026-09-07T12:08:08Z
vital_deaths_rates,0003411649,1969年,人口動態統計確定数（日本における日本人）,人口千対,1969,,,死亡数・死亡率・死亡性比=死亡率_男,,7.6,,2026-09-07T12:08:08Z
vital_deaths_rates,0003411649,1968年,人口動態統計確定数（日本における日本人）,人口千対,1968,,,死亡数・死亡率・死亡性比=死亡率_男,,7.5,,2026-09-07T12:08:08Z
vital_deaths_rates,0003411649,1967年,人口動態統計確定数（日本における日本人）,人口千対,1967,,,死亡数・死亡率・死亡性比=死亡率_男,,7.5,,2026-09-07T12:08:08Z
vital_deaths_rates,0003411649,1966年,人口動態統計確定数（日本における日本人）,人口千対,1966,,,死亡数・死亡率・死亡性比=死亡率_男,,7.5,,2026-09-07T12:08:08Z
vital_deaths_rates,0003411649,1965年,人口動態統計確定数（日本における日本人）,人口千対,1965,,,死亡数・死亡率・死亡性比=死亡率_男,,7.9,,2026-09-07T12:08:08Z
vital_deaths_rates,0003411649,1964年,人口動態統計確定数（日本における日本人）,人口千対,1964,,,死亡数・死亡率・死亡性比=死亡率_男,,7.6,,2026-09-07T12:08:08Z
vital_deaths_rates,0003411649,1963年,人口動態統計確定数（日本における日本人）,人口千対,1963,,,死亡数・死亡率・死亡性比=死亡率_男,,7.7,,2026-09-07T12:08:08Z
vital_deaths_rates,0003411649,1962年,人口動態統計確定数（日本における日本人）,人口千対,1962,,,死亡数・死亡率・死亡性比=死亡率_男,,8.1,,2026-09-07T12:08:08Z
vital_deaths_rates,0003411649,1961年,人口動態統計確定数（日本における日本人）,人口千対,1961,,,死亡数・死亡率・死亡性比=死亡率_男,,8.0,,2026-09-07T12:08:08Z
vital_deaths_rates,0003411649,1960年,人口動態統計確定数（日本における日本人）,人口千対,1960,,,死亡数・死亡率・死亡性比=死亡率_男,,8.2,,2026-09-07T12:08:08Z
vital_deaths_rates,0003411649,1959年,人口動態統計確定数（日本における日本人）,人口千対,1959,,,死亡数・死亡率・死亡性比=死亡率_男,,8.0,,2026-09-07T12:08:08Z
vital_deaths_rates,0003411649,1958年,人口動態統計確定数（日本における日本人）,人口千対,1958,,,死亡数・死亡率・死亡性比=死亡率_男,,8.0,,2026-09-07T12:08:08Z
vital_deaths_rates,0003411649,1957年,人口動態統計確定数（日本における日本人）,人口千対,1957,,,死亡数・死亡率・死亡性比=死亡率_男,,8.9,,2026-09-07T12:08:08Z
vital_deaths_rates,0003411649,1956年,人口動態統計確定数（日本における日本人）,人口千対,1956,,,死亡数・死亡率・死亡性比=死亡率_男,,8.6,,2026-09-07T12:08:08Z
vital_deaths_rates,0003411649,1955年,人口動態統計確定数（日本における日本人）,人口千対,1955,,,死亡数・死亡率・死亡性比=死亡率_男,,8.3,,2026-09-07T12:08:08Z
vital_deaths_rates,0003411649,1954年,人口動態統計確定数（日本における日本人）,人口千対,1954,,,死亡数・死亡率・死亡性比=死亡率_男,,8.8,,2026-09-07T12:08:08Z
vital_deaths_rates,0003411649,1953年,人口動態統計確定数（日本における日本人）,人口千対,1953,,,死亡数・死亡率・死亡性比=死亡率_男,,9.4,,2026-09-07T12:08:08Z
vital_deaths_rates,0003411649,1952年,人口動態統計確定数（日本における日本人）,人口千対,1952,,,死亡数・死亡率・死亡性比=死亡率_男,,9.4,,2026-09-07T12:08:08Z
vital_deaths_rates,0003411649,1951年,人口動態統計確定数（日本における日本人）,人口千対,1951,,,死亡数・死亡率・死亡性比=死亡率_男,,10.4,,2026-09-07T12:08:08Z
vital_deaths_rates,0003411649,1950年,人口動態統計確定数（日本における日本人）,人口千対,1950,,,死亡数・死亡率・死亡性比=死亡率_男,,11.4,,2026-09-07T12:08:08Z
vital_deaths_rates,0003411649,1949年,人口動態統計確定数（日本における日本人）,人口千対,1949,,,死亡数・死亡率・死亡性比=死亡率_男,,12.2,,2026-09-07T12:08:08Z
vital_deaths_rates,0003411649,1948年,人口動態統計確定数（日本における日本人）,人口千対,1948,,,死亡数・死亡率・死亡性比=死亡率_男,,12.6,,2026-09-07T12:08:08Z
vital_deaths_rates,0003411649,1947年,人口動態統計確定数（日本における日本人）,人口千対,1947,,,死亡数・死亡率・死亡性比=死亡率_男,,15.6,,2026-09-07T12:08:08Z
vital_deaths_rates,0003411649,1943年,人口動態統計確定数（日本における日本人）,人口千対,1943,,,死亡数・死亡率・死亡性比=死亡率_男,,18.4,,2026-09-07T12:08:08Z
vital_deaths_rates,0003411649,1942年,人口動態統計確定数（日本における日本人）,人口千対,1942,,,死亡数・死亡率・死亡性比=死亡率_男,,17.5,,2026-09-07T12:08:08Z
vital_deaths_rates,0003411649,1941年,人口動態統計確定数（日本における日本人）,人口千対,1941,,,死亡数・死亡率・死亡性比=死亡率_男,,17.2,,2026-09-07T12:08:08Z
vital_deaths_rates,0003411649,1940年,人口動態統計確定数（日本における日本人）,人口千対,1940,,,死亡数・死亡率・死亡性比=死亡率_男,,17.4,,2026-09-07T12:08:08Z
vital_deaths_rates,0003411649,1939年,人口動態統計確定数（日本における日本人）,人口千対,1939,,,死亡数・死亡率・死亡性比=死亡率_男,,18.7,,2026-09-07T12:08:08Z
vital_deaths_rates,0003411649,1938年,人口動態統計確定数（日本における日本人）,人口千対,1938,,,死亡数・死亡率・死亡性比=死亡率_男,,18.6,,2026-09-07T12:08:08Z
vital_deaths_rates,0003411649,1937年,人口動態統計確定数（日本における日本人）,人口千対,1937,,,死亡数・死亡率・死亡性比=死亡率_男,,17.8,,2026-09-07T12:08:08Z
vital_deaths_rates,0003411649,1936年,人口動態統計確定数（日本における日本人）,人口千対,1936,,,死亡数・死亡率・死亡性比=死亡率_男,,18.2,,2026-09-07T12:08:08Z
vital_deaths_rates,0003411649,1935年,人口動態統計確定数（日本における日本人）,人口千対,1935,,,死亡数・死亡率・死亡性比=死亡率_男,,17.4,,2026-09-07T12:08:08Z
vital_deaths_rates,0003411649,1934年,人口動態統計確定数（日本における日本人）,人口千対,1934,,,死亡数・死亡率・死亡性比=死亡率_男,,18.6,,2026-09-07T12:08:08Z
vital_deaths_rates,0003411649,1933年,人口動態統計確定数（日本における日本人）,人口千対,1933,,,死亡数・死亡率・死亡性比=死亡率_男,,18.3,,2026-09-07T12:08:08Z
vital_deaths_rates,0003411649,1932年,人口動態統計確定数（日本における日本人）,人口千対,1932,,,死亡数・死亡率・死亡性比=死亡率_男,,18.2,,2026-09-07T12:08:08Z
vital_deaths_rates,0003411649,1931年,人口動態統計確定数（日本における日本人）,人口千対,1931,,,死亡数・死亡率・死亡性比=死亡率_男,,19.5,,2026-09-07T12:08:08Z
vital_deaths_rates,0003411649,1930年,人口動態統計確定数（日本における日本人）,人口千対,1930,,,死亡数・死亡率・死亡性比=死亡率_男,,18.6,,2026-09-07T12:08:08Z
vital_deaths_rates,0003411649,1929年,人口動態統計確定数（日本における日本人）,人口千対,1929,,,死亡数・死亡率・死亡性比=死亡率_男,,20.3,,2026-09-07T12:08:08Z
vital_deaths_rates,0003411649,1928年,人口動態統計確定数（日本における日本人）,人口千対,1928,,,死亡数・死亡率・死亡性比=死亡率_男,,20.3,,2026-09-07T12:08:08Z
vital_deaths_rates,0003411649,1927年,人口動態統計確定数（日本における日本人）,人口千対,1927,,,死亡数・死亡率・死亡性比=死亡率_男,,20.2,,2026-09-07T12:08:08Z
vital_deaths_rates,0003411649,1926年,人口動態統計確定数（日本における日本人）,人口千対,1926,,,死亡数・死亡率・死亡性比=死亡率_男,,19.6,,2026-09-07T12:08:08Z
vital_deaths_rates,0003411649,1925年,人口動態統計確定数（日本における日本人）,人口千対,1925,,,死亡数・死亡率・死亡性比=死亡率_男,,20.7,,2026-09-07T12:08:08Z
vital_deaths_rates,0003411649,1924年,人口動態統計確定数（日本における日本人）,人口千対,1924,,,死亡数・死亡率・死亡性比=死亡率_男,,21.7,,2026-09-07T12:08:08Z
vital_deaths_rates,0003411649,1923年,人口動態統計確定数（日本における日本人）,人口千対,1923,,,死亡数・死亡率・死亡性比=死亡率_男,,23.3,,2026-09-07T12:08:08Z
vital_deaths_rates,0003411649,1922年,人口動態統計確定数（日本における日本人）,人口千対,1922,,,死亡数・死亡率・死亡性比=死亡率_男,,22.8,,2026-09-07T12:08:08Z
vital_deaths_rates,0003411649,1921年,人口動態統計確定数（日本における日本人）,人口千対,1921,,,死亡数・死亡率・死亡性比=死亡率_男,,23.2,,2026-09-07T12:08:08Z
vital_deaths_rates,0003411649,1920年,人口動態統計確定数（日本における日本人）,人口千対,1920,,,死亡数・死亡率・死亡性比=死亡率_男,,25.7,,2026-09-07T12:08:08Z
vital_deaths_rates,0003411649,1919年,人口動態統計確定数（日本における日本人）,人口千対,1919,,,死亡数・死亡率・死亡性比=死亡率_男,,23.5,,2026-09-07T12:08:08Z
vital_deaths_rates,0003411649,1918年,人口動態統計確定数（日本における日本人）,人口千対,1918,,,死亡数・死亡率・死亡性比=死亡率_男,,27.4,,2026-09-07T12:08:08Z
vital_deaths_rates,0003411649,1917年,人口動態統計確定数（日本における日本人）,人口千対,1917,,,死亡数・死亡率・死亡性比=死亡率_男,,22.4,,2026-09-07T12:08:08Z
vital_deaths_rates,0003411649,1916年,人口動態統計確定数（日本における日本人）,人口千対,1916,,,死亡数・死亡率・死亡性比=死亡率_男,,22.5,,2026-09-07T12:08:08Z
vital_deaths_rates,0003411649,1915年,人口動態統計確定数（日本における日本人）,人口千対,1915,,,死亡数・死亡率・死亡性比=死亡率_男,,21.0,,2026-09-07T12:08:08Z
vital_deaths_rates,0003411649,1914年,人口動態統計確定数（日本における日本人）,人口千対,1914,,,死亡数・死亡率・死亡性比=死亡率_男,,21.4,,2026-09-07T12:08:08Z
vital_deaths_rates,0003411649,1913年,人口動態統計確定数（日本における日本人）,人口千対,1913,,,死亡数・死亡率・死亡性比=死亡率_男,,20.3,,2026-09-07T12:08:08Z
vital_deaths_rates,0003411649,1912年,人口動態統計確定数（日本における日本人）,人口千対,1912,,,死亡数・死亡率・死亡性比=死亡率_男,,20.6,,2026-09-07T12:08:08Z
vital_deaths_rates,0003411649,1911年,人口動態統計確定数（日本における日本人）,人口千対,1911,,,死亡数・死亡率・死亡性比=死亡率_男,,21.1,,2026-09-07T12:08:08Z
vital_deaths_rates,0003411649,1910年,人口動態統計確定数（日本における日本人）,人口千対,1910,,,死亡数・死亡率・死亡性比=死亡率_男,,21.7,,2026-09-07T12:08:08Z
vital_deaths_rates,0003411649,1909年,人口動態統計確定数（日本における日本人）,人口千対,1909,,,死亡数・死亡率・死亡性比=死亡率_男,,22.6,,2026-09-07T12:08:08Z
vital_deaths_rates,0003411649,1908年,人口動態統計確定数（日本における日本人）,人口千対,1908,,,死亡数・死亡率・死亡性比=死亡率_男,,21.5,,2026-09-07T12:08:08Z
vital_deaths_rates,0003411649,1907年,人口動態統計確定数（日本における日本人）,人口千対,1907,,,死亡数・死亡率・死亡性比=死亡率_男,,21.5,,2026-09-07T12:08:08Z
vital_deaths_rates,0003411649,1906年,人口動態統計確定数（日本における日本人）,人口千対,1906,,,死亡数・死亡率・死亡性比=死亡率_男,,20.3,,2026-09-07T12:08:08Z
vital_deaths_rates,0003411649,1905年,人口動態統計確定数（日本における日本人）,人口千対,1905,,,死亡数・死亡率・死亡性比=死亡率_男,,21.6,,2026-09-07T12:08:08Z
vital_deaths_rates,0003411649,1904年,人口動態統計確定数（日本における日本人）,人口千対,1904,,,死亡数・死亡率・死亡性比=死亡率_男,,20.8,,2026-09-07T12:08:08Z
vital_deaths_rates,0003411649,1903年,人口動態統計確定数（日本における日本人）,人口千対,1903,,,死亡数・死亡率・死亡性比=死亡率_男,,20.6,,2026-09-07T12:08:08Z
vital_deaths_rates,0003411649,1902年,人口動態統計確定数（日本における日本人）,人口千対,1902,,,死亡数・死亡率・死亡性比=死亡率_男,,21.5,,2026-09-07T12:08:08Z
vital_deaths_rates,0003411649,1901年,人口動態統計確定数（日本における日本人）,人口千対,1901,,,死亡数・死亡率・死亡性比=死亡率_男,,21.0,,2026-09-07T12:08:08Z
vital_deaths_rates,0003411649,1900年,人口動態統計確定数（日本における日本人）,人口千対,1900,,,死亡数・死亡率・死亡性比=死亡率_男,,21.0,,2026-09-07T12:08:08Z
vital_deaths_rates,0003411649,1899年,人口動態統計確定数（日本における日本人）,人口千対,1899年,,,死亡数・死亡率・死亡性比=死亡率_男,,21.8,,2026-09-07T12:08:08Z
vital_deaths_rates,0003411649,2024年,人口動態統計確定数（日本における日本人）,人口千対,2024,,,死亡数・死亡率・死亡性比=死亡率_女,,12.7,,2026-09-07T12:08:08Z
vital_deaths_rates,0003411649,2023年,人口動態統計確定数（日本における日本人）,人口千対,2023,,,死亡数・死亡率・死亡性比=死亡率_女,,12.4,,2026-09-07T12:08:08Z
vital_deaths_rates,0003411649,2022年,人口動態統計確定数（日本における日本人）,人口千対,2022,,,死亡数・死亡率・死亡性比=死亡率_女,,12.3,,2026-09-07T12:08:08Z
vital_deaths_rates,0003411649,2021年,人口動態統計確定数（日本における日本人）,人口千対,2021,,,死亡数・死亡率・死亡性比=死亡率_女,,11.1,,2026-09-07T12:08:08Z
vital_deaths_rates,0003411649,2020年,人口動態統計確定数（日本における日本人）,人口千対,2020,,,死亡数・死亡率・死亡性比=死亡率_女,,10.5,,2026-09-07T12:08:08Z
vital_deaths_rates,0003411649,2019年,人口動態統計確定数（日本における日本人）,人口千対,2019,,,死亡数・死亡率・死亡性比=死亡率_女,,10.6,,2026-09-07T12:08:08Z
vital_deaths_rates,0003411649,2018年,人口動態統計確定数（日本における日本人）,人口千対,2018,,,死亡数・死亡率・死亡性比=死亡率_女,,10.4,,2026-09-07T12:08:08Z
vital_deaths_rates,0003411649,2017年,人口動態統計確定数（日本における日本人）,人口千対,2017,,,死亡数・死亡率・死亡性比=死亡率_女,,10.2,,2026-09-07T12:08:08Z
vital_deaths_rates,0003411649,2016年,人口動態統計確定数（日本における日本人）,人口千対,2016,,,死亡数・死亡率・死亡性比=死亡率_女,,9.9,,2026-09-07T12:08:08Z
vital_deaths_rates,0003411649,2015年,人口動態統計確定数（日本における日本人）,人口千対,2015,,,死亡数・死亡率・死亡性比=死亡率_女,,9.7,,2026-09-07T12:08:08Z
vital_deaths_rates,0003411649,2014年,人口動態統計確定数（日本における日本人）,人口千対,2014,,,死亡数・死亡率・死亡性比=死亡率_女,,9.5,,2026-09-07T12:08:08Z
vital_deaths_rates,0003411649,2013年,人口動態統計確定数（日本における日本人）,人口千対,2013,,,死亡数・死亡率・死亡性比=死亡率_女,,9.5,,2026-09-07T12:08:08Z
vital_deaths_rates,0003411649,2012年,人口動態統計確定数（日本における日本人）,人口千対,2012,,,死亡数・死亡率・死亡性比=死亡率_女,,9.3,,2026-09-07T12:08:08Z
vital_deaths_rates,0003411649,2011年,人口動態統計確定数（日本における日本人）,人口千対,2011,,,死亡数・死亡率・死亡性比=死亡率_女,,9.2,,2026-09-07T12:08:08Z
vital_deaths_rates,0003411649,2010年,人口動態統計確定数（日本における日本人）,人口千対,2010,,,死亡数・死亡率・死亡性比=死亡率_女,,8.7,,2026-09-07T12:08:08Z
vital_deaths_rates,0003411649,2009年,人口動態統計確定数（日本における日本人）,人口千対,2009,,,死亡数・死亡率・死亡性比=死亡率_女,,8.3,,2026-09-07T12:08:08Z
vital_deaths_rates,0003411649,2008年,人口動態統計確定数（日本における日本人）,人口千対,2008,,,死亡数・死亡率・死亡性比=死亡率_女,,8.3,,2026-09-07T12:08:08Z
vital_deaths_rates,0003411649,2007年,人口動態統計確定数（日本における日本人）,人口千対,2007,,,死亡数・死亡率・死亡性比=死亡率_女,,8.0,,2026-09-07T12:08:08Z
vital_deaths_rates,0003411649,2006年,人口動態統計確定数（日本における日本人）,人口千対,2006,,,死亡数・死亡率・死亡性比=死亡率_女,,7.8,,2026-09-07T12:08:08Z
vital_deaths_rates,0003411649,2005年,人口動態統計確定数（日本における日本人）,人口千対,2005,,,死亡数・死亡率・死亡性比=死亡率_女,,7.7,,2026-09-07T12:08:08Z
vital_deaths_rates,0003411649,2004年,人口動態統計確定数（日本における日本人）,人口千対,2004,,,死亡数・死亡率・死亡性比=死亡率_女,,7.3,,2026-09-07T12:08:08Z
vital_deaths_rates,0003411649,2003年,人口動態統計確定数（日本における日本人）,人口千対,2003,,,死亡数・死亡率・死亡性比=死亡率_女,,7.2,,2026-09-07T12:08:08Z
vital_deaths_rates,0003411649,2002年,人口動態統計確定数（日本における日本人）,人口千対,2002,,,死亡数・死亡率・死亡性比=死亡率_女,,6.9,,2026-09-07T12:08:08Z
vital_deaths_rates,0003411649,2001年,人口動態統計確定数（日本における日本人）,人口千対,2001,,,死亡数・死亡率・死亡性比=死亡率_女,,6.9,,2026-09-07T12:08:08Z
vital_deaths_rates,0003411649,2000年,人口動態統計確定数（日本における日本人）,人口千対,2000,,,死亡数・死亡率・死亡性比=死亡率_女,,6.8,,2026-09-07T12:08:08Z
vital_deaths_rates,0003411649,1999年,人口動態統計確定数（日本における日本人）,人口千対,1999,,,死亡数・死亡率・死亡性比=死亡率_女,,7.0,,2026-09-07T12:08:08Z
vital_deaths_rates,0003411649,1998年,人口動態統計確定数（日本における日本人）,人口千対,1998,,,死亡数・死亡率・死亡性比=死亡率_女,,6.6,,2026-09-07T12:08:08Z
vital_deaths_rates,0003411649,1997年,人口動態統計確定数（日本における日本人）,人口千対,1997,,,死亡数・死亡率・死亡性比=死亡率_女,,6.5,,2026-09-07T12:08:08Z
vital_deaths_rates,0003411649,1996年,人口動態統計確定数（日本における日本人）,人口千対,1996,,,死亡数・死亡率・死亡性比=死亡率_女,,6.4,,2026-09-07T12:08:08Z
vital_deaths_rates,0003411649,1995年,人口動態統計確定数（日本における日本人）,人口千対,1995,,,死亡数・死亡率・死亡性比=死亡率_女,,6.6,,2026-09-07T12:08:08Z
vital_deaths_rates,0003411649,1994年,人口動態統計確定数（日本における日本人）,人口千対,1994,,,死亡数・死亡率・死亡性比=死亡率_女,,6.3,,2026-09-07T12:08:08Z
vital_deaths_rates,0003411649,1993年,人口動態統計確定数（日本における日本人）,人口千対,1993,,,死亡数・死亡率・死亡性比=死亡率_女,,6.4,,2026-09-07T12:08:08Z
vital_deaths_rates,0003411649,1992年,人口動態統計確定数（日本における日本人）,人口千対,1992,,,死亡数・死亡率・死亡性比=死亡率_女,,6.2,,2026-09-07T12:08:08Z
vital_deaths_rates,0003411649,1991年,人口動態統計確定数（日本における日本人）,人口千対,1991,,,死亡数・死亡率・死亡性比=死亡率_女,,6.1,,2026-09-07T12:08:08Z
vital_deaths_rates,0003411649,1990年,人口動態統計確定数（日本における日本人）,人口千対,1990,,,死亡数・死亡率・死亡性比=死亡率_女,,6.0,,2026-09-07T12:08:08Z
vital_deaths_rates,0003411649,1989年,人口動態統計確定数（日本における日本人）,人口千対,1989,,,死亡数・死亡率・死亡性比=死亡率_女,,5.8,,2026-09-07T12:08:08Z
vital_deaths_rates,0003411649,1988年,人口動態統計確定数（日本における日本人）,人口千対,1988,,,死亡数・死亡率・死亡性比=死亡率_女,,5.9,,2026-09-07T12:08:08Z
vital_deaths_rates,0003411649,1987年,人口動態統計確定数（日本における日本人）,人口千対,1987,,,死亡数・死亡率・死亡性比=死亡率_女,,5.6,,2026-09-07T12:08:08Z
vital_deaths_rates,0003411649,1986年,人口動態統計確定数（日本における日本人）,人口千対,1986,,,死亡数・死亡率・死亡性比=死亡率_女,,5.6,,2026-09-07T12:08:08Z
vital_deaths_rates,0003411649,1985年,人口動態統計確定数（日本における日本人）,人口千対,1985,,,死亡数・死亡率・死亡性比=死亡率_女,,5.6,,2026-09-07T12:08:08Z
vital_deaths_rates,0003411649,1984年,人口動態統計確定数（日本における日本人）,人口千対,1984,,,死亡数・死亡率・死亡性比=死亡率_女,,5.6,,2026-09-07T12:08:08Z
vital_deaths_rates,0003411649,1983年,人口動態統計確定数（日本における日本人）,人口千対,1983,,,死亡数・死亡率・死亡性比=死亡率_女,,5.6,,2026-09-07T12:08:08Z
vital_deaths_rates,0003411649,1982年,人口動態統計確定数（日本における日本人）,人口千対,1982,,,死亡数・死亡率・死亡性比=死亡率_女,,5.4,,2026-09-07T12:08:08Z
vital_deaths_rates,0003411649,1981年,人口動態統計確定数（日本における日本人）,人口千対,1981,,,死亡数・死亡率・死亡性比=死亡率_女,,5.6,,2026-09-07T12:08:08Z
vital_deaths_rates,0003411649,1980年,人口動態統計確定数（日本における日本人）,人口千対,1980,,,死亡数・死亡率・死亡性比=死亡率_女,,5.6,,2026-09-07T12:08:08Z
vital_deaths_rates,0003411649,1979年,人口動態統計確定数（日本における日本人）,人口千対,1979,,,死亡数・死亡率・死亡性比=死亡率_女,,5.4,,2026-09-07T12:08:08Z
vital_deaths_rates,0003411649,1978年,人口動態統計確定数（日本における日本人）,人口千対,1978,,,死亡数・死亡率・死亡性比=死亡率_女,,5.5,,2026-09-07T12:08:08Z
vital_deaths_rates,0003411649,1977年,人口動態統計確定数（日本における日本人）,人口千対,1977,,,死亡数・死亡率・死亡性比=死亡率_女,,5.5,,2026-09-07T12:08:08Z
vital_deaths_rates,0003411649,1976年,人口動態統計確定数（日本における日本人）,人口千対,1976,,,死亡数・死亡率・死亡性比=死亡率_女,,5.7,,2026-09-07T12:08:08Z
vital_deaths_rates,0003411649,1975年,人口動態統計確定数（日本における日本人）,人口千対,1975,,,死亡数・死亡率・死亡性比=死亡率_女,,5.7,,2026-09-07T12:08:08Z
vital_deaths_rates,0003411649,1974年,人口動態統計確定数（日本における日本人）,人口千対,1974,,,死亡数・死亡率・死亡性比=死亡率_女,,5.9,,2026-09-07T12:08:08Z
vital_deaths_rates,0003411649,1973年,人口動態統計確定数（日本における日本人）,人口千対,1973,,,死亡数・死亡率・死亡性比=死亡率_女,,5.9,,2026-09-07T12:08:08Z
vital_deaths_rates,0003411649,1972年,人口動態統計確定数（日本における日本人）,人口千対,1972,,,死亡数・死亡率・死亡性比=死亡率_女,,5.8,,2026-09-07T12:08:08Z
vital_deaths_rates,0003411649,1971年,人口動態統計確定数（日本における日本人）,人口千対,1971,,,死亡数・死亡率・死亡性比=死亡率_女,,5.9,,2026-09-07T12:08:08Z
vital_deaths_rates,0003411649,1970年,人口動態統計確定数（日本における日本人）,人口千対,1970,,,死亡数・死亡率・死亡性比=死亡率_女,,6.2,,2026-09-07T12:08:08Z
vital_deaths_rates,0003411649,1969年,人口動態統計確定数（日本における日本人）,人口千対,1969,,,死亡数・死亡率・死亡性比=死亡率_女,,6.1,,2026-09-07T12:08:08Z
vital_deaths_rates,0003411649,1968年,人口動態統計確定数（日本における日本人）,人口千対,1968,,,死亡数・死亡率・死亡性比=死亡率_女,,6.1,,2026-09-07T12:08:08Z
vital_deaths_rates,0003411649,1967年,人口動態統計確定数（日本における日本人）,人口千対,1967,,,死亡数・死亡率・死亡性比=死亡率_女,,6.1,,2026-09-07T12:08:08Z
vital_deaths_rates,0003411649,1966年,人口動態統計確定数（日本における日本人）,人口千対,1966,,,死亡数・死亡率・死亡性比=死亡率_女,,6.1,,2026-09-07T12:08:08Z
vital_deaths_rates,0003411649,1965年,人口動態統計確定数（日本における日本人）,人口千対,1965,,,死亡数・死亡率・死亡性比=死亡率_女,,6.4,,2026-09-07T12:08:08Z
vital_deaths_rates,0003411649,1964年,人口動態統計確定数（日本における日本人）,人口千対,1964,,,死亡数・死亡率・死亡性比=死亡率_女,,6.3,,2026-09-07T12:08:08Z
vital_deaths_rates,0003411649,1963年,人口動態統計確定数（日本における日本人）,人口千対,1963,,,死亡数・死亡率・死亡性比=死亡率_女,,6.3,,2026-09-07T12:08:08Z
vital_deaths_rates,0003411649,1962年,人口動態統計確定数（日本における日本人）,人口千対,1962,,,死亡数・死亡率・死亡性比=死亡率_女,,6.8,,2026-09-07T12:08:08Z
vital_deaths_rates,0003411649,1961年,人口動態統計確定数（日本における日本人）,人口千対,1961,,,死亡数・死亡率・死亡性比=死亡率_女,,6.7,,2026-09-07T12:08:08Z
vital_deaths_rates,0003411649,1960年,人口動態統計確定数（日本における日本人）,人口千対,1960,,,死亡数・死亡率・死亡性比=死亡率_女,,6.9,,2026-09-07T12:08:08Z
vital_deaths_rates,0003411649,1959年,人口動態統計確定数（日本における日本人）,人口千対,1959,,,死亡数・死亡率・死亡性比=死亡率_女,,6.8,,2026-09-07T12:08:08Z
vital_deaths_rates,0003411649,1958年,人口動態統計確定数（日本における日本人）,人口千対,1958,,,死亡数・死亡率・死亡性比=死亡率_女,,6.9,,2026-09-07T12:08:08Z
vital_deaths_rates,0003411649,1957年,人口動態統計確定数（日本における日本人）,人口千対,1957,,,死亡数・死亡率・死亡性比=死亡率_女,,7.7,,2026-09-07T12:08:08Z
vital_deaths_rates,0003411649,1956年,人口動態統計確定数（日本における日本人）,人口千対,1956,,,死亡数・死亡率・死亡性比=死亡率_女,,7.5,,2026-09-07T12:08:08Z
vital_deaths_rates,0003411649,1955年,人口動態統計確定数（日本における日本人）,人口千対,1955,,,死亡数・死亡率・死亡性比=死亡率_女,,7.2,,2026-09-07T12:08:08Z
vital_deaths_rates,0003411649,1954年,人口動態統計確定数（日本における日本人）,人口千対,1954,,,死亡数・死亡率・死亡性比=死亡率_女,,7.6,,2026-09-07T12:08:08Z
vital_deaths_rates,0003411649,1953年,人口動態統計確定数（日本における日本人）,人口千対,1953,,,死亡数・死亡率・死亡性比=死亡率_女,,8.4,,2026-09-07T12:08:08Z
vital_deaths_rates,0003411649,1952年,人口動態統計確定数（日本における日本人）,人口千対,1952,,,死亡数・死亡率・死亡性比=死亡率_女,,8.5,,2026-09-07T12:08:08Z
vital_deaths_rates,0003411649,1951年,人口動態統計確定数（日本における日本人）,人口千対,1951,,,死亡数・死亡率・死亡性比=死亡率_女,,9.4,,2026-09-07T12:08:08Z
vital_deaths_rates,0003411649,1950年,人口動態統計確定数（日本における日本人）,人口千対,1950,,,死亡数・死亡率・死亡性比=死亡率_女,,10.3,,2026-09-07T12:08:08Z
vital_deaths_rates,0003411649,1949年,人口動態統計確定数（日本における日本人）,人口千対,1949,,,死亡数・死亡率・死亡性比=死亡率_女,,10.9,,2026-09-07T12:08:08Z
vital_deaths_rates,0003411649,1948年,人口動態統計確定数（日本における日本人）,人口千対,1948,,,死亡数・死亡率・死亡性比=死亡率_女,,11.2,,2026-09-07T12:08:08Z
vital_deaths_rates,0003411649,1947年,人口動態統計確定数（日本における日本人）,人口千対,1947,,,死亡数・死亡率・死亡性比=死亡率_女,,13.6,,2026-09-07T12:08:08Z
vital_deaths_rates,0003411649,1943年,人口動態統計確定数（日本における日本人）,人口千対,1943,,,死亡数・死亡率・死亡性比=死亡率_女,,15.2,,2026-09-07T12:08:08Z
vital_deaths_rates,0003411649,1942年,人口動態統計確定数（日本における日本人）,人口千対,1942,,,死亡数・死亡率・死亡性比=死亡率_女,,14.9,,2026-09-07T12:08:08Z
vital_deaths_rates,0003411649,1941年,人口動態統計確定数（日本における日本人）,人口千対,1941,,,死亡数・死亡率・死亡性比=死亡率_女,,14.9,,2026-09-07T12:08:08Z
vital_deaths_rates,0003411649,1940年,人口動態統計確定数（日本における日本人）,人口千対,1940,,,死亡数・死亡率・死亡性比=死亡率_女,,15.6,,2026-09-07T12:08:08Z
vital_deaths_rates,0003411649,1939年,人口動態統計確定数（日本における日本人）,人口千対,1939,,,死亡数・死亡率・死亡性比=死亡率_女,,16.9,,2026-09-07T12:08:08Z
vital_deaths_rates,0003411649,1938年,人口動態統計確定数（日本における日本人）,人口千対,1938,,,死亡数・死亡率・死亡性比=死亡率_女,,16.9,,2026-09-07T12:08:08Z
vital_deaths_rates,0003411649,1937年,人口動態統計確定数（日本における日本人）,人口千対,1937,,,死亡数・死亡率・死亡性比=死亡率_女,,16.4,,2026-09-07T12:08:08Z
vital_deaths_rates,0003411649,1936年,人口動態統計確定数（日本における日本人）,人口千対,1936,,,死亡数・死亡率・死亡性比=死亡率_女,,16.9,,2026-09-07T12:08:08Z
vital_deaths_rates,0003411649,1935年,人口動態統計確定数（日本における日本人）,人口千対,1935,,,死亡数・死亡率・死亡性比=死亡率_女,,16.2,,2026-09-07T12:08:08Z
vital_deaths_rates,0003411649,1934年,人口動態統計確定数（日本における日本人）,人口千対,1934,,,死亡数・死亡率・死亡性比=死亡率_女,,17.5,,2026-09-07T12:08:08Z
vital_deaths_rates,0003411649,1933年,人口動態統計確定数（日本における日本人）,人口千対,1933,,,死亡数・死亡率・死亡性比=死亡率_女,,17.1,,2026-09-07T12:08:08Z
vital_deaths_rates,0003411649,1932年,人口動態統計確定数（日本における日本人）,人口千対,1932,,,死亡数・死亡率・死亡性比=死亡率_女,,17.2,,2026-09-07T12:08:08Z
vital_deaths_rates,0003411649,1931年,人口動態統計確定数（日本における日本人）,人口千対,1931,,,死亡数・死亡率・死亡性比=死亡率_女,,18.4,,2026-09-07T12:08:08Z
vital_deaths_rates,0003411649,1930年,人口動態統計確定数（日本における日本人）,人口千対,1930,,,死亡数・死亡率・死亡性比=死亡率_女,,17.7,,2026-09-07T12:08:08Z
vital_deaths_rates,0003411649,1929年,人口動態統計確定数（日本における日本人）,人口千対,1929,,,死亡数・死亡率・死亡性比=死亡率_女,,19.5,,2026-09-07T12:08:08Z
vital_deaths_rates,0003411649,1928年,人口動態統計確定数（日本における日本人）,人口千対,1928,,,死亡数・死亡率・死亡性比=死亡率_女,,19.2,,2026-09-07T12:08:08Z
vital_deaths_rates,0003411649,1927年,人口動態統計確定数（日本における日本人）,人口千対,1927,,,死亡数・死亡率・死亡性比=死亡率_女,,19.2,,2026-09-07T12:08:08Z
vital_deaths_rates,0003411649,1926年,人口動態統計確定数（日本における日本人）,人口千対,1926,,,死亡数・死亡率・死亡性比=死亡率_女,,18.6,,2026-09-07T12:08:08Z
vital_deaths_rates,0003411649,1925年,人口動態統計確定数（日本における日本人）,人口千対,1925,,,死亡数・死亡率・死亡性比=死亡率_女,,19.8,,2026-09-07T12:08:08Z
vital_deaths_rates,0003411649,1924年,人口動態統計確定数（日本における日本人）,人口千対,1924,,,死亡数・死亡率・死亡性比=死亡率_女,,20.9,,2026-09-07T12:08:08Z
vital_deaths_rates,0003411649,1923年,人口動態統計確定数（日本における日本人）,人口千対,1923,,,死亡数・死亡率・死亡性比=死亡率_女,,22.6,,2026-09-07T12:08:08Z
vital_deaths_rates,0003411649,1922年,人口動態統計確定数（日本における日本人）,人口千対,1922,,,死亡数・死亡率・死亡性比=死亡率_女,,22.1,,2026-09-07T12:08:08Z
vital_deaths_rates,0003411649,1921年,人口動態統計確定数（日本における日本人）,人口千対,1921,,,死亡数・死亡率・死亡性比=死亡率_女,,22.3,,2026-09-07T12:08:08Z
vital_deaths_rates,0003411649,1920年,人口動態統計確定数（日本における日本人）,人口千対,1920,,,死亡数・死亡率・死亡性比=死亡率_女,,25.1,,2026-09-07T12:08:08Z
vital_deaths_rates,0003411649,1919年,人口動態統計確定数（日本における日本人）,人口千対,1919,,,死亡数・死亡率・死亡性比=死亡率_女,,23.1,,2026-09-07T12:08:08Z
vital_deaths_rates,0003411649,1918年,人口動態統計確定数（日本における日本人）,人口千対,1918,,,死亡数・死亡率・死亡性比=死亡率_女,,27.1,,2026-09-07T12:08:08Z
vital_deaths_rates,0003411649,1917年,人口動態統計確定数（日本における日本人）,人口千対,1917,,,死亡数・死亡率・死亡性比=死亡率_女,,21.9,,2026-09-07T12:08:08Z
vital_deaths_rates,0003411649,1916年,人口動態統計確定数（日本における日本人）,人口千対,1916,,,死亡数・死亡率・死亡性比=死亡率_女,,21.9,,2026-09-07T12:08:08Z
vital_deaths_rates,0003411649,1915年,人口動態統計確定数（日本における日本人）,人口千対,1915,,,死亡数・死亡率・死亡性比=死亡率_女,,20.5,,2026-09-07T12:08:08Z
vital_deaths_rates,0003411649,1914年,人口動態統計確定数（日本における日本人）,人口千対,1914,,,死亡数・死亡率・死亡性比=死亡率_女,,20.9,,2026-09-07T12:08:08Z
vital_deaths_rates,0003411649,1913年,人口動態統計確定数（日本における日本人）,人口千対,1913,,,死亡数・死亡率・死亡性比=死亡率_女,,19.8,,2026-09-07T12:08:08Z
vital_deaths_rates,0003411649,1912年,人口動態統計確定数（日本における日本人）,人口千対,1912,,,死亡数・死亡率・死亡性比=死亡率_女,,20.4,,2026-09-07T12:08:08Z
vital_deaths_rates,0003411649,1911年,人口動態統計確定数（日本における日本人）,人口千対,1911,,,死亡数・死亡率・死亡性比=死亡率_女,,20.8,,2026-09-07T12:08:08Z
vital_deaths_rates,0003411649,1910年,人口動態統計確定数（日本における日本人）,人口千対,1910,,,死亡数・死亡率・死亡性比=死亡率_女,,21.6,,2026-09-07T12:08:08Z
vital_deaths_rates,0003411649,1909年,人口動態統計確定数（日本における日本人）,人口千対,1909,,,死亡数・死亡率・死亡性比=死亡率_女,,22.3,,2026-09-07T12:08:08Z
vital_deaths_rates,0003411649,1908年,人口動態統計確定数（日本における日本人）,人口千対,1908,,,死亡数・死亡率・死亡性比=死亡率_女,,21.4,,2026-09-07T12:08:08Z
vital_deaths_rates,0003411649,1907年,人口動態統計確定数（日本における日本人）,人口千対,1907,,,死亡数・死亡率・死亡性比=死亡率_女,,21.4,,2026-09-07T12:08:08Z
vital_deaths_rates,0003411649,1906年,人口動態統計確定数（日本における日本人）,人口千対,1906,,,死亡数・死亡率・死亡性比=死亡率_女,,20.3,,2026-09-07T12:08:08Z
vital_deaths_rates,0003411649,1905年,人口動態統計確定数（日本における日本人）,人口千対,1905,,,死亡数・死亡率・死亡性比=死亡率_女,,21.5,,2026-09-07T12:08:08Z
vital_deaths_rates,0003411649,1904年,人口動態統計確定数（日本における日本人）,人口千対,1904,,,死亡数・死亡率・死亡性比=死亡率_女,,20.7,,2026-09-07T12:08:08Z
vital_deaths_rates,0003411649,1903年,人口動態統計確定数（日本における日本人）,人口千対,1903,,,死亡数・死亡率・死亡性比=死亡率_女,,20.3,,2026-09-07T12:08:08Z
vital_deaths_rates,0003411649,1902年,人口動態統計確定数（日本における日本人）,人口千対,1902,,,死亡数・死亡率・死亡性比=死亡率_女,,21.1,,2026-09-07T12:08:08Z
vital_deaths_rates,0003411649,1901年,人口動態統計確定数（日本における日本人）,人口千対,1901,,,死亡数・死亡率・死亡性比=死亡率_女,,20.7,,2026-09-07T12:08:08Z
vital_deaths_rates,0003411649,1900年,人口動態統計確定数（日本における日本人）,人口千対,1900,,,死亡数・死亡率・死亡性比=死亡率_女,,20.5,,2026-09-07T12:08:08Z
vital_deaths_rates,0003411649,1899年,人口動態統計確定数（日本における日本人）,人口千対,1899年,,,死亡数・死亡率・死亡性比=死亡率_女,,21.1,,2026-09-07T12:08:08Z
vital_deaths_rates,0003411649,2024年,人口動態統計確定数（日本における日本人）,女子=100,2024,,,死亡数・死亡率・死亡性比=死亡性比,,104.3,,2026-09-07T12:08:08Z
vital_deaths_rates,0003411649,2023年,人口動態統計確定数（日本における日本人）,女子=100,2023,,,死亡数・死亡率・死亡性比=死亡性比,,103.8,,2026-09-07T12:08:08Z
vital_deaths_rates,0003411649,2022年,人口動態統計確定数（日本における日本人）,女子=100,2022,,,死亡数・死亡率・死亡性比=死亡性比,,103.9,,2026-09-07T12:08:08Z
vital_deaths_rates,0003411649,2021年,人口動態統計確定数（日本における日本人）,女子=100,2021,,,死亡数・死亡率・死亡性比=死亡性比,,105.2,,2026-09-07T12:08:08Z
vital_deaths_rates,0003411649,2020年,人口動態統計確定数（日本における日本人）,女子=100,2020,,,死亡数・死亡率・死亡性比=死亡性比,,106.1,,2026-09-07T12:08:08Z
vital_deaths_rates,0003411649,2019年,人口動態統計確定数（日本における日本人）,女子=100,2019,,,死亡数・死亡率・死亡性比=死亡性比,,105.0,,2026-09-07T12:08:08Z
vital_deaths_rates,0003411649,2018年,人口動態統計確定数（日本における日本人）,女子=100,2018,,,死亡数・死亡率・死亡性比=死亡性比,,105.4,,2026-09-07T12:08:08Z
vital_deaths_rates,0003411649,2017年,人口動態統計確定数（日本における日本人）,女子=100,2017,,,死亡数・死亡率・死亡性比=死亡性比,,106.3,,2026-09-07T12:08:08Z
vital_deaths_rates,0003411649,2016年,人口動態統計確定数（日本における日本人）,女子=100,2016,,,死亡数・死亡率・死亡性比=死亡性比,,106.6,,2026-09-07T12:08:08Z
vital_deaths_rates,0003411649,2015年,人口動態統計確定数（日本における日本人）,女子=100,2015,,,死亡数・死亡率・死亡性比=死亡性比,,106.9,,2026-09-07T12:08:08Z
vital_deaths_rates,0003411649,2014年,人口動態統計確定数（日本における日本人）,女子=100,2014,,,死亡数・死亡率・死亡性比=死亡性比,,107.8,,2026-09-07T12:08:08Z
vital_deaths_rates,0003411649,2013年,人口動態統計確定数（日本における日本人）,女子=100,2013,,,死亡数・死亡率・死亡性比=死亡性比,,108.0,,2026-09-07T12:08:08Z
vital_deaths_rates,0003411649,2012年,人口動態統計確定数（日本における日本人）,女子=100,2012,,,死亡数・死亡率・死亡性比=死亡性比,,109.1,,2026-09-07T12:08:08Z
vital_deaths_rates,0003411649,2011年,人口動態統計確定数（日本における日本人）,女子=100,2011,,,死亡数・死亡率・死亡性比=死亡性比,,110.1,,2026-09-07T12:08:08Z
vital_deaths_rates,0003411649,2010年,人口動態統計確定数（日本における日本人）,女子=100,2010,,,死亡数・死亡率・死亡性比=死亡性比,,112.5,,2026-09-07T12:08:08Z
vital_deaths_rates,0003411649,2009年,人口動態統計確定数（日本における日本人）,女子=100,2009,,,死亡数・死亡率・死亡性比=死亡性比,,114.3,,2026-09-07T12:08:08Z
vital_deaths_rates,0003411649,2008年,人口動態統計確定数（日本における日本人）,女子=100,2008,,,死亡数・死亡率・死亡性比=死亡性比,,114.1,,2026-09-07T12:08:08Z
vital_deaths_rates,0003411649,2007年,人口動態統計確定数（日本における日本人）,女子=100,2007,,,死亡数・死亡率・死亡性比=死亡性比,,115.0,,2026-09-07T12:08:08Z
vital_deaths_rates,0003411649,2006年,人口動態統計確定数（日本における日本人）,女子=100,2006,,,死亡数・死亡率・死亡性比=死亡性比,,115.6,,2026-09-07T12:08:08Z
vital_deaths_rates,0003411649,2005年,人口動態統計確定数（日本における日本人）,女子=100,2005,,,死亡数・死亡率・死亡性比=死亡性比,,117.3,,2026-09-07T12:08:08Z
vital_deaths_rates,0003411649,2004年,人口動態統計確定数（日本における日本人）,女子=100,2004,,,死亡数・死亡率・死亡性比=死亡性比,,118.2,,2026-09-07T12:08:08Z
vital_deaths_rates,0003411649,2003年,人口動態統計確定数（日本における日本人）,女子=100,2003,,,死亡数・死亡率・死亡性比=死亡性比,,119.1,,2026-09-07T12:08:08Z
vital_deaths_rates,0003411649,2002年,人口動態統計確定数（日本における日本人）,女子=100,2002,,,死亡数・死亡率・死亡性比=死亡性比,,119.7,,2026-09-07T12:08:08Z
vital_deaths_rates,0003411649,2001年,人口動態統計確定数（日本における日本人）,女子=100,2001,,,死亡数・死亡率・死亡性比=死亡性比,,119.7,,2026-09-07T12:08:08Z
vital_deaths_rates,0003411649,2000年,人口動態統計確定数（日本における日本人）,女子=100,2000,,,死亡数・死亡率・死亡性比=死亡性比,,120.7,,2026-09-07T12:08:08Z
vital_deaths_rates,0003411649,1999年,人口動態統計確定数（日本における日本人）,女子=100,1999,,,死亡数・死亡率・死亡性比=死亡性比,,119.6,,2026-09-07T12:08:08Z
vital_deaths_rates,0003411649,1998年,人口動態統計確定数（日本における日本人）,女子=100,1998,,,死亡数・死亡率・死亡性比=死亡性比,,120.7,,2026-09-07T12:08:08Z
vital_deaths_rates,0003411649,1997年,人口動態統計確定数（日本における日本人）,女子=100,1997,,,死亡数・死亡率・死亡性比=死亡性比,,119.8,,2026-09-07T12:08:08Z
vital_deaths_rates,0003411649,1996年,人口動態統計確定数（日本における日本人）,女子=100,1996,,,死亡数・死亡率・死亡性比=死亡性比,,119.9,,2026-09-07T12:08:08Z
vital_deaths_rates,0003411649,1995年,人口動態統計確定数（日本における日本人）,女子=100,1995,,,死亡数・死亡率・死亡性比=死亡性比,,119.1,,2026-09-07T12:08:08Z
vital_deaths_rates,0003411649,1994年,人口動態統計確定数（日本における日本人）,女子=100,1994,,,死亡数・死亡率・死亡性比=死亡性比,,119.1,,2026-09-07T12:08:08Z
vital_deaths_rates,0003411649,1993年,人口動態統計確定数（日本における日本人）,女子=100,1993,,,死亡数・死亡率・死亡性比=死亡性比,,118.5,,2026-09-07T12:08:08Z
vital_deaths_rates,0003411649,1992年,人口動態統計確定数（日本における日本人）,女子=100,1992,,,死亡数・死亡率・死亡性比=死亡性比,,119.0,,2026-09-07T12:08:08Z
vital_deaths_rates,0003411649,1991年,人口動態統計確定数（日本における日本人）,女子=100,1991,,,死亡数・死亡率・死亡性比=死亡性比,,118.7,,2026-09-07T12:08:08Z
vital_deaths_rates,0003411649,1990年,人口動態統計確定数（日本における日本人）,女子=100,1990,,,死亡数・死亡率・死亡性比=死亡性比,,117.8,,2026-09-07T12:08:08Z
vital_deaths_rates,0003411649,1989年,人口動態統計確定数（日本における日本人）,女子=100,1989,,,死亡数・死亡率・死亡性比=死亡性比,,118.2,,2026-09-07T12:08:08Z
vital_deaths_rates,0003411649,1988年,人口動態統計確定数（日本における日本人）,女子=100,1988,,,死亡数・死亡率・死亡性比=死亡性比,,117.3,,2026-09-07T12:08:08Z
vital_deaths_rates,0003411649,1987年,人口動態統計確定数（日本における日本人）,女子=100,1987,,,死亡数・死亡率・死亡性比=死亡性比,,119.0,,2026-09-07T12:08:08Z
vital_deaths_rates,0003411649,1986年,人口動態統計確定数（日本における日本人）,女子=100,1986,,,死亡数・死亡率・死亡性比=死亡性比,,118.4,,2026-09-07T12:08:08Z
vital_deaths_rates,0003411649,1985年,人口動態統計確定数（日本における日本人）,女子=100,1985,,,死亡数・死亡率・死亡性比=死亡性比,,118.4,,2026-09-07T12:08:08Z
vital_deaths_rates,0003411649,1984年,人口動態統計確定数（日本における日本人）,女子=100,1984,,,死亡数・死亡率・死亡性比=死亡性比,,119.0,,2026-09-07T12:08:08Z
vital_deaths_rates,0003411649,1983年,人口動態統計確定数（日本における日本人）,女子=100,1983,,,死亡数・死亡率・死亡性比=死亡性比,,118.4,,2026-09-07T12:08:08Z
vital_deaths_rates,0003411649,1982年,人口動態統計確定数（日本における日本人）,女子=100,1982,,,死亡数・死亡率・死亡性比=死亡性比,,118.1,,2026-09-07T12:08:08Z
vital_deaths_rates,0003411649,1981年,人口動態統計確定数（日本における日本人）,女子=100,1981,,,死亡数・死亡率・死亡性比=死亡性比,,117.2,,2026-09-07T12:08:08Z
vital_deaths_rates,0003411649,1980年,人口動態統計確定数（日本における日本人）,女子=100,1980,,,死亡数・死亡率・死亡性比=死亡性比,,117.6,,2026-09-07T12:08:08Z
vital_deaths_rates,0003411649,1979年,人口動態統計確定数（日本における日本人）,女子=100,1979,,,死亡数・死亡率・死亡性比=死亡性比,,117.9,,2026-09-07T12:08:08Z
vital_deaths_rates,0003411649,1978年,人口動態統計確定数（日本における日本人）,女子=100,1978,,,死亡数・死亡率・死亡性比=死亡性比,,117.3,,2026-09-07T12:08:08Z
vital_deaths_rates,0003411649,1977年,人口動態統計確定数（日本における日本人）,女子=100,1977,,,死亡数・死亡率・死亡性比=死亡性比,,117.1,,2026-09-07T12:08:08Z
vital_deaths_rates,0003411649,1976年,人口動態統計確定数（日本における日本人）,女子=100,1976,,,死亡数・死亡率・死亡性比=死亡性比,,116.6,,2026-09-07T12:08:08Z
vital_deaths_rates,0003411649,1975年,人口動態統計確定数（日本における日本人）,女子=100,1975,,,死亡数・死亡率・死亡性比=死亡性比,,116.5,,2026-09-07T12:08:08Z
vital_deaths_rates,0003411649,1974年,人口動態統計確定数（日本における日本人）,女子=100,1974,,,死亡数・死亡率・死亡性比=死亡性比,,116.2,,2026-09-07T12:08:08Z
vital_deaths_rates,0003411649,1973年,人口動態統計確定数（日本における日本人）,女子=100,1973,,,死亡数・死亡率・死亡性比=死亡性比,,117.7,,2026-09-07T12:08:08Z
vital_deaths_rates,0003411649,1972年,人口動態統計確定数（日本における日本人）,女子=100,1972,,,死亡数・死亡率・死亡性比=死亡性比,,119.9,,2026-09-07T12:08:08Z
vital_deaths_rates,0003411649,1971年,人口動態統計確定数（日本における日本人）,女子=100,1971,,,死亡数・死亡率・死亡性比=死亡性比,,119.7,,2026-09-07T12:08:08Z
vital_deaths_rates,0003411649,1970年,人口動態統計確定数（日本における日本人）,女子=100,1970,,,死亡数・死亡率・死亡性比=死亡性比,,119.3,,2026-09-07T12:08:08Z
vital_deaths_rates,0003411649,1969年,人口動態統計確定数（日本における日本人）,女子=100,1969,,,死亡数・死亡率・死亡性比=死亡性比,,120.8,,2026-09-07T12:08:08Z
vital_deaths_rates,0003411649,1968年,人口動態統計確定数（日本における日本人）,女子=100,1968,,,死亡数・死亡率・死亡性比=死亡性比,,118.9,,2026-09-07T12:08:08Z
vital_deaths_rates,0003411649,1967年,人口動態統計確定数（日本における日本人）,女子=100,1967,,,死亡数・死亡率・死亡性比=死亡性比,,118.5,,2026-09-07T12:08:08Z
vital_deaths_rates,0003411649,1966年,人口動態統計確定数（日本における日本人）,女子=100,1966,,,死亡数・死亡率・死亡性比=死亡性比,,118.4,,2026-09-07T12:08:08Z
vital_deaths_rates,0003411649,1965年,人口動態統計確定数（日本における日本人）,女子=100,1965,,,死亡数・死亡率・死亡性比=死亡性比,,117.7,,2026-09-07T12:08:08Z
vital_deaths_rates,0003411649,1964年,人口動態統計確定数（日本における日本人）,女子=100,1964,,,死亡数・死亡率・死亡性比=死亡性比,,117.4,,2026-09-07T12:08:08Z
vital_deaths_rates,0003411649,1963年,人口動態統計確定数（日本における日本人）,女子=100,1963,,,死亡数・死亡率・死亡性比=死亡性比,,116.9,,2026-09-07T12:08:08Z
vital_deaths_rates,0003411649,1962年,人口動態統計確定数（日本における日本人）,女子=100,1962,,,死亡数・死亡率・死亡性比=死亡性比,,115.6,,2026-09-07T12:08:08Z
vital_deaths_rates,0003411649,1961年,人口動態統計確定数（日本における日本人）,女子=100,1961,,,死亡数・死亡率・死亡性比=死亡性比,,114.8,,2026-09-07T12:08:08Z
vital_deaths_rates,0003411649,1960年,人口動態統計確定数（日本における日本人）,女子=100,1960,,,死亡数・死亡率・死亡性比=死亡性比,,114.7,,2026-09-07T12:08:08Z
vital_deaths_rates,0003411649,1959年,人口動態統計確定数（日本における日本人）,女子=100,1959,,,死亡数・死亡率・死亡性比=死亡性比,,114.0,,2026-09-07T12:08:08Z
vital_deaths_rates,0003411649,1958年,人口動態統計確定数（日本における日本人）,女子=100,1958,,,死亡数・死亡率・死亡性比=死亡性比,,113.4,,2026-09-07T12:08:08Z
vital_deaths_rates,0003411649,1957年,人口動態統計確定数（日本における日本人）,女子=100,1957,,,死亡数・死亡率・死亡性比=死亡性比,,112.0,,2026-09-07T12:08:08Z
vital_deaths_rates,0003411649,1956年,人口動態統計確定数（日本における日本人）,女子=100,1956,,,死亡数・死亡率・死亡性比=死亡性比,,111.2,,2026-09-07T12:08:08Z
vital_deaths_rates,0003411649,1955年,人口動態統計確定数（日本における日本人）,女子=100,1955,,,死亡数・死亡率・死亡性比=死亡性比,,111.3,,2026-09-07T12:08:08Z
vital_deaths_rates,0003411649,1954年,人口動態統計確定数（日本における日本人）,女子=100,1954,,,死亡数・死亡率・死亡性比=死亡性比,,111.1,,2026-09-07T12:08:08Z
vital_deaths_rates,0003411649,1953年,人口動態統計確定数（日本における日本人）,女子=100,1953,,,死亡数・死亡率・死亡性比=死亡性比,,107.3,,2026-09-07T12:08:08Z
vital_deaths_rates,0003411649,1952年,人口動態統計確定数（日本における日本人）,女子=100,1952,,,死亡数・死亡率・死亡性比=死亡性比,,106.9,,2026-09-07T12:08:08Z
vital_deaths_rates,0003411649,1951年,人口動態統計確定数（日本における日本人）,女子=100,1951,,,死亡数・死亡率・死亡性比=死亡性比,,106.4,,2026-09-07T12:08:08Z
vital_deaths_rates,0003411649,1950年,人口動態統計確定数（日本における日本人）,女子=100,1950,,,死亡数・死亡率・死亡性比=死亡性比,,106.7,,2026-09-07T12:08:08Z
vital_deaths_rates,0003411649,1949年,人口動態統計確定数（日本における日本人）,女子=100,1949,,,死亡数・死亡率・死亡性比=死亡性比,,107.5,,2026-09-07T12:08:08Z
vital_deaths_rates,0003411649,1948年,人口動態統計確定数（日本における日本人）,女子=100,1948,,,死亡数・死亡率・死亡性比=死亡性比,,108.0,,2026-09-07T12:08:08Z
vital_deaths_rates,0003411649,1947年,人口動態統計確定数（日本における日本人）,女子=100,1947,,,死亡数・死亡率・死亡性比=死亡性比,,109.8,,2026-09-07T12:08:08Z
vital_deaths_rates,0003411649,1943年,人口動態統計確定数（日本における日本人）,女子=100,1943,,,死亡数・死亡率・死亡性比=死亡性比,,109.8,,2026-09-07T12:08:08Z
vital_deaths_rates,0003411649,1942年,人口動態統計確定数（日本における日本人）,女子=100,1942,,,死亡数・死亡率・死亡性比=死亡性比,,109.2,,2026-09-07T12:08:08Z
vital_deaths_rates,0003411649,1941年,人口動態統計確定数（日本における日本人）,女子=100,1941,,,死亡数・死亡率・死亡性比=死亡性比,,108.2,,2026-09-07T12:08:08Z
vital_deaths_rates,0003411649,1940年,人口動態統計確定数（日本における日本人）,女子=100,1940,,,死亡数・死亡率・死亡性比=死亡性比,,107.7,,2026-09-07T12:08:08Z
vital_deaths_rates,0003411649,1939年,人口動態統計確定数（日本における日本人）,女子=100,1939,,,死亡数・死亡率・死亡性比=死亡性比,,107.9,,2026-09-07T12:08:08Z
vital_deaths_rates,0003411649,1938年,人口動態統計確定数（日本における日本人）,女子=100,1938,,,死亡数・死亡率・死亡性比=死亡性比,,107.6,,2026-09-07T12:08:08Z
vital_deaths_rates,0003411649,1937年,人口動態統計確定数（日本における日本人）,女子=100,1937,,,死亡数・死亡率・死亡性比=死亡性比,,107.4,,2026-09-07T12:08:08Z
vital_deaths_rates,0003411649,1936年,人口動態統計確定数（日本における日本人）,女子=100,1936,,,死亡数・死亡率・死亡性比=死亡性比,,107.7,,2026-09-07T12:08:08Z
vital_deaths_rates,0003411649,1935年,人口動態統計確定数（日本における日本人）,女子=100,1935,,,死亡数・死亡率・死亡性比=死亡性比,,108.1,,2026-09-07T12:08:08Z
vital_deaths_rates,0003411649,1934年,人口動態統計確定数（日本における日本人）,女子=100,1934,,,死亡数・死亡率・死亡性比=死亡性比,,107.3,,2026-09-07T12:08:08Z
vital_deaths_rates,0003411649,1933年,人口動態統計確定数（日本における日本人）,女子=100,1933,,,死亡数・死亡率・死亡性比=死亡性比,,107.5,,2026-09-07T12:08:08Z
vital_deaths_rates,0003411649,1932年,人口動態統計確定数（日本における日本人）,女子=100,1932,,,死亡数・死亡率・死亡性比=死亡性比,,106.9,,2026-09-07T12:08:08Z
vital_deaths_rates,0003411649,1931年,人口動態統計確定数（日本における日本人）,女子=100,1931,,,死亡数・死亡率・死亡性比=死亡性比,,107.2,,2026-09-07T12:08:08Z
vital_deaths_rates,0003411649,1930年,人口動態統計確定数（日本における日本人）,女子=100,1930,,,死亡数・死亡率・死亡性比=死亡性比,,106.5,,2026-09-07T12:08:08Z
vital_deaths_rates,0003411649,1929年,人口動態統計確定数（日本における日本人）,女子=100,1929,,,死亡数・死亡率・死亡性比=死亡性比,,105.0,,2026-09-07T12:08:08Z
vital_deaths_rates,0003411649,1928年,人口動態統計確定数（日本における日本人）,女子=100,1928,,,死亡数・死亡率・死亡性比=死亡性比,,107.0,,2026-09-07T12:08:08Z
vital_deaths_rates,0003411649,1927年,人口動態統計確定数（日本における日本人）,女子=100,1927,,,死亡数・死亡率・死亡性比=死亡性比,,105.8,,2026-09-07T12:08:08Z
vital_deaths_rates,0003411649,1926年,人口動態統計確定数（日本における日本人）,女子=100,1926,,,死亡数・死亡率・死亡性比=死亡性比,,106.0,,2026-09-07T12:08:08Z
vital_deaths_rates,0003411649,1925年,人口動態統計確定数（日本における日本人）,女子=100,1925,,,死亡数・死亡率・死亡性比=死亡性比,,105.4,,2026-09-07T12:08:08Z
vital_deaths_rates,0003411649,1924年,人口動態統計確定数（日本における日本人）,女子=100,1924,,,死亡数・死亡率・死亡性比=死亡性比,,105.1,,2026-09-07T12:08:08Z
vital_deaths_rates,0003411649,1923年,人口動態統計確定数（日本における日本人）,女子=100,1923,,,死亡数・死亡率・死亡性比=死亡性比,,103.9,,2026-09-07T12:08:08Z
vital_deaths_rates,0003411649,1922年,人口動態統計確定数（日本における日本人）,女子=100,1922,,,死亡数・死亡率・死亡性比=死亡性比,,103.9,,2026-09-07T12:08:08Z
vital_deaths_rates,0003411649,1921年,人口動態統計確定数（日本における日本人）,女子=100,1921,,,死亡数・死亡率・死亡性比=死亡性比,,104.8,,2026-09-07T12:08:08Z
vital_deaths_rates,0003411649,1920年,人口動態統計確定数（日本における日本人）,女子=100,1920,,,死亡数・死亡率・死亡性比=死亡性比,,102.7,,2026-09-07T12:08:08Z
vital_deaths_rates,0003411649,1919年,人口動態統計確定数（日本における日本人）,女子=100,1919,,,死亡数・死亡率・死亡性比=死亡性比,,102.5,,2026-09-07T12:08:08Z
vital_deaths_rates,0003411649,1918年,人口動態統計確定数（日本における日本人）,女子=100,1918,,,死亡数・死亡率・死亡性比=死亡性比,,101.8,,2026-09-07T12:08:08Z
vital_deaths_rates,0003411649,1917年,人口動態統計確定数（日本における日本人）,女子=100,1917,,,死亡数・死亡率・死亡性比=死亡性比,,103.2,,2026-09-07T12:08:08Z
vital_deaths_rates,0003411649,1916年,人口動態統計確定数（日本における日本人）,女子=100,1916,,,死亡数・死亡率・死亡性比=死亡性比,,103.5,,2026-09-07T12:08:08Z
vital_deaths_rates,0003411649,1915年,人口動態統計確定数（日本における日本人）,女子=100,1915,,,死亡数・死亡率・死亡性比=死亡性比,,103.5,,2026-09-07T12:08:08Z
vital_deaths_rates,0003411649,1914年,人口動態統計確定数（日本における日本人）,女子=100,1914,,,死亡数・死亡率・死亡性比=死亡性比,,103.1,,2026-09-07T12:08:08Z
vital_deaths_rates,0003411649,1913年,人口動態統計確定数（日本における日本人）,女子=100,1913,,,死亡数・死亡率・死亡性比=死亡性比,,103.0,,2026-09-07T12:08:08Z
vital_deaths_rates,0003411649,1912年,人口動態統計確定数（日本における日本人）,女子=100,1912,,,死亡数・死亡率・死亡性比=死亡性比,,102.0,,2026-09-07T12:08:08Z
vital_deaths_rates,0003411649,1911年,人口動態統計確定数（日本における日本人）,女子=100,1911,,,死亡数・死亡率・死亡性比=死亡性比,,101.6,,2026-09-07T12:08:08Z
vital_deaths_rates,0003411649,1910年,人口動態統計確定数（日本における日本人）,女子=100,1910,,,死亡数・死亡率・死亡性比=死亡性比,,101.1,,2026-09-07T12:08:08Z
vital_deaths_rates,0003411649,1909年,人口動態統計確定数（日本における日本人）,女子=100,1909,,,死亡数・死亡率・死亡性比=死亡性比,,101.7,,2026-09-07T12:08:08Z
vital_deaths_rates,0003411649,1908年,人口動態統計確定数（日本における日本人）,女子=100,1908,,,死亡数・死亡率・死亡性比=死亡性比,,101.2,,2026-09-07T12:08:08Z
vital_deaths_rates,0003411649,1907年,人口動態統計確定数（日本における日本人）,女子=100,1907,,,死亡数・死亡率・死亡性比=死亡性比,,101.5,,2026-09-07T12:08:08Z
vital_deaths_rates,0003411649,1906年,人口動態統計確定数（日本における日本人）,女子=100,1906,,,死亡数・死亡率・死亡性比=死亡性比,,101.0,,2026-09-07T12:08:08Z
vital_deaths_rates,0003411649,1905年,人口動態統計確定数（日本における日本人）,女子=100,1905,,,死亡数・死亡率・死亡性比=死亡性比,,101.2,,2026-09-07T12:08:08Z
vital_deaths_rates,0003411649,1904年,人口動態統計確定数（日本における日本人）,女子=100,1904,,,死亡数・死亡率・死亡性比=死亡性比,,101.6,,2026-09-07T12:08:08Z
vital_deaths_rates,0003411649,1903年,人口動態統計確定数（日本における日本人）,女子=100,1903,,,死亡数・死亡率・死亡性比=死亡性比,,102.9,,2026-09-07T12:08:08Z
vital_deaths_rates,0003411649,1902年,人口動態統計確定数（日本における日本人）,女子=100,1902,,,死亡数・死亡率・死亡性比=死亡性比,,102.9,,2026-09-07T12:08:08Z
vital_deaths_rates,0003411649,1901年,人口動態統計確定数（日本における日本人）,女子=100,1901,,,死亡数・死亡率・死亡性比=死亡性比,,102.5,,2026-09-07T12:08:08Z
vital_deaths_rates,0003411649,1900年,人口動態統計確定数（日本における日本人）,女子=100,1900,,,死亡数・死亡率・死亡性比=死亡性比,,103.9,,2026-09-07T12:08:08Z
vital_deaths_rates,0003411649,1899年,人口動態統計確定数（日本における日本人）,女子=100,1899年,,,死亡数・死亡率・死亡性比=死亡性比,,104.5,,2026-09-07T12:08:08Z
