series_id,stats_data_id,reference_date,source_population_definition,unit,year,sex,age,category,subcategory,value,flag,retrieved_at
vital_suicide_age_sex,0003411659,2024年,人口動態統計確定数（日本における日本人）,人,2024,総数,総数,表章項目=死亡数,死因年次推移分類=Hi16_自殺,19608,,2026-09-07T07:39:43Z
vital_suicide_age_sex,0003411659,2023年,人口動態統計確定数（日本における日本人）,人,2023,総数,総数,表章項目=死亡数,死因年次推移分類=Hi16_自殺,21037,,2026-09-07T07:39:43Z
vital_suicide_age_sex,0003411659,2022年,人口動態統計確定数（日本における日本人）,人,2022,総数,総数,表章項目=死亡数,死因年次推移分類=Hi16_自殺,21252,,2026-09-07T07:39:43Z
vital_suicide_age_sex,0003411659,2021年,人口動態統計確定数（日本における日本人）,人,2021,総数,総数,表章項目=死亡数,死因年次推移分類=Hi16_自殺,20291,,2026-09-07T07:39:43Z
vital_suicide_age_sex,0003411659,2020年,人口動態統計確定数（日本における日本人）,人,2020,総数,総数,表章項目=死亡数,死因年次推移分類=Hi16_自殺,20243,,2026-09-07T07:39:43Z
vital_suicide_age_sex,0003411659,2019年,人口動態統計確定数（日本における日本人）,人,2019,総数,総数,表章項目=死亡数,死因年次推移分類=Hi16_自殺,19425,,2026-09-07T07:39:43Z
vital_suicide_age_sex,0003411659,2018年,人口動態統計確定数（日本における日本人）,人,2018,総数,総数,表章項目=死亡数,死因年次推移分類=Hi16_自殺,20031,,2026-09-07T07:39:43Z
vital_suicide_age_sex,0003411659,2017年,人口動態統計確定数（日本における日本人）,人,2017,総数,総数,表章項目=死亡数,死因年次推移分類=Hi16_自殺,20468,,2026-09-07T07:39:43Z
vital_suicide_age_sex,0003411659,2016年,人口動態統計確定数（日本における日本人）,人,2016,総数,総数,表章項目=死亡数,死因年次推移分類=Hi16_自殺,21021,,2026-09-07T07:39:43Z
vital_suicide_age_sex,0003411659,2015年,人口動態統計確定数（日本における日本人）,人,2015,総数,総数,表章項目=死亡数,死因年次推移分類=Hi16_自殺,23152,,2026-09-07T07:39:43Z
vital_suicide_age_sex,0003411659,2014年,人口動態統計確定数（日本における日本人）,人,2014,総数,総数,表章項目=死亡数,死因年次推移分類=Hi16_自殺,24417,,2026-09-07T07:39:43Z
vital_suicide_age_sex,0003411659,2013年,人口動態統計確定数（日本における日本人）,人,2013,総数,総数,表章項目=死亡数,死因年次推移分類=Hi16_自殺,26063,,2026-09-07T07:39:43Z
vital_suicide_age_sex,0003411659,2010年,人口動態統計確定数（日本における日本人）,人,2010,総数,総数,表章項目=死亡数,死因年次推移分類=Hi16_自殺,29554,,2026-09-07T07:39:43Z
vital_suicide_age_sex,0003411659,2005年,人口動態統計確定数（日本における日本人）,人,2005,総数,総数,表章項目=死亡数,死因年次推移分類=Hi16_自殺,30553,,2026-09-07T07:39:43Z
vital_suicide_age_sex,0003411659,2000年,人口動態統計確定数（日本における日本人）,人,2000,総数,総数,表章項目=死亡数,死因年次推移分類=Hi16_自殺,30251,,2026-09-07T07:39:43Z
vital_suicide_age_sex,0003411659,1995年,人口動態統計確定数（日本における日本人）,人,1995,総数,総数,表章項目=死亡数,死因年次推移分類=Hi16_自殺,21420,,2026-09-07T07:39:43Z
vital_suicide_age_sex,0003411659,1990年,人口動態統計確定数（日本における日本人）,人,1990,総数,総数,表章項目=死亡数,死因年次推移分類=Hi16_自殺,20088,,2026-09-07T07:39:43Z
vital_suicide_age_sex,0003411659,1985年,人口動態統計確定数（日本における日本人）,人,1985,総数,総数,表章項目=死亡数,死因年次推移分類=Hi16_自殺,23383,,2026-09-07T07:39:43Z
vital_suicide_age_sex,0003411659,1980年,人口動態統計確定数（日本における日本人）,人,1980,総数,総数,表章項目=死亡数,死因年次推移分類=Hi16_自殺,20542,,2026-09-07T07:39:43Z
vital_suicide_age_sex,0003411659,1975年,人口動態統計確定数（日本における日本人）,人,1975,総数,総数,表章項目=死亡数,死因年次推移分類=Hi16_自殺,19975,,2026-09-07T07:39:43Z
vital_suicide_age_sex,0003411659,1970年,人口動態統計確定数（日本における日本人）,人,1970,総数,総数,表章項目=死亡数,死因年次推移分類=Hi16_自殺,15728,,2026-09-07T07:39:43Z
vital_suicide_age_sex,0003411659,1965年,人口動態統計確定数（日本における日本人）,人,1965,総数,総数,表章項目=死亡数,死因年次推移分類=Hi16_自殺,14444,,2026-09-07T07:39:43Z
vital_suicide_age_sex,0003411659,1960年,人口動態統計確定数（日本における日本人）,人,1960,総数,総数,表章項目=死亡数,死因年次推移分類=Hi16_自殺,20143,,2026-09-07T07:39:43Z
vital_suicide_age_sex,0003411659,1955年,人口動態統計確定数（日本における日本人）,人,1955,総数,総数,表章項目=死亡数,死因年次推移分類=Hi16_自殺,22477,,2026-09-07T07:39:43Z
vital_suicide_age_sex,0003411659,1950年,人口動態統計確定数（日本における日本人）,人,1950,総数,総数,表章項目=死亡数,死因年次推移分類=Hi16_自殺,16311,,2026-09-07T07:39:43Z
vital_suicide_age_sex,0003411659,2024年,人口動態統計確定数（日本における日本人）,人,2024,男,総数,表章項目=死亡数,死因年次推移分類=Hi16_自殺,13354,,2026-09-07T07:39:43Z
vital_suicide_age_sex,0003411659,2023年,人口動態統計確定数（日本における日本人）,人,2023,男,総数,表章項目=死亡数,死因年次推移分類=Hi16_自殺,14388,,2026-09-07T07:39:43Z
vital_suicide_age_sex,0003411659,2022年,人口動態統計確定数（日本における日本人）,人,2022,男,総数,表章項目=死亡数,死因年次推移分類=Hi16_自殺,14362,,2026-09-07T07:39:43Z
vital_suicide_age_sex,0003411659,2021年,人口動態統計確定数（日本における日本人）,人,2021,男,総数,表章項目=死亡数,死因年次推移分類=Hi16_自殺,13508,,2026-09-07T07:39:43Z
vital_suicide_age_sex,0003411659,2020年,人口動態統計確定数（日本における日本人）,人,2020,男,総数,表章項目=死亡数,死因年次推移分類=Hi16_自殺,13588,,2026-09-07T07:39:43Z
vital_suicide_age_sex,0003411659,2019年,人口動態統計確定数（日本における日本人）,人,2019,男,総数,表章項目=死亡数,死因年次推移分類=Hi16_自殺,13668,,2026-09-07T07:39:43Z
vital_suicide_age_sex,0003411659,2018年,人口動態統計確定数（日本における日本人）,人,2018,男,総数,表章項目=死亡数,死因年次推移分類=Hi16_自殺,13851,,2026-09-07T07:39:43Z
vital_suicide_age_sex,0003411659,2017年,人口動態統計確定数（日本における日本人）,人,2017,男,総数,表章項目=死亡数,死因年次推移分類=Hi16_自殺,14336,,2026-09-07T07:39:43Z
vital_suicide_age_sex,0003411659,2016年,人口動態統計確定数（日本における日本人）,人,2016,男,総数,表章項目=死亡数,死因年次推移分類=Hi16_自殺,14642,,2026-09-07T07:39:43Z
vital_suicide_age_sex,0003411659,2015年,人口動態統計確定数（日本における日本人）,人,2015,男,総数,表章項目=死亡数,死因年次推移分類=Hi16_自殺,16202,,2026-09-07T07:39:43Z
vital_suicide_age_sex,0003411659,2014年,人口動態統計確定数（日本における日本人）,人,2014,男,総数,表章項目=死亡数,死因年次推移分類=Hi16_自殺,16875,,2026-09-07T07:39:43Z
vital_suicide_age_sex,0003411659,2013年,人口動態統計確定数（日本における日本人）,人,2013,男,総数,表章項目=死亡数,死因年次推移分類=Hi16_自殺,18158,,2026-09-07T07:39:43Z
vital_suicide_age_sex,0003411659,2010年,人口動態統計確定数（日本における日本人）,人,2010,男,総数,表章項目=死亡数,死因年次推移分類=Hi16_自殺,21028,,2026-09-07T07:39:43Z
vital_suicide_age_sex,0003411659,2005年,人口動態統計確定数（日本における日本人）,人,2005,男,総数,表章項目=死亡数,死因年次推移分類=Hi16_自殺,22236,,2026-09-07T07:39:43Z
vital_suicide_age_sex,0003411659,2000年,人口動態統計確定数（日本における日本人）,人,2000,男,総数,表章項目=死亡数,死因年次推移分類=Hi16_自殺,21656,,2026-09-07T07:39:43Z
vital_suicide_age_sex,0003411659,1995年,人口動態統計確定数（日本における日本人）,人,1995,男,総数,表章項目=死亡数,死因年次推移分類=Hi16_自殺,14231,,2026-09-07T07:39:43Z
vital_suicide_age_sex,0003411659,1990年,人口動態統計確定数（日本における日本人）,人,1990,男,総数,表章項目=死亡数,死因年次推移分類=Hi16_自殺,12316,,2026-09-07T07:39:43Z
vital_suicide_age_sex,0003411659,1985年,人口動態統計確定数（日本における日本人）,人,1985,男,総数,表章項目=死亡数,死因年次推移分類=Hi16_自殺,15356,,2026-09-07T07:39:43Z
vital_suicide_age_sex,0003411659,1980年,人口動態統計確定数（日本における日本人）,人,1980,男,総数,表章項目=死亡数,死因年次推移分類=Hi16_自殺,12769,,2026-09-07T07:39:43Z
vital_suicide_age_sex,0003411659,1975年,人口動態統計確定数（日本における日本人）,人,1975,男,総数,表章項目=死亡数,死因年次推移分類=Hi16_自殺,11744,,2026-09-07T07:39:43Z
vital_suicide_age_sex,0003411659,1970年,人口動態統計確定数（日本における日本人）,人,1970,男,総数,表章項目=死亡数,死因年次推移分類=Hi16_自殺,8761,,2026-09-07T07:39:43Z
vital_suicide_age_sex,0003411659,1965年,人口動態統計確定数（日本における日本人）,人,1965,男,総数,表章項目=死亡数,死因年次推移分類=Hi16_自殺,8330,,2026-09-07T07:39:43Z
vital_suicide_age_sex,0003411659,1960年,人口動態統計確定数（日本における日本人）,人,1960,男,総数,表章項目=死亡数,死因年次推移分類=Hi16_自殺,11506,,2026-09-07T07:39:43Z
vital_suicide_age_sex,0003411659,1955年,人口動態統計確定数（日本における日本人）,人,1955,男,総数,表章項目=死亡数,死因年次推移分類=Hi16_自殺,13836,,2026-09-07T07:39:43Z
vital_suicide_age_sex,0003411659,1950年,人口動態統計確定数（日本における日本人）,人,1950,男,総数,表章項目=死亡数,死因年次推移分類=Hi16_自殺,9820,,2026-09-07T07:39:43Z
vital_suicide_age_sex,0003411659,2024年,人口動態統計確定数（日本における日本人）,人,2024,女,総数,表章項目=死亡数,死因年次推移分類=Hi16_自殺,6254,,2026-09-07T07:39:43Z
vital_suicide_age_sex,0003411659,2023年,人口動態統計確定数（日本における日本人）,人,2023,女,総数,表章項目=死亡数,死因年次推移分類=Hi16_自殺,6649,,2026-09-07T07:39:43Z
vital_suicide_age_sex,0003411659,2022年,人口動態統計確定数（日本における日本人）,人,2022,女,総数,表章項目=死亡数,死因年次推移分類=Hi16_自殺,6890,,2026-09-07T07:39:43Z
vital_suicide_age_sex,0003411659,2021年,人口動態統計確定数（日本における日本人）,人,2021,女,総数,表章項目=死亡数,死因年次推移分類=Hi16_自殺,6783,,2026-09-07T07:39:43Z
vital_suicide_age_sex,0003411659,2020年,人口動態統計確定数（日本における日本人）,人,2020,女,総数,表章項目=死亡数,死因年次推移分類=Hi16_自殺,6655,,2026-09-07T07:39:43Z
vital_suicide_age_sex,0003411659,2019年,人口動態統計確定数（日本における日本人）,人,2019,女,総数,表章項目=死亡数,死因年次推移分類=Hi16_自殺,5757,,2026-09-07T07:39:43Z
vital_suicide_age_sex,0003411659,2018年,人口動態統計確定数（日本における日本人）,人,2018,女,総数,表章項目=死亡数,死因年次推移分類=Hi16_自殺,6180,,2026-09-07T07:39:43Z
vital_suicide_age_sex,0003411659,2017年,人口動態統計確定数（日本における日本人）,人,2017,女,総数,表章項目=死亡数,死因年次推移分類=Hi16_自殺,6132,,2026-09-07T07:39:43Z
vital_suicide_age_sex,0003411659,2016年,人口動態統計確定数（日本における日本人）,人,2016,女,総数,表章項目=死亡数,死因年次推移分類=Hi16_自殺,6379,,2026-09-07T07:39:43Z
vital_suicide_age_sex,0003411659,2015年,人口動態統計確定数（日本における日本人）,人,2015,女,総数,表章項目=死亡数,死因年次推移分類=Hi16_自殺,6950,,2026-09-07T07:39:43Z
vital_suicide_age_sex,0003411659,2014年,人口動態統計確定数（日本における日本人）,人,2014,女,総数,表章項目=死亡数,死因年次推移分類=Hi16_自殺,7542,,2026-09-07T07:39:43Z
vital_suicide_age_sex,0003411659,2013年,人口動態統計確定数（日本における日本人）,人,2013,女,総数,表章項目=死亡数,死因年次推移分類=Hi16_自殺,7905,,2026-09-07T07:39:43Z
vital_suicide_age_sex,0003411659,2010年,人口動態統計確定数（日本における日本人）,人,2010,女,総数,表章項目=死亡数,死因年次推移分類=Hi16_自殺,8526,,2026-09-07T07:39:43Z
vital_suicide_age_sex,0003411659,2005年,人口動態統計確定数（日本における日本人）,人,2005,女,総数,表章項目=死亡数,死因年次推移分類=Hi16_自殺,8317,,2026-09-07T07:39:43Z
vital_suicide_age_sex,0003411659,2000年,人口動態統計確定数（日本における日本人）,人,2000,女,総数,表章項目=死亡数,死因年次推移分類=Hi16_自殺,8595,,2026-09-07T07:39:43Z
vital_suicide_age_sex,0003411659,1995年,人口動態統計確定数（日本における日本人）,人,1995,女,総数,表章項目=死亡数,死因年次推移分類=Hi16_自殺,7189,,2026-09-07T07:39:43Z
vital_suicide_age_sex,0003411659,1990年,人口動態統計確定数（日本における日本人）,人,1990,女,総数,表章項目=死亡数,死因年次推移分類=Hi16_自殺,7772,,2026-09-07T07:39:43Z
vital_suicide_age_sex,0003411659,1985年,人口動態統計確定数（日本における日本人）,人,1985,女,総数,表章項目=死亡数,死因年次推移分類=Hi16_自殺,8027,,2026-09-07T07:39:43Z
vital_suicide_age_sex,0003411659,1980年,人口動態統計確定数（日本における日本人）,人,1980,女,総数,表章項目=死亡数,死因年次推移分類=Hi16_自殺,7773,,2026-09-07T07:39:43Z
vital_suicide_age_sex,0003411659,1975年,人口動態統計確定数（日本における日本人）,人,1975,女,総数,表章項目=死亡数,死因年次推移分類=Hi16_自殺,8231,,2026-09-07T07:39:43Z
vital_suicide_age_sex,0003411659,1970年,人口動態統計確定数（日本における日本人）,人,1970,女,総数,表章項目=死亡数,死因年次推移分類=Hi16_自殺,6967,,2026-09-07T07:39:43Z
vital_suicide_age_sex,0003411659,1965年,人口動態統計確定数（日本における日本人）,人,1965,女,総数,表章項目=死亡数,死因年次推移分類=Hi16_自殺,6114,,2026-09-07T07:39:43Z
vital_suicide_age_sex,0003411659,1960年,人口動態統計確定数（日本における日本人）,人,1960,女,総数,表章項目=死亡数,死因年次推移分類=Hi16_自殺,8637,,2026-09-07T07:39:43Z
vital_suicide_age_sex,0003411659,1955年,人口動態統計確定数（日本における日本人）,人,1955,女,総数,表章項目=死亡数,死因年次推移分類=Hi16_自殺,8641,,2026-09-07T07:39:43Z
vital_suicide_age_sex,0003411659,1950年,人口動態統計確定数（日本における日本人）,人,1950,女,総数,表章項目=死亡数,死因年次推移分類=Hi16_自殺,6491,,2026-09-07T07:39:43Z
vital_suicide_age_sex,0003411659,2024年,人口動態統計確定数（日本における日本人）,人,2024,総数,0～4歳,表章項目=死亡数,死因年次推移分類=Hi16_自殺,,-,2026-09-07T07:39:43Z
vital_suicide_age_sex,0003411659,2023年,人口動態統計確定数（日本における日本人）,人,2023,総数,0～4歳,表章項目=死亡数,死因年次推移分類=Hi16_自殺,,-,2026-09-07T07:39:43Z
vital_suicide_age_sex,0003411659,2022年,人口動態統計確定数（日本における日本人）,人,2022,総数,0～4歳,表章項目=死亡数,死因年次推移分類=Hi16_自殺,,-,2026-09-07T07:39:43Z
vital_suicide_age_sex,0003411659,2021年,人口動態統計確定数（日本における日本人）,人,2021,総数,0～4歳,表章項目=死亡数,死因年次推移分類=Hi16_自殺,,-,2026-09-07T07:39:43Z
vital_suicide_age_sex,0003411659,2020年,人口動態統計確定数（日本における日本人）,人,2020,総数,0～4歳,表章項目=死亡数,死因年次推移分類=Hi16_自殺,,-,2026-09-07T07:39:43Z
vital_suicide_age_sex,0003411659,2019年,人口動態統計確定数（日本における日本人）,人,2019,総数,0～4歳,表章項目=死亡数,死因年次推移分類=Hi16_自殺,,-,2026-09-07T07:39:43Z
vital_suicide_age_sex,0003411659,2018年,人口動態統計確定数（日本における日本人）,人,2018,総数,0～4歳,表章項目=死亡数,死因年次推移分類=Hi16_自殺,,-,2026-09-07T07:39:43Z
vital_suicide_age_sex,0003411659,2017年,人口動態統計確定数（日本における日本人）,人,2017,総数,0～4歳,表章項目=死亡数,死因年次推移分類=Hi16_自殺,,-,2026-09-07T07:39:43Z
vital_suicide_age_sex,0003411659,2016年,人口動態統計確定数（日本における日本人）,人,2016,総数,0～4歳,表章項目=死亡数,死因年次推移分類=Hi16_自殺,,-,2026-09-07T07:39:43Z
vital_suicide_age_sex,0003411659,2015年,人口動態統計確定数（日本における日本人）,人,2015,総数,0～4歳,表章項目=死亡数,死因年次推移分類=Hi16_自殺,,-,2026-09-07T07:39:43Z
vital_suicide_age_sex,0003411659,2014年,人口動態統計確定数（日本における日本人）,人,2014,総数,0～4歳,表章項目=死亡数,死因年次推移分類=Hi16_自殺,,-,2026-09-07T07:39:43Z
vital_suicide_age_sex,0003411659,2013年,人口動態統計確定数（日本における日本人）,人,2013,総数,0～4歳,表章項目=死亡数,死因年次推移分類=Hi16_自殺,,-,2026-09-07T07:39:43Z
vital_suicide_age_sex,0003411659,2010年,人口動態統計確定数（日本における日本人）,人,2010,総数,0～4歳,表章項目=死亡数,死因年次推移分類=Hi16_自殺,,-,2026-09-07T07:39:43Z
vital_suicide_age_sex,0003411659,2005年,人口動態統計確定数（日本における日本人）,人,2005,総数,0～4歳,表章項目=死亡数,死因年次推移分類=Hi16_自殺,,-,2026-09-07T07:39:43Z
vital_suicide_age_sex,0003411659,2000年,人口動態統計確定数（日本における日本人）,人,2000,総数,0～4歳,表章項目=死亡数,死因年次推移分類=Hi16_自殺,,-,2026-09-07T07:39:43Z
vital_suicide_age_sex,0003411659,1995年,人口動態統計確定数（日本における日本人）,人,1995,総数,0～4歳,表章項目=死亡数,死因年次推移分類=Hi16_自殺,,-,2026-09-07T07:39:43Z
vital_suicide_age_sex,0003411659,1990年,人口動態統計確定数（日本における日本人）,人,1990,総数,0～4歳,表章項目=死亡数,死因年次推移分類=Hi16_自殺,,-,2026-09-07T07:39:43Z
vital_suicide_age_sex,0003411659,1985年,人口動態統計確定数（日本における日本人）,人,1985,総数,0～4歳,表章項目=死亡数,死因年次推移分類=Hi16_自殺,,-,2026-09-07T07:39:43Z
vital_suicide_age_sex,0003411659,1980年,人口動態統計確定数（日本における日本人）,人,1980,総数,0～4歳,表章項目=死亡数,死因年次推移分類=Hi16_自殺,,-,2026-09-07T07:39:43Z
vital_suicide_age_sex,0003411659,1975年,人口動態統計確定数（日本における日本人）,人,1975,総数,0～4歳,表章項目=死亡数,死因年次推移分類=Hi16_自殺,,-,2026-09-07T07:39:43Z
vital_suicide_age_sex,0003411659,1970年,人口動態統計確定数（日本における日本人）,人,1970,総数,0～4歳,表章項目=死亡数,死因年次推移分類=Hi16_自殺,,-,2026-09-07T07:39:43Z
vital_suicide_age_sex,0003411659,1965年,人口動態統計確定数（日本における日本人）,人,1965,総数,0～4歳,表章項目=死亡数,死因年次推移分類=Hi16_自殺,,-,2026-09-07T07:39:43Z
vital_suicide_age_sex,0003411659,1960年,人口動態統計確定数（日本における日本人）,人,1960,総数,0～4歳,表章項目=死亡数,死因年次推移分類=Hi16_自殺,,-,2026-09-07T07:39:43Z
vital_suicide_age_sex,0003411659,1955年,人口動態統計確定数（日本における日本人）,人,1955,総数,0～4歳,表章項目=死亡数,死因年次推移分類=Hi16_自殺,,-,2026-09-07T07:39:43Z
vital_suicide_age_sex,0003411659,1950年,人口動態統計確定数（日本における日本人）,人,1950,総数,0～4歳,表章項目=死亡数,死因年次推移分類=Hi16_自殺,,-,2026-09-07T07:39:43Z
vital_suicide_age_sex,0003411659,2024年,人口動態統計確定数（日本における日本人）,人,2024,男,0～4歳,表章項目=死亡数,死因年次推移分類=Hi16_自殺,,-,2026-09-07T07:39:43Z
vital_suicide_age_sex,0003411659,2023年,人口動態統計確定数（日本における日本人）,人,2023,男,0～4歳,表章項目=死亡数,死因年次推移分類=Hi16_自殺,,-,2026-09-07T07:39:43Z
vital_suicide_age_sex,0003411659,2022年,人口動態統計確定数（日本における日本人）,人,2022,男,0～4歳,表章項目=死亡数,死因年次推移分類=Hi16_自殺,,-,2026-09-07T07:39:43Z
vital_suicide_age_sex,0003411659,2021年,人口動態統計確定数（日本における日本人）,人,2021,男,0～4歳,表章項目=死亡数,死因年次推移分類=Hi16_自殺,,-,2026-09-07T07:39:43Z
vital_suicide_age_sex,0003411659,2020年,人口動態統計確定数（日本における日本人）,人,2020,男,0～4歳,表章項目=死亡数,死因年次推移分類=Hi16_自殺,,-,2026-09-07T07:39:43Z
vital_suicide_age_sex,0003411659,2019年,人口動態統計確定数（日本における日本人）,人,2019,男,0～4歳,表章項目=死亡数,死因年次推移分類=Hi16_自殺,,-,2026-09-07T07:39:43Z
vital_suicide_age_sex,0003411659,2018年,人口動態統計確定数（日本における日本人）,人,2018,男,0～4歳,表章項目=死亡数,死因年次推移分類=Hi16_自殺,,-,2026-09-07T07:39:43Z
vital_suicide_age_sex,0003411659,2017年,人口動態統計確定数（日本における日本人）,人,2017,男,0～4歳,表章項目=死亡数,死因年次推移分類=Hi16_自殺,,-,2026-09-07T07:39:43Z
vital_suicide_age_sex,0003411659,2016年,人口動態統計確定数（日本における日本人）,人,2016,男,0～4歳,表章項目=死亡数,死因年次推移分類=Hi16_自殺,,-,2026-09-07T07:39:43Z
vital_suicide_age_sex,0003411659,2015年,人口動態統計確定数（日本における日本人）,人,2015,男,0～4歳,表章項目=死亡数,死因年次推移分類=Hi16_自殺,,-,2026-09-07T07:39:43Z
vital_suicide_age_sex,0003411659,2014年,人口動態統計確定数（日本における日本人）,人,2014,男,0～4歳,表章項目=死亡数,死因年次推移分類=Hi16_自殺,,-,2026-09-07T07:39:43Z
vital_suicide_age_sex,0003411659,2013年,人口動態統計確定数（日本における日本人）,人,2013,男,0～4歳,表章項目=死亡数,死因年次推移分類=Hi16_自殺,,-,2026-09-07T07:39:43Z
vital_suicide_age_sex,0003411659,2010年,人口動態統計確定数（日本における日本人）,人,2010,男,0～4歳,表章項目=死亡数,死因年次推移分類=Hi16_自殺,,-,2026-09-07T07:39:43Z
vital_suicide_age_sex,0003411659,2005年,人口動態統計確定数（日本における日本人）,人,2005,男,0～4歳,表章項目=死亡数,死因年次推移分類=Hi16_自殺,,-,2026-09-07T07:39:43Z
vital_suicide_age_sex,0003411659,2000年,人口動態統計確定数（日本における日本人）,人,2000,男,0～4歳,表章項目=死亡数,死因年次推移分類=Hi16_自殺,,-,2026-09-07T07:39:43Z
vital_suicide_age_sex,0003411659,1995年,人口動態統計確定数（日本における日本人）,人,1995,男,0～4歳,表章項目=死亡数,死因年次推移分類=Hi16_自殺,,-,2026-09-07T07:39:43Z
vital_suicide_age_sex,0003411659,1990年,人口動態統計確定数（日本における日本人）,人,1990,男,0～4歳,表章項目=死亡数,死因年次推移分類=Hi16_自殺,,-,2026-09-07T07:39:43Z
vital_suicide_age_sex,0003411659,1985年,人口動態統計確定数（日本における日本人）,人,1985,男,0～4歳,表章項目=死亡数,死因年次推移分類=Hi16_自殺,,-,2026-09-07T07:39:43Z
vital_suicide_age_sex,0003411659,1980年,人口動態統計確定数（日本における日本人）,人,1980,男,0～4歳,表章項目=死亡数,死因年次推移分類=Hi16_自殺,,-,2026-09-07T07:39:43Z
vital_suicide_age_sex,0003411659,1975年,人口動態統計確定数（日本における日本人）,人,1975,男,0～4歳,表章項目=死亡数,死因年次推移分類=Hi16_自殺,,-,2026-09-07T07:39:43Z
vital_suicide_age_sex,0003411659,1970年,人口動態統計確定数（日本における日本人）,人,1970,男,0～4歳,表章項目=死亡数,死因年次推移分類=Hi16_自殺,,-,2026-09-07T07:39:43Z
vital_suicide_age_sex,0003411659,1965年,人口動態統計確定数（日本における日本人）,人,1965,男,0～4歳,表章項目=死亡数,死因年次推移分類=Hi16_自殺,,-,2026-09-07T07:39:43Z
vital_suicide_age_sex,0003411659,1960年,人口動態統計確定数（日本における日本人）,人,1960,男,0～4歳,表章項目=死亡数,死因年次推移分類=Hi16_自殺,,-,2026-09-07T07:39:43Z
vital_suicide_age_sex,0003411659,1955年,人口動態統計確定数（日本における日本人）,人,1955,男,0～4歳,表章項目=死亡数,死因年次推移分類=Hi16_自殺,,-,2026-09-07T07:39:43Z
vital_suicide_age_sex,0003411659,1950年,人口動態統計確定数（日本における日本人）,人,1950,男,0～4歳,表章項目=死亡数,死因年次推移分類=Hi16_自殺,,-,2026-09-07T07:39:43Z
vital_suicide_age_sex,0003411659,2024年,人口動態統計確定数（日本における日本人）,人,2024,女,0～4歳,表章項目=死亡数,死因年次推移分類=Hi16_自殺,,-,2026-09-07T07:39:43Z
vital_suicide_age_sex,0003411659,2023年,人口動態統計確定数（日本における日本人）,人,2023,女,0～4歳,表章項目=死亡数,死因年次推移分類=Hi16_自殺,,-,2026-09-07T07:39:43Z
vital_suicide_age_sex,0003411659,2022年,人口動態統計確定数（日本における日本人）,人,2022,女,0～4歳,表章項目=死亡数,死因年次推移分類=Hi16_自殺,,-,2026-09-07T07:39:43Z
vital_suicide_age_sex,0003411659,2021年,人口動態統計確定数（日本における日本人）,人,2021,女,0～4歳,表章項目=死亡数,死因年次推移分類=Hi16_自殺,,-,2026-09-07T07:39:43Z
vital_suicide_age_sex,0003411659,2020年,人口動態統計確定数（日本における日本人）,人,2020,女,0～4歳,表章項目=死亡数,死因年次推移分類=Hi16_自殺,,-,2026-09-07T07:39:43Z
vital_suicide_age_sex,0003411659,2019年,人口動態統計確定数（日本における日本人）,人,2019,女,0～4歳,表章項目=死亡数,死因年次推移分類=Hi16_自殺,,-,2026-09-07T07:39:43Z
vital_suicide_age_sex,0003411659,2018年,人口動態統計確定数（日本における日本人）,人,2018,女,0～4歳,表章項目=死亡数,死因年次推移分類=Hi16_自殺,,-,2026-09-07T07:39:43Z
vital_suicide_age_sex,0003411659,2017年,人口動態統計確定数（日本における日本人）,人,2017,女,0～4歳,表章項目=死亡数,死因年次推移分類=Hi16_自殺,,-,2026-09-07T07:39:43Z
vital_suicide_age_sex,0003411659,2016年,人口動態統計確定数（日本における日本人）,人,2016,女,0～4歳,表章項目=死亡数,死因年次推移分類=Hi16_自殺,,-,2026-09-07T07:39:43Z
vital_suicide_age_sex,0003411659,2015年,人口動態統計確定数（日本における日本人）,人,2015,女,0～4歳,表章項目=死亡数,死因年次推移分類=Hi16_自殺,,-,2026-09-07T07:39:43Z
vital_suicide_age_sex,0003411659,2014年,人口動態統計確定数（日本における日本人）,人,2014,女,0～4歳,表章項目=死亡数,死因年次推移分類=Hi16_自殺,,-,2026-09-07T07:39:43Z
vital_suicide_age_sex,0003411659,2013年,人口動態統計確定数（日本における日本人）,人,2013,女,0～4歳,表章項目=死亡数,死因年次推移分類=Hi16_自殺,,-,2026-09-07T07:39:43Z
vital_suicide_age_sex,0003411659,2010年,人口動態統計確定数（日本における日本人）,人,2010,女,0～4歳,表章項目=死亡数,死因年次推移分類=Hi16_自殺,,-,2026-09-07T07:39:43Z
vital_suicide_age_sex,0003411659,2005年,人口動態統計確定数（日本における日本人）,人,2005,女,0～4歳,表章項目=死亡数,死因年次推移分類=Hi16_自殺,,-,2026-09-07T07:39:43Z
vital_suicide_age_sex,0003411659,2000年,人口動態統計確定数（日本における日本人）,人,2000,女,0～4歳,表章項目=死亡数,死因年次推移分類=Hi16_自殺,,-,2026-09-07T07:39:43Z
vital_suicide_age_sex,0003411659,1995年,人口動態統計確定数（日本における日本人）,人,1995,女,0～4歳,表章項目=死亡数,死因年次推移分類=Hi16_自殺,,-,2026-09-07T07:39:43Z
vital_suicide_age_sex,0003411659,1990年,人口動態統計確定数（日本における日本人）,人,1990,女,0～4歳,表章項目=死亡数,死因年次推移分類=Hi16_自殺,,-,2026-09-07T07:39:43Z
vital_suicide_age_sex,0003411659,1985年,人口動態統計確定数（日本における日本人）,人,1985,女,0～4歳,表章項目=死亡数,死因年次推移分類=Hi16_自殺,,-,2026-09-07T07:39:43Z
vital_suicide_age_sex,0003411659,1980年,人口動態統計確定数（日本における日本人）,人,1980,女,0～4歳,表章項目=死亡数,死因年次推移分類=Hi16_自殺,,-,2026-09-07T07:39:43Z
vital_suicide_age_sex,0003411659,1975年,人口動態統計確定数（日本における日本人）,人,1975,女,0～4歳,表章項目=死亡数,死因年次推移分類=Hi16_自殺,,-,2026-09-07T07:39:43Z
vital_suicide_age_sex,0003411659,1970年,人口動態統計確定数（日本における日本人）,人,1970,女,0～4歳,表章項目=死亡数,死因年次推移分類=Hi16_自殺,,-,2026-09-07T07:39:43Z
vital_suicide_age_sex,0003411659,1965年,人口動態統計確定数（日本における日本人）,人,1965,女,0～4歳,表章項目=死亡数,死因年次推移分類=Hi16_自殺,,-,2026-09-07T07:39:43Z
vital_suicide_age_sex,0003411659,1960年,人口動態統計確定数（日本における日本人）,人,1960,女,0～4歳,表章項目=死亡数,死因年次推移分類=Hi16_自殺,,-,2026-09-07T07:39:43Z
vital_suicide_age_sex,0003411659,1955年,人口動態統計確定数（日本における日本人）,人,1955,女,0～4歳,表章項目=死亡数,死因年次推移分類=Hi16_自殺,,-,2026-09-07T07:39:43Z
vital_suicide_age_sex,0003411659,1950年,人口動態統計確定数（日本における日本人）,人,1950,女,0～4歳,表章項目=死亡数,死因年次推移分類=Hi16_自殺,,-,2026-09-07T07:39:43Z
vital_suicide_age_sex,0003411659,2024年,人口動態統計確定数（日本における日本人）,人,2024,総数,5～9歳,表章項目=死亡数,死因年次推移分類=Hi16_自殺,2,,2026-09-07T07:39:43Z
vital_suicide_age_sex,0003411659,2023年,人口動態統計確定数（日本における日本人）,人,2023,総数,5～9歳,表章項目=死亡数,死因年次推移分類=Hi16_自殺,1,,2026-09-07T07:39:43Z
vital_suicide_age_sex,0003411659,2022年,人口動態統計確定数（日本における日本人）,人,2022,総数,5～9歳,表章項目=死亡数,死因年次推移分類=Hi16_自殺,1,,2026-09-07T07:39:43Z
vital_suicide_age_sex,0003411659,2021年,人口動態統計確定数（日本における日本人）,人,2021,総数,5～9歳,表章項目=死亡数,死因年次推移分類=Hi16_自殺,2,,2026-09-07T07:39:43Z
vital_suicide_age_sex,0003411659,2020年,人口動態統計確定数（日本における日本人）,人,2020,総数,5～9歳,表章項目=死亡数,死因年次推移分類=Hi16_自殺,,-,2026-09-07T07:39:43Z
vital_suicide_age_sex,0003411659,2019年,人口動態統計確定数（日本における日本人）,人,2019,総数,5～9歳,表章項目=死亡数,死因年次推移分類=Hi16_自殺,,-,2026-09-07T07:39:43Z
vital_suicide_age_sex,0003411659,2018年,人口動態統計確定数（日本における日本人）,人,2018,総数,5～9歳,表章項目=死亡数,死因年次推移分類=Hi16_自殺,,-,2026-09-07T07:39:43Z
vital_suicide_age_sex,0003411659,2017年,人口動態統計確定数（日本における日本人）,人,2017,総数,5～9歳,表章項目=死亡数,死因年次推移分類=Hi16_自殺,,-,2026-09-07T07:39:43Z
vital_suicide_age_sex,0003411659,2016年,人口動態統計確定数（日本における日本人）,人,2016,総数,5～9歳,表章項目=死亡数,死因年次推移分類=Hi16_自殺,,-,2026-09-07T07:39:43Z
vital_suicide_age_sex,0003411659,2015年,人口動態統計確定数（日本における日本人）,人,2015,総数,5～9歳,表章項目=死亡数,死因年次推移分類=Hi16_自殺,1,,2026-09-07T07:39:43Z
vital_suicide_age_sex,0003411659,2014年,人口動態統計確定数（日本における日本人）,人,2014,総数,5～9歳,表章項目=死亡数,死因年次推移分類=Hi16_自殺,2,,2026-09-07T07:39:43Z
vital_suicide_age_sex,0003411659,2013年,人口動態統計確定数（日本における日本人）,人,2013,総数,5～9歳,表章項目=死亡数,死因年次推移分類=Hi16_自殺,1,,2026-09-07T07:39:43Z
vital_suicide_age_sex,0003411659,2010年,人口動態統計確定数（日本における日本人）,人,2010,総数,5～9歳,表章項目=死亡数,死因年次推移分類=Hi16_自殺,,-,2026-09-07T07:39:43Z
vital_suicide_age_sex,0003411659,2005年,人口動態統計確定数（日本における日本人）,人,2005,総数,5～9歳,表章項目=死亡数,死因年次推移分類=Hi16_自殺,1,,2026-09-07T07:39:43Z
vital_suicide_age_sex,0003411659,2000年,人口動態統計確定数（日本における日本人）,人,2000,総数,5～9歳,表章項目=死亡数,死因年次推移分類=Hi16_自殺,,-,2026-09-07T07:39:43Z
vital_suicide_age_sex,0003411659,1995年,人口動態統計確定数（日本における日本人）,人,1995,総数,5～9歳,表章項目=死亡数,死因年次推移分類=Hi16_自殺,,-,2026-09-07T07:39:43Z
vital_suicide_age_sex,0003411659,1990年,人口動態統計確定数（日本における日本人）,人,1990,総数,5～9歳,表章項目=死亡数,死因年次推移分類=Hi16_自殺,,-,2026-09-07T07:39:43Z
vital_suicide_age_sex,0003411659,1985年,人口動態統計確定数（日本における日本人）,人,1985,総数,5～9歳,表章項目=死亡数,死因年次推移分類=Hi16_自殺,4,,2026-09-07T07:39:43Z
vital_suicide_age_sex,0003411659,1980年,人口動態統計確定数（日本における日本人）,人,1980,総数,5～9歳,表章項目=死亡数,死因年次推移分類=Hi16_自殺,2,,2026-09-07T07:39:43Z
vital_suicide_age_sex,0003411659,1975年,人口動態統計確定数（日本における日本人）,人,1975,総数,5～9歳,表章項目=死亡数,死因年次推移分類=Hi16_自殺,1,,2026-09-07T07:39:43Z
vital_suicide_age_sex,0003411659,1970年,人口動態統計確定数（日本における日本人）,人,1970,総数,5～9歳,表章項目=死亡数,死因年次推移分類=Hi16_自殺,,-,2026-09-07T07:39:43Z
vital_suicide_age_sex,0003411659,1965年,人口動態統計確定数（日本における日本人）,人,1965,総数,5～9歳,表章項目=死亡数,死因年次推移分類=Hi16_自殺,,-,2026-09-07T07:39:43Z
vital_suicide_age_sex,0003411659,1960年,人口動態統計確定数（日本における日本人）,人,1960,総数,5～9歳,表章項目=死亡数,死因年次推移分類=Hi16_自殺,1,,2026-09-07T07:39:43Z
vital_suicide_age_sex,0003411659,1955年,人口動態統計確定数（日本における日本人）,人,1955,総数,5～9歳,表章項目=死亡数,死因年次推移分類=Hi16_自殺,3,,2026-09-07T07:39:43Z
vital_suicide_age_sex,0003411659,1950年,人口動態統計確定数（日本における日本人）,人,1950,総数,5～9歳,表章項目=死亡数,死因年次推移分類=Hi16_自殺,,-,2026-09-07T07:39:43Z
vital_suicide_age_sex,0003411659,2024年,人口動態統計確定数（日本における日本人）,人,2024,男,5～9歳,表章項目=死亡数,死因年次推移分類=Hi16_自殺,1,,2026-09-07T07:39:43Z
vital_suicide_age_sex,0003411659,2023年,人口動態統計確定数（日本における日本人）,人,2023,男,5～9歳,表章項目=死亡数,死因年次推移分類=Hi16_自殺,,-,2026-09-07T07:39:43Z
vital_suicide_age_sex,0003411659,2022年,人口動態統計確定数（日本における日本人）,人,2022,男,5～9歳,表章項目=死亡数,死因年次推移分類=Hi16_自殺,1,,2026-09-07T07:39:43Z
vital_suicide_age_sex,0003411659,2021年,人口動態統計確定数（日本における日本人）,人,2021,男,5～9歳,表章項目=死亡数,死因年次推移分類=Hi16_自殺,,-,2026-09-07T07:39:43Z
vital_suicide_age_sex,0003411659,2020年,人口動態統計確定数（日本における日本人）,人,2020,男,5～9歳,表章項目=死亡数,死因年次推移分類=Hi16_自殺,,-,2026-09-07T07:39:43Z
vital_suicide_age_sex,0003411659,2019年,人口動態統計確定数（日本における日本人）,人,2019,男,5～9歳,表章項目=死亡数,死因年次推移分類=Hi16_自殺,,-,2026-09-07T07:39:43Z
vital_suicide_age_sex,0003411659,2018年,人口動態統計確定数（日本における日本人）,人,2018,男,5～9歳,表章項目=死亡数,死因年次推移分類=Hi16_自殺,,-,2026-09-07T07:39:43Z
vital_suicide_age_sex,0003411659,2017年,人口動態統計確定数（日本における日本人）,人,2017,男,5～9歳,表章項目=死亡数,死因年次推移分類=Hi16_自殺,,-,2026-09-07T07:39:43Z
vital_suicide_age_sex,0003411659,2016年,人口動態統計確定数（日本における日本人）,人,2016,男,5～9歳,表章項目=死亡数,死因年次推移分類=Hi16_自殺,,-,2026-09-07T07:39:43Z
vital_suicide_age_sex,0003411659,2015年,人口動態統計確定数（日本における日本人）,人,2015,男,5～9歳,表章項目=死亡数,死因年次推移分類=Hi16_自殺,1,,2026-09-07T07:39:43Z
vital_suicide_age_sex,0003411659,2014年,人口動態統計確定数（日本における日本人）,人,2014,男,5～9歳,表章項目=死亡数,死因年次推移分類=Hi16_自殺,1,,2026-09-07T07:39:43Z
vital_suicide_age_sex,0003411659,2013年,人口動態統計確定数（日本における日本人）,人,2013,男,5～9歳,表章項目=死亡数,死因年次推移分類=Hi16_自殺,1,,2026-09-07T07:39:43Z
vital_suicide_age_sex,0003411659,2010年,人口動態統計確定数（日本における日本人）,人,2010,男,5～9歳,表章項目=死亡数,死因年次推移分類=Hi16_自殺,,-,2026-09-07T07:39:43Z
vital_suicide_age_sex,0003411659,2005年,人口動態統計確定数（日本における日本人）,人,2005,男,5～9歳,表章項目=死亡数,死因年次推移分類=Hi16_自殺,1,,2026-09-07T07:39:43Z
vital_suicide_age_sex,0003411659,2000年,人口動態統計確定数（日本における日本人）,人,2000,男,5～9歳,表章項目=死亡数,死因年次推移分類=Hi16_自殺,,-,2026-09-07T07:39:43Z
vital_suicide_age_sex,0003411659,1995年,人口動態統計確定数（日本における日本人）,人,1995,男,5～9歳,表章項目=死亡数,死因年次推移分類=Hi16_自殺,,-,2026-09-07T07:39:43Z
vital_suicide_age_sex,0003411659,1990年,人口動態統計確定数（日本における日本人）,人,1990,男,5～9歳,表章項目=死亡数,死因年次推移分類=Hi16_自殺,,-,2026-09-07T07:39:43Z
vital_suicide_age_sex,0003411659,1985年,人口動態統計確定数（日本における日本人）,人,1985,男,5～9歳,表章項目=死亡数,死因年次推移分類=Hi16_自殺,4,,2026-09-07T07:39:43Z
vital_suicide_age_sex,0003411659,1980年,人口動態統計確定数（日本における日本人）,人,1980,男,5～9歳,表章項目=死亡数,死因年次推移分類=Hi16_自殺,2,,2026-09-07T07:39:43Z
vital_suicide_age_sex,0003411659,1975年,人口動態統計確定数（日本における日本人）,人,1975,男,5～9歳,表章項目=死亡数,死因年次推移分類=Hi16_自殺,1,,2026-09-07T07:39:43Z
vital_suicide_age_sex,0003411659,1970年,人口動態統計確定数（日本における日本人）,人,1970,男,5～9歳,表章項目=死亡数,死因年次推移分類=Hi16_自殺,,-,2026-09-07T07:39:43Z
vital_suicide_age_sex,0003411659,1965年,人口動態統計確定数（日本における日本人）,人,1965,男,5～9歳,表章項目=死亡数,死因年次推移分類=Hi16_自殺,,-,2026-09-07T07:39:43Z
vital_suicide_age_sex,0003411659,1960年,人口動態統計確定数（日本における日本人）,人,1960,男,5～9歳,表章項目=死亡数,死因年次推移分類=Hi16_自殺,,-,2026-09-07T07:39:43Z
vital_suicide_age_sex,0003411659,1955年,人口動態統計確定数（日本における日本人）,人,1955,男,5～9歳,表章項目=死亡数,死因年次推移分類=Hi16_自殺,3,,2026-09-07T07:39:43Z
vital_suicide_age_sex,0003411659,1950年,人口動態統計確定数（日本における日本人）,人,1950,男,5～9歳,表章項目=死亡数,死因年次推移分類=Hi16_自殺,,-,2026-09-07T07:39:43Z
vital_suicide_age_sex,0003411659,2024年,人口動態統計確定数（日本における日本人）,人,2024,女,5～9歳,表章項目=死亡数,死因年次推移分類=Hi16_自殺,1,,2026-09-07T07:39:43Z
vital_suicide_age_sex,0003411659,2023年,人口動態統計確定数（日本における日本人）,人,2023,女,5～9歳,表章項目=死亡数,死因年次推移分類=Hi16_自殺,1,,2026-09-07T07:39:43Z
vital_suicide_age_sex,0003411659,2022年,人口動態統計確定数（日本における日本人）,人,2022,女,5～9歳,表章項目=死亡数,死因年次推移分類=Hi16_自殺,,-,2026-09-07T07:39:43Z
vital_suicide_age_sex,0003411659,2021年,人口動態統計確定数（日本における日本人）,人,2021,女,5～9歳,表章項目=死亡数,死因年次推移分類=Hi16_自殺,2,,2026-09-07T07:39:43Z
vital_suicide_age_sex,0003411659,2020年,人口動態統計確定数（日本における日本人）,人,2020,女,5～9歳,表章項目=死亡数,死因年次推移分類=Hi16_自殺,,-,2026-09-07T07:39:43Z
vital_suicide_age_sex,0003411659,2019年,人口動態統計確定数（日本における日本人）,人,2019,女,5～9歳,表章項目=死亡数,死因年次推移分類=Hi16_自殺,,-,2026-09-07T07:39:43Z
vital_suicide_age_sex,0003411659,2018年,人口動態統計確定数（日本における日本人）,人,2018,女,5～9歳,表章項目=死亡数,死因年次推移分類=Hi16_自殺,,-,2026-09-07T07:39:43Z
vital_suicide_age_sex,0003411659,2017年,人口動態統計確定数（日本における日本人）,人,2017,女,5～9歳,表章項目=死亡数,死因年次推移分類=Hi16_自殺,,-,2026-09-07T07:39:43Z
vital_suicide_age_sex,0003411659,2016年,人口動態統計確定数（日本における日本人）,人,2016,女,5～9歳,表章項目=死亡数,死因年次推移分類=Hi16_自殺,,-,2026-09-07T07:39:43Z
vital_suicide_age_sex,0003411659,2015年,人口動態統計確定数（日本における日本人）,人,2015,女,5～9歳,表章項目=死亡数,死因年次推移分類=Hi16_自殺,,-,2026-09-07T07:39:43Z
vital_suicide_age_sex,0003411659,2014年,人口動態統計確定数（日本における日本人）,人,2014,女,5～9歳,表章項目=死亡数,死因年次推移分類=Hi16_自殺,1,,2026-09-07T07:39:43Z
vital_suicide_age_sex,0003411659,2013年,人口動態統計確定数（日本における日本人）,人,2013,女,5～9歳,表章項目=死亡数,死因年次推移分類=Hi16_自殺,,-,2026-09-07T07:39:43Z
vital_suicide_age_sex,0003411659,2010年,人口動態統計確定数（日本における日本人）,人,2010,女,5～9歳,表章項目=死亡数,死因年次推移分類=Hi16_自殺,,-,2026-09-07T07:39:43Z
vital_suicide_age_sex,0003411659,2005年,人口動態統計確定数（日本における日本人）,人,2005,女,5～9歳,表章項目=死亡数,死因年次推移分類=Hi16_自殺,,-,2026-09-07T07:39:43Z
vital_suicide_age_sex,0003411659,2000年,人口動態統計確定数（日本における日本人）,人,2000,女,5～9歳,表章項目=死亡数,死因年次推移分類=Hi16_自殺,,-,2026-09-07T07:39:43Z
vital_suicide_age_sex,0003411659,1995年,人口動態統計確定数（日本における日本人）,人,1995,女,5～9歳,表章項目=死亡数,死因年次推移分類=Hi16_自殺,,-,2026-09-07T07:39:43Z
vital_suicide_age_sex,0003411659,1990年,人口動態統計確定数（日本における日本人）,人,1990,女,5～9歳,表章項目=死亡数,死因年次推移分類=Hi16_自殺,,-,2026-09-07T07:39:43Z
vital_suicide_age_sex,0003411659,1985年,人口動態統計確定数（日本における日本人）,人,1985,女,5～9歳,表章項目=死亡数,死因年次推移分類=Hi16_自殺,,-,2026-09-07T07:39:43Z
vital_suicide_age_sex,0003411659,1980年,人口動態統計確定数（日本における日本人）,人,1980,女,5～9歳,表章項目=死亡数,死因年次推移分類=Hi16_自殺,,-,2026-09-07T07:39:43Z
vital_suicide_age_sex,0003411659,1975年,人口動態統計確定数（日本における日本人）,人,1975,女,5～9歳,表章項目=死亡数,死因年次推移分類=Hi16_自殺,,-,2026-09-07T07:39:43Z
vital_suicide_age_sex,0003411659,1970年,人口動態統計確定数（日本における日本人）,人,1970,女,5～9歳,表章項目=死亡数,死因年次推移分類=Hi16_自殺,,-,2026-09-07T07:39:43Z
vital_suicide_age_sex,0003411659,1965年,人口動態統計確定数（日本における日本人）,人,1965,女,5～9歳,表章項目=死亡数,死因年次推移分類=Hi16_自殺,,-,2026-09-07T07:39:43Z
vital_suicide_age_sex,0003411659,1960年,人口動態統計確定数（日本における日本人）,人,1960,女,5～9歳,表章項目=死亡数,死因年次推移分類=Hi16_自殺,1,,2026-09-07T07:39:43Z
vital_suicide_age_sex,0003411659,1955年,人口動態統計確定数（日本における日本人）,人,1955,女,5～9歳,表章項目=死亡数,死因年次推移分類=Hi16_自殺,,-,2026-09-07T07:39:43Z
vital_suicide_age_sex,0003411659,1950年,人口動態統計確定数（日本における日本人）,人,1950,女,5～9歳,表章項目=死亡数,死因年次推移分類=Hi16_自殺,,-,2026-09-07T07:39:43Z
vital_suicide_age_sex,0003411659,2024年,人口動態統計確定数（日本における日本人）,人,2024,総数,10～14歳,表章項目=死亡数,死因年次推移分類=Hi16_自殺,132,,2026-09-07T07:39:43Z
vital_suicide_age_sex,0003411659,2023年,人口動態統計確定数（日本における日本人）,人,2023,総数,10～14歳,表章項目=死亡数,死因年次推移分類=Hi16_自殺,120,,2026-09-07T07:39:43Z
vital_suicide_age_sex,0003411659,2022年,人口動態統計確定数（日本における日本人）,人,2022,総数,10～14歳,表章項目=死亡数,死因年次推移分類=Hi16_自殺,119,,2026-09-07T07:39:43Z
vital_suicide_age_sex,0003411659,2021年,人口動態統計確定数（日本における日本人）,人,2021,総数,10～14歳,表章項目=死亡数,死因年次推移分類=Hi16_自殺,128,,2026-09-07T07:39:43Z
vital_suicide_age_sex,0003411659,2020年,人口動態統計確定数（日本における日本人）,人,2020,総数,10～14歳,表章項目=死亡数,死因年次推移分類=Hi16_自殺,122,,2026-09-07T07:39:43Z
vital_suicide_age_sex,0003411659,2019年,人口動態統計確定数（日本における日本人）,人,2019,総数,10～14歳,表章項目=死亡数,死因年次推移分類=Hi16_自殺,90,,2026-09-07T07:39:43Z
vital_suicide_age_sex,0003411659,2018年,人口動態統計確定数（日本における日本人）,人,2018,総数,10～14歳,表章項目=死亡数,死因年次推移分類=Hi16_自殺,99,,2026-09-07T07:39:43Z
vital_suicide_age_sex,0003411659,2017年,人口動態統計確定数（日本における日本人）,人,2017,総数,10～14歳,表章項目=死亡数,死因年次推移分類=Hi16_自殺,100,,2026-09-07T07:39:43Z
vital_suicide_age_sex,0003411659,2016年,人口動態統計確定数（日本における日本人）,人,2016,総数,10～14歳,表章項目=死亡数,死因年次推移分類=Hi16_自殺,71,,2026-09-07T07:39:43Z
vital_suicide_age_sex,0003411659,2015年,人口動態統計確定数（日本における日本人）,人,2015,総数,10～14歳,表章項目=死亡数,死因年次推移分類=Hi16_自殺,89,,2026-09-07T07:39:43Z
vital_suicide_age_sex,0003411659,2014年,人口動態統計確定数（日本における日本人）,人,2014,総数,10～14歳,表章項目=死亡数,死因年次推移分類=Hi16_自殺,100,,2026-09-07T07:39:43Z
vital_suicide_age_sex,0003411659,2013年,人口動態統計確定数（日本における日本人）,人,2013,総数,10～14歳,表章項目=死亡数,死因年次推移分類=Hi16_自殺,91,,2026-09-07T07:39:43Z
vital_suicide_age_sex,0003411659,2010年,人口動態統計確定数（日本における日本人）,人,2010,総数,10～14歳,表章項目=死亡数,死因年次推移分類=Hi16_自殺,63,,2026-09-07T07:39:43Z
vital_suicide_age_sex,0003411659,2005年,人口動態統計確定数（日本における日本人）,人,2005,総数,10～14歳,表章項目=死亡数,死因年次推移分類=Hi16_自殺,44,,2026-09-07T07:39:43Z
vital_suicide_age_sex,0003411659,2000年,人口動態統計確定数（日本における日本人）,人,2000,総数,10～14歳,表章項目=死亡数,死因年次推移分類=Hi16_自殺,74,,2026-09-07T07:39:43Z
vital_suicide_age_sex,0003411659,1995年,人口動態統計確定数（日本における日本人）,人,1995,総数,10～14歳,表章項目=死亡数,死因年次推移分類=Hi16_自殺,66,,2026-09-07T07:39:43Z
vital_suicide_age_sex,0003411659,1990年,人口動態統計確定数（日本における日本人）,人,1990,総数,10～14歳,表章項目=死亡数,死因年次推移分類=Hi16_自殺,47,,2026-09-07T07:39:43Z
vital_suicide_age_sex,0003411659,1985年,人口動態統計確定数（日本における日本人）,人,1985,総数,10～14歳,表章項目=死亡数,死因年次推移分類=Hi16_自殺,81,,2026-09-07T07:39:43Z
vital_suicide_age_sex,0003411659,1980年,人口動態統計確定数（日本における日本人）,人,1980,総数,10～14歳,表章項目=死亡数,死因年次推移分類=Hi16_自殺,53,,2026-09-07T07:39:43Z
vital_suicide_age_sex,0003411659,1975年,人口動態統計確定数（日本における日本人）,人,1975,総数,10～14歳,表章項目=死亡数,死因年次推移分類=Hi16_自殺,88,,2026-09-07T07:39:43Z
vital_suicide_age_sex,0003411659,1970年,人口動態統計確定数（日本における日本人）,人,1970,総数,10～14歳,表章項目=死亡数,死因年次推移分類=Hi16_自殺,55,,2026-09-07T07:39:43Z
vital_suicide_age_sex,0003411659,1965年,人口動態統計確定数（日本における日本人）,人,1965,総数,10～14歳,表章項目=死亡数,死因年次推移分類=Hi16_自殺,46,,2026-09-07T07:39:43Z
vital_suicide_age_sex,0003411659,1960年,人口動態統計確定数（日本における日本人）,人,1960,総数,10～14歳,表章項目=死亡数,死因年次推移分類=Hi16_自殺,62,,2026-09-07T07:39:43Z
vital_suicide_age_sex,0003411659,1955年,人口動態統計確定数（日本における日本人）,人,1955,総数,10～14歳,表章項目=死亡数,死因年次推移分類=Hi16_自殺,88,,2026-09-07T07:39:43Z
vital_suicide_age_sex,0003411659,1950年,人口動態統計確定数（日本における日本人）,人,1950,総数,10～14歳,表章項目=死亡数,死因年次推移分類=Hi16_自殺,2,,2026-09-07T07:39:43Z
vital_suicide_age_sex,0003411659,2024年,人口動態統計確定数（日本における日本人）,人,2024,男,10～14歳,表章項目=死亡数,死因年次推移分類=Hi16_自殺,53,,2026-09-07T07:39:43Z
vital_suicide_age_sex,0003411659,2023年,人口動態統計確定数（日本における日本人）,人,2023,男,10～14歳,表章項目=死亡数,死因年次推移分類=Hi16_自殺,55,,2026-09-07T07:39:43Z
vital_suicide_age_sex,0003411659,2022年,人口動態統計確定数（日本における日本人）,人,2022,男,10～14歳,表章項目=死亡数,死因年次推移分類=Hi16_自殺,62,,2026-09-07T07:39:43Z
vital_suicide_age_sex,0003411659,2021年,人口動態統計確定数（日本における日本人）,人,2021,男,10～14歳,表章項目=死亡数,死因年次推移分類=Hi16_自殺,60,,2026-09-07T07:39:43Z
vital_suicide_age_sex,0003411659,2020年,人口動態統計確定数（日本における日本人）,人,2020,男,10～14歳,表章項目=死亡数,死因年次推移分類=Hi16_自殺,64,,2026-09-07T07:39:43Z
vital_suicide_age_sex,0003411659,2019年,人口動態統計確定数（日本における日本人）,人,2019,男,10～14歳,表章項目=死亡数,死因年次推移分類=Hi16_自殺,47,,2026-09-07T07:39:43Z
vital_suicide_age_sex,0003411659,2018年,人口動態統計確定数（日本における日本人）,人,2018,男,10～14歳,表章項目=死亡数,死因年次推移分類=Hi16_自殺,66,,2026-09-07T07:39:43Z
vital_suicide_age_sex,0003411659,2017年,人口動態統計確定数（日本における日本人）,人,2017,男,10～14歳,表章項目=死亡数,死因年次推移分類=Hi16_自殺,59,,2026-09-07T07:39:43Z
vital_suicide_age_sex,0003411659,2016年,人口動態統計確定数（日本における日本人）,人,2016,男,10～14歳,表章項目=死亡数,死因年次推移分類=Hi16_自殺,43,,2026-09-07T07:39:43Z
vital_suicide_age_sex,0003411659,2015年,人口動態統計確定数（日本における日本人）,人,2015,男,10～14歳,表章項目=死亡数,死因年次推移分類=Hi16_自殺,61,,2026-09-07T07:39:43Z
vital_suicide_age_sex,0003411659,2014年,人口動態統計確定数（日本における日本人）,人,2014,男,10～14歳,表章項目=死亡数,死因年次推移分類=Hi16_自殺,67,,2026-09-07T07:39:43Z
vital_suicide_age_sex,0003411659,2013年,人口動態統計確定数（日本における日本人）,人,2013,男,10～14歳,表章項目=死亡数,死因年次推移分類=Hi16_自殺,57,,2026-09-07T07:39:43Z
vital_suicide_age_sex,0003411659,2010年,人口動態統計確定数（日本における日本人）,人,2010,男,10～14歳,表章項目=死亡数,死因年次推移分類=Hi16_自殺,42,,2026-09-07T07:39:43Z
vital_suicide_age_sex,0003411659,2005年,人口動態統計確定数（日本における日本人）,人,2005,男,10～14歳,表章項目=死亡数,死因年次推移分類=Hi16_自殺,28,,2026-09-07T07:39:43Z
vital_suicide_age_sex,0003411659,2000年,人口動態統計確定数（日本における日本人）,人,2000,男,10～14歳,表章項目=死亡数,死因年次推移分類=Hi16_自殺,58,,2026-09-07T07:39:43Z
vital_suicide_age_sex,0003411659,1995年,人口動態統計確定数（日本における日本人）,人,1995,男,10～14歳,表章項目=死亡数,死因年次推移分類=Hi16_自殺,43,,2026-09-07T07:39:43Z
vital_suicide_age_sex,0003411659,1990年,人口動態統計確定数（日本における日本人）,人,1990,男,10～14歳,表章項目=死亡数,死因年次推移分類=Hi16_自殺,30,,2026-09-07T07:39:43Z
vital_suicide_age_sex,0003411659,1985年,人口動態統計確定数（日本における日本人）,人,1985,男,10～14歳,表章項目=死亡数,死因年次推移分類=Hi16_自殺,55,,2026-09-07T07:39:43Z
vital_suicide_age_sex,0003411659,1980年,人口動態統計確定数（日本における日本人）,人,1980,男,10～14歳,表章項目=死亡数,死因年次推移分類=Hi16_自殺,39,,2026-09-07T07:39:43Z
vital_suicide_age_sex,0003411659,1975年,人口動態統計確定数（日本における日本人）,人,1975,男,10～14歳,表章項目=死亡数,死因年次推移分類=Hi16_自殺,64,,2026-09-07T07:39:43Z
vital_suicide_age_sex,0003411659,1970年,人口動態統計確定数（日本における日本人）,人,1970,男,10～14歳,表章項目=死亡数,死因年次推移分類=Hi16_自殺,40,,2026-09-07T07:39:43Z
vital_suicide_age_sex,0003411659,1965年,人口動態統計確定数（日本における日本人）,人,1965,男,10～14歳,表章項目=死亡数,死因年次推移分類=Hi16_自殺,32,,2026-09-07T07:39:43Z
vital_suicide_age_sex,0003411659,1960年,人口動態統計確定数（日本における日本人）,人,1960,男,10～14歳,表章項目=死亡数,死因年次推移分類=Hi16_自殺,40,,2026-09-07T07:39:43Z
vital_suicide_age_sex,0003411659,1955年,人口動態統計確定数（日本における日本人）,人,1955,男,10～14歳,表章項目=死亡数,死因年次推移分類=Hi16_自殺,55,,2026-09-07T07:39:43Z
vital_suicide_age_sex,0003411659,1950年,人口動態統計確定数（日本における日本人）,人,1950,男,10～14歳,表章項目=死亡数,死因年次推移分類=Hi16_自殺,,-,2026-09-07T07:39:43Z
vital_suicide_age_sex,0003411659,2024年,人口動態統計確定数（日本における日本人）,人,2024,女,10～14歳,表章項目=死亡数,死因年次推移分類=Hi16_自殺,79,,2026-09-07T07:39:43Z
vital_suicide_age_sex,0003411659,2023年,人口動態統計確定数（日本における日本人）,人,2023,女,10～14歳,表章項目=死亡数,死因年次推移分類=Hi16_自殺,65,,2026-09-07T07:39:43Z
vital_suicide_age_sex,0003411659,2022年,人口動態統計確定数（日本における日本人）,人,2022,女,10～14歳,表章項目=死亡数,死因年次推移分類=Hi16_自殺,57,,2026-09-07T07:39:43Z
vital_suicide_age_sex,0003411659,2021年,人口動態統計確定数（日本における日本人）,人,2021,女,10～14歳,表章項目=死亡数,死因年次推移分類=Hi16_自殺,68,,2026-09-07T07:39:43Z
vital_suicide_age_sex,0003411659,2020年,人口動態統計確定数（日本における日本人）,人,2020,女,10～14歳,表章項目=死亡数,死因年次推移分類=Hi16_自殺,58,,2026-09-07T07:39:43Z
vital_suicide_age_sex,0003411659,2019年,人口動態統計確定数（日本における日本人）,人,2019,女,10～14歳,表章項目=死亡数,死因年次推移分類=Hi16_自殺,43,,2026-09-07T07:39:43Z
vital_suicide_age_sex,0003411659,2018年,人口動態統計確定数（日本における日本人）,人,2018,女,10～14歳,表章項目=死亡数,死因年次推移分類=Hi16_自殺,33,,2026-09-07T07:39:43Z
vital_suicide_age_sex,0003411659,2017年,人口動態統計確定数（日本における日本人）,人,2017,女,10～14歳,表章項目=死亡数,死因年次推移分類=Hi16_自殺,41,,2026-09-07T07:39:43Z
vital_suicide_age_sex,0003411659,2016年,人口動態統計確定数（日本における日本人）,人,2016,女,10～14歳,表章項目=死亡数,死因年次推移分類=Hi16_自殺,28,,2026-09-07T07:39:43Z
vital_suicide_age_sex,0003411659,2015年,人口動態統計確定数（日本における日本人）,人,2015,女,10～14歳,表章項目=死亡数,死因年次推移分類=Hi16_自殺,28,,2026-09-07T07:39:43Z
vital_suicide_age_sex,0003411659,2014年,人口動態統計確定数（日本における日本人）,人,2014,女,10～14歳,表章項目=死亡数,死因年次推移分類=Hi16_自殺,33,,2026-09-07T07:39:43Z
vital_suicide_age_sex,0003411659,2013年,人口動態統計確定数（日本における日本人）,人,2013,女,10～14歳,表章項目=死亡数,死因年次推移分類=Hi16_自殺,34,,2026-09-07T07:39:43Z
vital_suicide_age_sex,0003411659,2010年,人口動態統計確定数（日本における日本人）,人,2010,女,10～14歳,表章項目=死亡数,死因年次推移分類=Hi16_自殺,21,,2026-09-07T07:39:43Z
vital_suicide_age_sex,0003411659,2005年,人口動態統計確定数（日本における日本人）,人,2005,女,10～14歳,表章項目=死亡数,死因年次推移分類=Hi16_自殺,16,,2026-09-07T07:39:43Z
vital_suicide_age_sex,0003411659,2000年,人口動態統計確定数（日本における日本人）,人,2000,女,10～14歳,表章項目=死亡数,死因年次推移分類=Hi16_自殺,16,,2026-09-07T07:39:43Z
vital_suicide_age_sex,0003411659,1995年,人口動態統計確定数（日本における日本人）,人,1995,女,10～14歳,表章項目=死亡数,死因年次推移分類=Hi16_自殺,23,,2026-09-07T07:39:43Z
vital_suicide_age_sex,0003411659,1990年,人口動態統計確定数（日本における日本人）,人,1990,女,10～14歳,表章項目=死亡数,死因年次推移分類=Hi16_自殺,17,,2026-09-07T07:39:43Z
vital_suicide_age_sex,0003411659,1985年,人口動態統計確定数（日本における日本人）,人,1985,女,10～14歳,表章項目=死亡数,死因年次推移分類=Hi16_自殺,26,,2026-09-07T07:39:43Z
vital_suicide_age_sex,0003411659,1980年,人口動態統計確定数（日本における日本人）,人,1980,女,10～14歳,表章項目=死亡数,死因年次推移分類=Hi16_自殺,14,,2026-09-07T07:39:43Z
vital_suicide_age_sex,0003411659,1975年,人口動態統計確定数（日本における日本人）,人,1975,女,10～14歳,表章項目=死亡数,死因年次推移分類=Hi16_自殺,24,,2026-09-07T07:39:43Z
vital_suicide_age_sex,0003411659,1970年,人口動態統計確定数（日本における日本人）,人,1970,女,10～14歳,表章項目=死亡数,死因年次推移分類=Hi16_自殺,15,,2026-09-07T07:39:43Z
vital_suicide_age_sex,0003411659,1965年,人口動態統計確定数（日本における日本人）,人,1965,女,10～14歳,表章項目=死亡数,死因年次推移分類=Hi16_自殺,14,,2026-09-07T07:39:43Z
vital_suicide_age_sex,0003411659,1960年,人口動態統計確定数（日本における日本人）,人,1960,女,10～14歳,表章項目=死亡数,死因年次推移分類=Hi16_自殺,22,,2026-09-07T07:39:43Z
vital_suicide_age_sex,0003411659,1955年,人口動態統計確定数（日本における日本人）,人,1955,女,10～14歳,表章項目=死亡数,死因年次推移分類=Hi16_自殺,33,,2026-09-07T07:39:43Z
vital_suicide_age_sex,0003411659,1950年,人口動態統計確定数（日本における日本人）,人,1950,女,10～14歳,表章項目=死亡数,死因年次推移分類=Hi16_自殺,2,,2026-09-07T07:39:43Z
vital_suicide_age_sex,0003411659,2024年,人口動態統計確定数（日本における日本人）,人,2024,総数,15～19歳,表章項目=死亡数,死因年次推移分類=Hi16_自殺,627,,2026-09-07T07:39:43Z
vital_suicide_age_sex,0003411659,2023年,人口動態統計確定数（日本における日本人）,人,2023,総数,15～19歳,表章項目=死亡数,死因年次推移分類=Hi16_自殺,652,,2026-09-07T07:39:43Z
vital_suicide_age_sex,0003411659,2022年,人口動態統計確定数（日本における日本人）,人,2022,総数,15～19歳,表章項目=死亡数,死因年次推移分類=Hi16_自殺,663,,2026-09-07T07:39:43Z
vital_suicide_age_sex,0003411659,2021年,人口動態統計確定数（日本における日本人）,人,2021,総数,15～19歳,表章項目=死亡数,死因年次推移分類=Hi16_自殺,632,,2026-09-07T07:39:43Z
vital_suicide_age_sex,0003411659,2020年,人口動態統計確定数（日本における日本人）,人,2020,総数,15～19歳,表章項目=死亡数,死因年次推移分類=Hi16_自殺,641,,2026-09-07T07:39:43Z
vital_suicide_age_sex,0003411659,2019年,人口動態統計確定数（日本における日本人）,人,2019,総数,15～19歳,表章項目=死亡数,死因年次推移分類=Hi16_自殺,563,,2026-09-07T07:39:43Z
vital_suicide_age_sex,0003411659,2018年,人口動態統計確定数（日本における日本人）,人,2018,総数,15～19歳,表章項目=死亡数,死因年次推移分類=Hi16_自殺,503,,2026-09-07T07:39:43Z
vital_suicide_age_sex,0003411659,2017年,人口動態統計確定数（日本における日本人）,人,2017,総数,15～19歳,表章項目=死亡数,死因年次推移分類=Hi16_自殺,460,,2026-09-07T07:39:43Z
vital_suicide_age_sex,0003411659,2016年,人口動態統計確定数（日本における日本人）,人,2016,総数,15～19歳,表章項目=死亡数,死因年次推移分類=Hi16_自殺,430,,2026-09-07T07:39:43Z
vital_suicide_age_sex,0003411659,2015年,人口動態統計確定数（日本における日本人）,人,2015,総数,15～19歳,表章項目=死亡数,死因年次推移分類=Hi16_自殺,447,,2026-09-07T07:39:43Z
vital_suicide_age_sex,0003411659,2014年,人口動態統計確定数（日本における日本人）,人,2014,総数,15～19歳,表章項目=死亡数,死因年次推移分類=Hi16_自殺,434,,2026-09-07T07:39:43Z
vital_suicide_age_sex,0003411659,2013年,人口動態統計確定数（日本における日本人）,人,2013,総数,15～19歳,表章項目=死亡数,死因年次推移分類=Hi16_自殺,455,,2026-09-07T07:39:43Z
vital_suicide_age_sex,0003411659,2010年,人口動態統計確定数（日本における日本人）,人,2010,総数,15～19歳,表章項目=死亡数,死因年次推移分類=Hi16_自殺,451,,2026-09-07T07:39:43Z
vital_suicide_age_sex,0003411659,2005年,人口動態統計確定数（日本における日本人）,人,2005,総数,15～19歳,表章項目=死亡数,死因年次推移分類=Hi16_自殺,511,,2026-09-07T07:39:43Z
vital_suicide_age_sex,0003411659,2000年,人口動態統計確定数（日本における日本人）,人,2000,総数,15～19歳,表章項目=死亡数,死因年次推移分類=Hi16_自殺,473,,2026-09-07T07:39:43Z
vital_suicide_age_sex,0003411659,1995年,人口動態統計確定数（日本における日本人）,人,1995,総数,15～19歳,表章項目=死亡数,死因年次推移分類=Hi16_自殺,423,,2026-09-07T07:39:43Z
vital_suicide_age_sex,0003411659,1990年,人口動態統計確定数（日本における日本人）,人,1990,総数,15～19歳,表章項目=死亡数,死因年次推移分類=Hi16_自殺,381,,2026-09-07T07:39:43Z
vital_suicide_age_sex,0003411659,1985年,人口動態統計確定数（日本における日本人）,人,1985,総数,15～19歳,表章項目=死亡数,死因年次推移分類=Hi16_自殺,453,,2026-09-07T07:39:43Z
vital_suicide_age_sex,0003411659,1980年,人口動態統計確定数（日本における日本人）,人,1980,総数,15～19歳,表章項目=死亡数,死因年次推移分類=Hi16_自殺,599,,2026-09-07T07:39:43Z
vital_suicide_age_sex,0003411659,1975年,人口動態統計確定数（日本における日本人）,人,1975,総数,15～19歳,表章項目=死亡数,死因年次推移分類=Hi16_自殺,768,,2026-09-07T07:39:43Z
vital_suicide_age_sex,0003411659,1970年,人口動態統計確定数（日本における日本人）,人,1970,総数,15～19歳,表章項目=死亡数,死因年次推移分類=Hi16_自殺,702,,2026-09-07T07:39:43Z
vital_suicide_age_sex,0003411659,1965年,人口動態統計確定数（日本における日本人）,人,1965,総数,15～19歳,表章項目=死亡数,死因年次推移分類=Hi16_自殺,806,,2026-09-07T07:39:43Z
vital_suicide_age_sex,0003411659,1960年,人口動態統計確定数（日本における日本人）,人,1960,総数,15～19歳,表章項目=死亡数,死因年次推移分類=Hi16_自殺,2217,,2026-09-07T07:39:43Z
vital_suicide_age_sex,0003411659,1955年,人口動態統計確定数（日本における日本人）,人,1955,総数,15～19歳,表章項目=死亡数,死因年次推移分類=Hi16_自殺,2735,,2026-09-07T07:39:43Z
vital_suicide_age_sex,0003411659,1950年,人口動態統計確定数（日本における日本人）,人,1950,総数,15～19歳,表章項目=死亡数,死因年次推移分類=Hi16_自殺,1310,,2026-09-07T07:39:43Z
vital_suicide_age_sex,0003411659,2024年,人口動態統計確定数（日本における日本人）,人,2024,男,15～19歳,表章項目=死亡数,死因年次推移分類=Hi16_自殺,301,,2026-09-07T07:39:43Z
vital_suicide_age_sex,0003411659,2023年,人口動態統計確定数（日本における日本人）,人,2023,男,15～19歳,表章項目=死亡数,死因年次推移分類=Hi16_自殺,351,,2026-09-07T07:39:43Z
vital_suicide_age_sex,0003411659,2022年,人口動態統計確定数（日本における日本人）,人,2022,男,15～19歳,表章項目=死亡数,死因年次推移分類=Hi16_自殺,384,,2026-09-07T07:39:43Z
vital_suicide_age_sex,0003411659,2021年,人口動態統計確定数（日本における日本人）,人,2021,男,15～19歳,表章項目=死亡数,死因年次推移分類=Hi16_自殺,380,,2026-09-07T07:39:43Z
vital_suicide_age_sex,0003411659,2020年,人口動態統計確定数（日本における日本人）,人,2020,男,15～19歳,表章項目=死亡数,死因年次推移分類=Hi16_自殺,397,,2026-09-07T07:39:43Z
vital_suicide_age_sex,0003411659,2019年,人口動態統計確定数（日本における日本人）,人,2019,男,15～19歳,表章項目=死亡数,死因年次推移分類=Hi16_自殺,385,,2026-09-07T07:39:43Z
vital_suicide_age_sex,0003411659,2018年,人口動態統計確定数（日本における日本人）,人,2018,男,15～19歳,表章項目=死亡数,死因年次推移分類=Hi16_自殺,307,,2026-09-07T07:39:43Z
vital_suicide_age_sex,0003411659,2017年,人口動態統計確定数（日本における日本人）,人,2017,男,15～19歳,表章項目=死亡数,死因年次推移分類=Hi16_自殺,337,,2026-09-07T07:39:43Z
vital_suicide_age_sex,0003411659,2016年,人口動態統計確定数（日本における日本人）,人,2016,男,15～19歳,表章項目=死亡数,死因年次推移分類=Hi16_自殺,301,,2026-09-07T07:39:43Z
vital_suicide_age_sex,0003411659,2015年,人口動態統計確定数（日本における日本人）,人,2015,男,15～19歳,表章項目=死亡数,死因年次推移分類=Hi16_自殺,310,,2026-09-07T07:39:43Z
vital_suicide_age_sex,0003411659,2014年,人口動態統計確定数（日本における日本人）,人,2014,男,15～19歳,表章項目=死亡数,死因年次推移分類=Hi16_自殺,312,,2026-09-07T07:39:43Z
vital_suicide_age_sex,0003411659,2013年,人口動態統計確定数（日本における日本人）,人,2013,男,15～19歳,表章項目=死亡数,死因年次推移分類=Hi16_自殺,321,,2026-09-07T07:39:43Z
vital_suicide_age_sex,0003411659,2010年,人口動態統計確定数（日本における日本人）,人,2010,男,15～19歳,表章項目=死亡数,死因年次推移分類=Hi16_自殺,301,,2026-09-07T07:39:43Z
vital_suicide_age_sex,0003411659,2005年,人口動態統計確定数（日本における日本人）,人,2005,男,15～19歳,表章項目=死亡数,死因年次推移分類=Hi16_自殺,321,,2026-09-07T07:39:43Z
vital_suicide_age_sex,0003411659,2000年,人口動態統計確定数（日本における日本人）,人,2000,男,15～19歳,表章項目=死亡数,死因年次推移分類=Hi16_自殺,335,,2026-09-07T07:39:43Z
vital_suicide_age_sex,0003411659,1995年,人口動態統計確定数（日本における日本人）,人,1995,男,15～19歳,表章項目=死亡数,死因年次推移分類=Hi16_自殺,287,,2026-09-07T07:39:43Z
vital_suicide_age_sex,0003411659,1990年,人口動態統計確定数（日本における日本人）,人,1990,男,15～19歳,表章項目=死亡数,死因年次推移分類=Hi16_自殺,244,,2026-09-07T07:39:43Z
vital_suicide_age_sex,0003411659,1985年,人口動態統計確定数（日本における日本人）,人,1985,男,15～19歳,表章項目=死亡数,死因年次推移分類=Hi16_自殺,310,,2026-09-07T07:39:43Z
vital_suicide_age_sex,0003411659,1980年,人口動態統計確定数（日本における日本人）,人,1980,男,15～19歳,表章項目=死亡数,死因年次推移分類=Hi16_自殺,400,,2026-09-07T07:39:43Z
vital_suicide_age_sex,0003411659,1975年,人口動態統計確定数（日本における日本人）,人,1975,男,15～19歳,表章項目=死亡数,死因年次推移分類=Hi16_自殺,506,,2026-09-07T07:39:43Z
vital_suicide_age_sex,0003411659,1970年,人口動態統計確定数（日本における日本人）,人,1970,男,15～19歳,表章項目=死亡数,死因年次推移分類=Hi16_自殺,394,,2026-09-07T07:39:43Z
vital_suicide_age_sex,0003411659,1965年,人口動態統計確定数（日本における日本人）,人,1965,男,15～19歳,表章項目=死亡数,死因年次推移分類=Hi16_自殺,480,,2026-09-07T07:39:43Z
vital_suicide_age_sex,0003411659,1960年,人口動態統計確定数（日本における日本人）,人,1960,男,15～19歳,表章項目=死亡数,死因年次推移分類=Hi16_自殺,1182,,2026-09-07T07:39:43Z
vital_suicide_age_sex,0003411659,1955年,人口動態統計確定数（日本における日本人）,人,1955,男,15～19歳,表章項目=死亡数,死因年次推移分類=Hi16_自殺,1615,,2026-09-07T07:39:43Z
vital_suicide_age_sex,0003411659,1950年,人口動態統計確定数（日本における日本人）,人,1950,男,15～19歳,表章項目=死亡数,死因年次推移分類=Hi16_自殺,757,,2026-09-07T07:39:43Z
vital_suicide_age_sex,0003411659,2024年,人口動態統計確定数（日本における日本人）,人,2024,女,15～19歳,表章項目=死亡数,死因年次推移分類=Hi16_自殺,326,,2026-09-07T07:39:43Z
vital_suicide_age_sex,0003411659,2023年,人口動態統計確定数（日本における日本人）,人,2023,女,15～19歳,表章項目=死亡数,死因年次推移分類=Hi16_自殺,301,,2026-09-07T07:39:43Z
vital_suicide_age_sex,0003411659,2022年,人口動態統計確定数（日本における日本人）,人,2022,女,15～19歳,表章項目=死亡数,死因年次推移分類=Hi16_自殺,279,,2026-09-07T07:39:43Z
vital_suicide_age_sex,0003411659,2021年,人口動態統計確定数（日本における日本人）,人,2021,女,15～19歳,表章項目=死亡数,死因年次推移分類=Hi16_自殺,252,,2026-09-07T07:39:43Z
vital_suicide_age_sex,0003411659,2020年,人口動態統計確定数（日本における日本人）,人,2020,女,15～19歳,表章項目=死亡数,死因年次推移分類=Hi16_自殺,244,,2026-09-07T07:39:43Z
vital_suicide_age_sex,0003411659,2019年,人口動態統計確定数（日本における日本人）,人,2019,女,15～19歳,表章項目=死亡数,死因年次推移分類=Hi16_自殺,178,,2026-09-07T07:39:43Z
vital_suicide_age_sex,0003411659,2018年,人口動態統計確定数（日本における日本人）,人,2018,女,15～19歳,表章項目=死亡数,死因年次推移分類=Hi16_自殺,196,,2026-09-07T07:39:43Z
vital_suicide_age_sex,0003411659,2017年,人口動態統計確定数（日本における日本人）,人,2017,女,15～19歳,表章項目=死亡数,死因年次推移分類=Hi16_自殺,123,,2026-09-07T07:39:43Z
vital_suicide_age_sex,0003411659,2016年,人口動態統計確定数（日本における日本人）,人,2016,女,15～19歳,表章項目=死亡数,死因年次推移分類=Hi16_自殺,129,,2026-09-07T07:39:43Z
vital_suicide_age_sex,0003411659,2015年,人口動態統計確定数（日本における日本人）,人,2015,女,15～19歳,表章項目=死亡数,死因年次推移分類=Hi16_自殺,137,,2026-09-07T07:39:43Z
vital_suicide_age_sex,0003411659,2014年,人口動態統計確定数（日本における日本人）,人,2014,女,15～19歳,表章項目=死亡数,死因年次推移分類=Hi16_自殺,122,,2026-09-07T07:39:43Z
vital_suicide_age_sex,0003411659,2013年,人口動態統計確定数（日本における日本人）,人,2013,女,15～19歳,表章項目=死亡数,死因年次推移分類=Hi16_自殺,134,,2026-09-07T07:39:43Z
vital_suicide_age_sex,0003411659,2010年,人口動態統計確定数（日本における日本人）,人,2010,女,15～19歳,表章項目=死亡数,死因年次推移分類=Hi16_自殺,150,,2026-09-07T07:39:43Z
vital_suicide_age_sex,0003411659,2005年,人口動態統計確定数（日本における日本人）,人,2005,女,15～19歳,表章項目=死亡数,死因年次推移分類=Hi16_自殺,190,,2026-09-07T07:39:43Z
vital_suicide_age_sex,0003411659,2000年,人口動態統計確定数（日本における日本人）,人,2000,女,15～19歳,表章項目=死亡数,死因年次推移分類=Hi16_自殺,138,,2026-09-07T07:39:43Z
vital_suicide_age_sex,0003411659,1995年,人口動態統計確定数（日本における日本人）,人,1995,女,15～19歳,表章項目=死亡数,死因年次推移分類=Hi16_自殺,136,,2026-09-07T07:39:43Z
vital_suicide_age_sex,0003411659,1990年,人口動態統計確定数（日本における日本人）,人,1990,女,15～19歳,表章項目=死亡数,死因年次推移分類=Hi16_自殺,137,,2026-09-07T07:39:43Z
vital_suicide_age_sex,0003411659,1985年,人口動態統計確定数（日本における日本人）,人,1985,女,15～19歳,表章項目=死亡数,死因年次推移分類=Hi16_自殺,143,,2026-09-07T07:39:43Z
vital_suicide_age_sex,0003411659,1980年,人口動態統計確定数（日本における日本人）,人,1980,女,15～19歳,表章項目=死亡数,死因年次推移分類=Hi16_自殺,199,,2026-09-07T07:39:43Z
vital_suicide_age_sex,0003411659,1975年,人口動態統計確定数（日本における日本人）,人,1975,女,15～19歳,表章項目=死亡数,死因年次推移分類=Hi16_自殺,262,,2026-09-07T07:39:43Z
vital_suicide_age_sex,0003411659,1970年,人口動態統計確定数（日本における日本人）,人,1970,女,15～19歳,表章項目=死亡数,死因年次推移分類=Hi16_自殺,308,,2026-09-07T07:39:43Z
vital_suicide_age_sex,0003411659,1965年,人口動態統計確定数（日本における日本人）,人,1965,女,15～19歳,表章項目=死亡数,死因年次推移分類=Hi16_自殺,326,,2026-09-07T07:39:43Z
vital_suicide_age_sex,0003411659,1960年,人口動態統計確定数（日本における日本人）,人,1960,女,15～19歳,表章項目=死亡数,死因年次推移分類=Hi16_自殺,1035,,2026-09-07T07:39:43Z
vital_suicide_age_sex,0003411659,1955年,人口動態統計確定数（日本における日本人）,人,1955,女,15～19歳,表章項目=死亡数,死因年次推移分類=Hi16_自殺,1120,,2026-09-07T07:39:43Z
vital_suicide_age_sex,0003411659,1950年,人口動態統計確定数（日本における日本人）,人,1950,女,15～19歳,表章項目=死亡数,死因年次推移分類=Hi16_自殺,553,,2026-09-07T07:39:43Z
vital_suicide_age_sex,0003411659,2024年,人口動態統計確定数（日本における日本人）,人,2024,総数,20～24歳,表章項目=死亡数,死因年次推移分類=Hi16_自殺,1219,,2026-09-07T07:39:43Z
vital_suicide_age_sex,0003411659,2023年,人口動態統計確定数（日本における日本人）,人,2023,総数,20～24歳,表章項目=死亡数,死因年次推移分類=Hi16_自殺,1195,,2026-09-07T07:39:43Z
vital_suicide_age_sex,0003411659,2022年,人口動態統計確定数（日本における日本人）,人,2022,総数,20～24歳,表章項目=死亡数,死因年次推移分類=Hi16_自殺,1243,,2026-09-07T07:39:43Z
vital_suicide_age_sex,0003411659,2021年,人口動態統計確定数（日本における日本人）,人,2021,総数,20～24歳,表章項目=死亡数,死因年次推移分類=Hi16_自殺,1285,,2026-09-07T07:39:43Z
vital_suicide_age_sex,0003411659,2020年,人口動態統計確定数（日本における日本人）,人,2020,総数,20～24歳,表章項目=死亡数,死因年次推移分類=Hi16_自殺,1243,,2026-09-07T07:39:43Z
vital_suicide_age_sex,0003411659,2019年,人口動態統計確定数（日本における日本人）,人,2019,総数,20～24歳,表章項目=死亡数,死因年次推移分類=Hi16_自殺,1040,,2026-09-07T07:39:43Z
vital_suicide_age_sex,0003411659,2018年,人口動態統計確定数（日本における日本人）,人,2018,総数,20～24歳,表章項目=死亡数,死因年次推移分類=Hi16_自殺,1045,,2026-09-07T07:39:43Z
vital_suicide_age_sex,0003411659,2017年,人口動態統計確定数（日本における日本人）,人,2017,総数,20～24歳,表章項目=死亡数,死因年次推移分類=Hi16_自殺,1054,,2026-09-07T07:39:43Z
vital_suicide_age_sex,0003411659,2016年,人口動態統計確定数（日本における日本人）,人,2016,総数,20～24歳,表章項目=死亡数,死因年次推移分類=Hi16_自殺,1001,,2026-09-07T07:39:43Z
vital_suicide_age_sex,0003411659,2015年,人口動態統計確定数（日本における日本人）,人,2015,総数,20～24歳,表章項目=死亡数,死因年次推移分類=Hi16_自殺,1052,,2026-09-07T07:39:43Z
vital_suicide_age_sex,0003411659,2014年,人口動態統計確定数（日本における日本人）,人,2014,総数,20～24歳,表章項目=死亡数,死因年次推移分類=Hi16_自殺,1178,,2026-09-07T07:39:43Z
vital_suicide_age_sex,0003411659,2013年,人口動態統計確定数（日本における日本人）,人,2013,総数,20～24歳,表章項目=死亡数,死因年次推移分類=Hi16_自殺,1253,,2026-09-07T07:39:43Z
vital_suicide_age_sex,0003411659,2010年,人口動態統計確定数（日本における日本人）,人,2010,総数,20～24歳,表章項目=死亡数,死因年次推移分類=Hi16_自殺,1372,,2026-09-07T07:39:43Z
vital_suicide_age_sex,0003411659,2005年,人口動態統計確定数（日本における日本人）,人,2005,総数,20～24歳,表章項目=死亡数,死因年次推移分類=Hi16_自殺,1374,,2026-09-07T07:39:43Z
vital_suicide_age_sex,0003411659,2000年,人口動態統計確定数（日本における日本人）,人,2000,総数,20～24歳,表章項目=死亡数,死因年次推移分類=Hi16_自殺,1331,,2026-09-07T07:39:43Z
vital_suicide_age_sex,0003411659,1995年,人口動態統計確定数（日本における日本人）,人,1995,総数,20～24歳,表章項目=死亡数,死因年次推移分類=Hi16_自殺,1115,,2026-09-07T07:39:43Z
vital_suicide_age_sex,0003411659,1990年,人口動態統計確定数（日本における日本人）,人,1990,総数,20～24歳,表章項目=死亡数,死因年次推移分類=Hi16_自殺,928,,2026-09-07T07:39:43Z
vital_suicide_age_sex,0003411659,1985年,人口動態統計確定数（日本における日本人）,人,1985,総数,20～24歳,表章項目=死亡数,死因年次推移分類=Hi16_自殺,1177,,2026-09-07T07:39:43Z
vital_suicide_age_sex,0003411659,1980年,人口動態統計確定数（日本における日本人）,人,1980,総数,20～24歳,表章項目=死亡数,死因年次推移分類=Hi16_自殺,1401,,2026-09-07T07:39:43Z
vital_suicide_age_sex,0003411659,1975年,人口動態統計確定数（日本における日本人）,人,1975,総数,20～24歳,表章項目=死亡数,死因年次推移分類=Hi16_自殺,1933,,2026-09-07T07:39:43Z
vital_suicide_age_sex,0003411659,1970年,人口動態統計確定数（日本における日本人）,人,1970,総数,20～24歳,表章項目=死亡数,死因年次推移分類=Hi16_自殺,1853,,2026-09-07T07:39:43Z
vital_suicide_age_sex,0003411659,1965年,人口動態統計確定数（日本における日本人）,人,1965,総数,20～24歳,表章項目=死亡数,死因年次推移分類=Hi16_自殺,1884,,2026-09-07T07:39:43Z
vital_suicide_age_sex,0003411659,1960年,人口動態統計確定数（日本における日本人）,人,1960,総数,20～24歳,表章項目=死亡数,死因年次推移分類=Hi16_自殺,4269,,2026-09-07T07:39:43Z
vital_suicide_age_sex,0003411659,1955年,人口動態統計確定数（日本における日本人）,人,1955,総数,20～24歳,表章項目=死亡数,死因年次推移分類=Hi16_自殺,5496,,2026-09-07T07:39:43Z
vital_suicide_age_sex,0003411659,1950年,人口動態統計確定数（日本における日本人）,人,1950,総数,20～24歳,表章項目=死亡数,死因年次推移分類=Hi16_自殺,2804,,2026-09-07T07:39:43Z
vital_suicide_age_sex,0003411659,2024年,人口動態統計確定数（日本における日本人）,人,2024,男,20～24歳,表章項目=死亡数,死因年次推移分類=Hi16_自殺,760,,2026-09-07T07:39:43Z
vital_suicide_age_sex,0003411659,2023年,人口動態統計確定数（日本における日本人）,人,2023,男,20～24歳,表章項目=死亡数,死因年次推移分類=Hi16_自殺,731,,2026-09-07T07:39:43Z
vital_suicide_age_sex,0003411659,2022年,人口動態統計確定数（日本における日本人）,人,2022,男,20～24歳,表章項目=死亡数,死因年次推移分類=Hi16_自殺,834,,2026-09-07T07:39:43Z
vital_suicide_age_sex,0003411659,2021年,人口動態統計確定数（日本における日本人）,人,2021,男,20～24歳,表章項目=死亡数,死因年次推移分類=Hi16_自殺,821,,2026-09-07T07:39:43Z
vital_suicide_age_sex,0003411659,2020年,人口動態統計確定数（日本における日本人）,人,2020,男,20～24歳,表章項目=死亡数,死因年次推移分類=Hi16_自殺,829,,2026-09-07T07:39:43Z
vital_suicide_age_sex,0003411659,2019年,人口動態統計確定数（日本における日本人）,人,2019,男,20～24歳,表章項目=死亡数,死因年次推移分類=Hi16_自殺,748,,2026-09-07T07:39:43Z
vital_suicide_age_sex,0003411659,2018年,人口動態統計確定数（日本における日本人）,人,2018,男,20～24歳,表章項目=死亡数,死因年次推移分類=Hi16_自殺,742,,2026-09-07T07:39:43Z
vital_suicide_age_sex,0003411659,2017年,人口動態統計確定数（日本における日本人）,人,2017,男,20～24歳,表章項目=死亡数,死因年次推移分類=Hi16_自殺,773,,2026-09-07T07:39:43Z
vital_suicide_age_sex,0003411659,2016年,人口動態統計確定数（日本における日本人）,人,2016,男,20～24歳,表章項目=死亡数,死因年次推移分類=Hi16_自殺,745,,2026-09-07T07:39:43Z
vital_suicide_age_sex,0003411659,2015年,人口動態統計確定数（日本における日本人）,人,2015,男,20～24歳,表章項目=死亡数,死因年次推移分類=Hi16_自殺,781,,2026-09-07T07:39:43Z
vital_suicide_age_sex,0003411659,2014年,人口動態統計確定数（日本における日本人）,人,2014,男,20～24歳,表章項目=死亡数,死因年次推移分類=Hi16_自殺,868,,2026-09-07T07:39:43Z
vital_suicide_age_sex,0003411659,2013年,人口動態統計確定数（日本における日本人）,人,2013,男,20～24歳,表章項目=死亡数,死因年次推移分類=Hi16_自殺,921,,2026-09-07T07:39:43Z
vital_suicide_age_sex,0003411659,2010年,人口動態統計確定数（日本における日本人）,人,2010,男,20～24歳,表章項目=死亡数,死因年次推移分類=Hi16_自殺,1014,,2026-09-07T07:39:43Z
vital_suicide_age_sex,0003411659,2005年,人口動態統計確定数（日本における日本人）,人,2005,男,20～24歳,表章項目=死亡数,死因年次推移分類=Hi16_自殺,922,,2026-09-07T07:39:43Z
vital_suicide_age_sex,0003411659,2000年,人口動態統計確定数（日本における日本人）,人,2000,男,20～24歳,表章項目=死亡数,死因年次推移分類=Hi16_自殺,938,,2026-09-07T07:39:43Z
vital_suicide_age_sex,0003411659,1995年,人口動態統計確定数（日本における日本人）,人,1995,男,20～24歳,表章項目=死亡数,死因年次推移分類=Hi16_自殺,763,,2026-09-07T07:39:43Z
vital_suicide_age_sex,0003411659,1990年,人口動態統計確定数（日本における日本人）,人,1990,男,20～24歳,表章項目=死亡数,死因年次推移分類=Hi16_自殺,631,,2026-09-07T07:39:43Z
vital_suicide_age_sex,0003411659,1985年,人口動態統計確定数（日本における日本人）,人,1985,男,20～24歳,表章項目=死亡数,死因年次推移分類=Hi16_自殺,829,,2026-09-07T07:39:43Z
vital_suicide_age_sex,0003411659,1980年,人口動態統計確定数（日本における日本人）,人,1980,男,20～24歳,表章項目=死亡数,死因年次推移分類=Hi16_自殺,954,,2026-09-07T07:39:43Z
vital_suicide_age_sex,0003411659,1975年,人口動態統計確定数（日本における日本人）,人,1975,男,20～24歳,表章項目=死亡数,死因年次推移分類=Hi16_自殺,1177,,2026-09-07T07:39:43Z
vital_suicide_age_sex,0003411659,1970年,人口動態統計確定数（日本における日本人）,人,1970,男,20～24歳,表章項目=死亡数,死因年次推移分類=Hi16_自殺,994,,2026-09-07T07:39:43Z
vital_suicide_age_sex,0003411659,1965年,人口動態統計確定数（日本における日本人）,人,1965,男,20～24歳,表章項目=死亡数,死因年次推移分類=Hi16_自殺,1049,,2026-09-07T07:39:43Z
vital_suicide_age_sex,0003411659,1960年,人口動態統計確定数（日本における日本人）,人,1960,男,20～24歳,表章項目=死亡数,死因年次推移分類=Hi16_自殺,2422,,2026-09-07T07:39:43Z
vital_suicide_age_sex,0003411659,1955年,人口動態統計確定数（日本における日本人）,人,1955,男,20～24歳,表章項目=死亡数,死因年次推移分類=Hi16_自殺,3528,,2026-09-07T07:39:43Z
vital_suicide_age_sex,0003411659,1950年,人口動態統計確定数（日本における日本人）,人,1950,男,20～24歳,表章項目=死亡数,死因年次推移分類=Hi16_自殺,1722,,2026-09-07T07:39:43Z
vital_suicide_age_sex,0003411659,2024年,人口動態統計確定数（日本における日本人）,人,2024,女,20～24歳,表章項目=死亡数,死因年次推移分類=Hi16_自殺,459,,2026-09-07T07:39:43Z
vital_suicide_age_sex,0003411659,2023年,人口動態統計確定数（日本における日本人）,人,2023,女,20～24歳,表章項目=死亡数,死因年次推移分類=Hi16_自殺,464,,2026-09-07T07:39:43Z
vital_suicide_age_sex,0003411659,2022年,人口動態統計確定数（日本における日本人）,人,2022,女,20～24歳,表章項目=死亡数,死因年次推移分類=Hi16_自殺,409,,2026-09-07T07:39:43Z
vital_suicide_age_sex,0003411659,2021年,人口動態統計確定数（日本における日本人）,人,2021,女,20～24歳,表章項目=死亡数,死因年次推移分類=Hi16_自殺,464,,2026-09-07T07:39:43Z
vital_suicide_age_sex,0003411659,2020年,人口動態統計確定数（日本における日本人）,人,2020,女,20～24歳,表章項目=死亡数,死因年次推移分類=Hi16_自殺,414,,2026-09-07T07:39:43Z
vital_suicide_age_sex,0003411659,2019年,人口動態統計確定数（日本における日本人）,人,2019,女,20～24歳,表章項目=死亡数,死因年次推移分類=Hi16_自殺,292,,2026-09-07T07:39:43Z
vital_suicide_age_sex,0003411659,2018年,人口動態統計確定数（日本における日本人）,人,2018,女,20～24歳,表章項目=死亡数,死因年次推移分類=Hi16_自殺,303,,2026-09-07T07:39:43Z
vital_suicide_age_sex,0003411659,2017年,人口動態統計確定数（日本における日本人）,人,2017,女,20～24歳,表章項目=死亡数,死因年次推移分類=Hi16_自殺,281,,2026-09-07T07:39:43Z
vital_suicide_age_sex,0003411659,2016年,人口動態統計確定数（日本における日本人）,人,2016,女,20～24歳,表章項目=死亡数,死因年次推移分類=Hi16_自殺,256,,2026-09-07T07:39:43Z
vital_suicide_age_sex,0003411659,2015年,人口動態統計確定数（日本における日本人）,人,2015,女,20～24歳,表章項目=死亡数,死因年次推移分類=Hi16_自殺,271,,2026-09-07T07:39:43Z
vital_suicide_age_sex,0003411659,2014年,人口動態統計確定数（日本における日本人）,人,2014,女,20～24歳,表章項目=死亡数,死因年次推移分類=Hi16_自殺,310,,2026-09-07T07:39:43Z
vital_suicide_age_sex,0003411659,2013年,人口動態統計確定数（日本における日本人）,人,2013,女,20～24歳,表章項目=死亡数,死因年次推移分類=Hi16_自殺,332,,2026-09-07T07:39:43Z
vital_suicide_age_sex,0003411659,2010年,人口動態統計確定数（日本における日本人）,人,2010,女,20～24歳,表章項目=死亡数,死因年次推移分類=Hi16_自殺,358,,2026-09-07T07:39:43Z
vital_suicide_age_sex,0003411659,2005年,人口動態統計確定数（日本における日本人）,人,2005,女,20～24歳,表章項目=死亡数,死因年次推移分類=Hi16_自殺,452,,2026-09-07T07:39:43Z
vital_suicide_age_sex,0003411659,2000年,人口動態統計確定数（日本における日本人）,人,2000,女,20～24歳,表章項目=死亡数,死因年次推移分類=Hi16_自殺,393,,2026-09-07T07:39:43Z
vital_suicide_age_sex,0003411659,1995年,人口動態統計確定数（日本における日本人）,人,1995,女,20～24歳,表章項目=死亡数,死因年次推移分類=Hi16_自殺,352,,2026-09-07T07:39:43Z
vital_suicide_age_sex,0003411659,1990年,人口動態統計確定数（日本における日本人）,人,1990,女,20～24歳,表章項目=死亡数,死因年次推移分類=Hi16_自殺,297,,2026-09-07T07:39:43Z
vital_suicide_age_sex,0003411659,1985年,人口動態統計確定数（日本における日本人）,人,1985,女,20～24歳,表章項目=死亡数,死因年次推移分類=Hi16_自殺,348,,2026-09-07T07:39:43Z
vital_suicide_age_sex,0003411659,1980年,人口動態統計確定数（日本における日本人）,人,1980,女,20～24歳,表章項目=死亡数,死因年次推移分類=Hi16_自殺,447,,2026-09-07T07:39:43Z
vital_suicide_age_sex,0003411659,1975年,人口動態統計確定数（日本における日本人）,人,1975,女,20～24歳,表章項目=死亡数,死因年次推移分類=Hi16_自殺,756,,2026-09-07T07:39:43Z
vital_suicide_age_sex,0003411659,1970年,人口動態統計確定数（日本における日本人）,人,1970,女,20～24歳,表章項目=死亡数,死因年次推移分類=Hi16_自殺,859,,2026-09-07T07:39:43Z
vital_suicide_age_sex,0003411659,1965年,人口動態統計確定数（日本における日本人）,人,1965,女,20～24歳,表章項目=死亡数,死因年次推移分類=Hi16_自殺,835,,2026-09-07T07:39:43Z
vital_suicide_age_sex,0003411659,1960年,人口動態統計確定数（日本における日本人）,人,1960,女,20～24歳,表章項目=死亡数,死因年次推移分類=Hi16_自殺,1847,,2026-09-07T07:39:43Z
vital_suicide_age_sex,0003411659,1955年,人口動態統計確定数（日本における日本人）,人,1955,女,20～24歳,表章項目=死亡数,死因年次推移分類=Hi16_自殺,1968,,2026-09-07T07:39:43Z
vital_suicide_age_sex,0003411659,1950年,人口動態統計確定数（日本における日本人）,人,1950,女,20～24歳,表章項目=死亡数,死因年次推移分類=Hi16_自殺,1082,,2026-09-07T07:39:43Z
vital_suicide_age_sex,0003411659,2024年,人口動態統計確定数（日本における日本人）,人,2024,総数,25～29歳,表章項目=死亡数,死因年次推移分類=Hi16_自殺,1127,,2026-09-07T07:39:43Z
vital_suicide_age_sex,0003411659,2023年,人口動態統計確定数（日本における日本人）,人,2023,総数,25～29歳,表章項目=死亡数,死因年次推移分類=Hi16_自殺,1210,,2026-09-07T07:39:43Z
vital_suicide_age_sex,0003411659,2022年,人口動態統計確定数（日本における日本人）,人,2022,総数,25～29歳,表章項目=死亡数,死因年次推移分類=Hi16_自殺,1154,,2026-09-07T07:39:43Z
vital_suicide_age_sex,0003411659,2021年,人口動態統計確定数（日本における日本人）,人,2021,総数,25～29歳,表章項目=死亡数,死因年次推移分類=Hi16_自殺,1241,,2026-09-07T07:39:43Z
vital_suicide_age_sex,0003411659,2020年,人口動態統計確定数（日本における日本人）,人,2020,総数,25～29歳,表章項目=死亡数,死因年次推移分類=Hi16_自殺,1172,,2026-09-07T07:39:43Z
vital_suicide_age_sex,0003411659,2019年,人口動態統計確定数（日本における日本人）,人,2019,総数,25～29歳,表章項目=死亡数,死因年次推移分類=Hi16_自殺,989,,2026-09-07T07:39:43Z
vital_suicide_age_sex,0003411659,2018年,人口動態統計確定数（日本における日本人）,人,2018,総数,25～29歳,表章項目=死亡数,死因年次推移分類=Hi16_自殺,1059,,2026-09-07T07:39:43Z
vital_suicide_age_sex,0003411659,2017年,人口動態統計確定数（日本における日本人）,人,2017,総数,25～29歳,表章項目=死亡数,死因年次推移分類=Hi16_自殺,1050,,2026-09-07T07:39:43Z
vital_suicide_age_sex,0003411659,2016年,人口動態統計確定数（日本における日本人）,人,2016,総数,25～29歳,表章項目=死亡数,死因年次推移分類=Hi16_自殺,1165,,2026-09-07T07:39:43Z
vital_suicide_age_sex,0003411659,2015年,人口動態統計確定数（日本における日本人）,人,2015,総数,25～29歳,表章項目=死亡数,死因年次推移分類=Hi16_自殺,1234,,2026-09-07T07:39:43Z
vital_suicide_age_sex,0003411659,2014年,人口動態統計確定数（日本における日本人）,人,2014,総数,25～29歳,表章項目=死亡数,死因年次推移分類=Hi16_自殺,1423,,2026-09-07T07:39:43Z
vital_suicide_age_sex,0003411659,2013年,人口動態統計確定数（日本における日本人）,人,2013,総数,25～29歳,表章項目=死亡数,死因年次推移分類=Hi16_自殺,1424,,2026-09-07T07:39:43Z
vital_suicide_age_sex,0003411659,2010年,人口動態統計確定数（日本における日本人）,人,2010,総数,25～29歳,表章項目=死亡数,死因年次推移分類=Hi16_自殺,1630,,2026-09-07T07:39:43Z
vital_suicide_age_sex,0003411659,2005年,人口動態統計確定数（日本における日本人）,人,2005,総数,25～29歳,表章項目=死亡数,死因年次推移分類=Hi16_自殺,1785,,2026-09-07T07:39:43Z
vital_suicide_age_sex,0003411659,2000年,人口動態統計確定数（日本における日本人）,人,2000,総数,25～29歳,表章項目=死亡数,死因年次推移分類=Hi16_自殺,1740,,2026-09-07T07:39:43Z
vital_suicide_age_sex,0003411659,1995年,人口動態統計確定数（日本における日本人）,人,1995,総数,25～29歳,表章項目=死亡数,死因年次推移分類=Hi16_自殺,1202,,2026-09-07T07:39:43Z
vital_suicide_age_sex,0003411659,1990年,人口動態統計確定数（日本における日本人）,人,1990,総数,25～29歳,表章項目=死亡数,死因年次推移分類=Hi16_自殺,1065,,2026-09-07T07:39:43Z
vital_suicide_age_sex,0003411659,1985年,人口動態統計確定数（日本における日本人）,人,1985,総数,25～29歳,表章項目=死亡数,死因年次推移分類=Hi16_自殺,1303,,2026-09-07T07:39:43Z
vital_suicide_age_sex,0003411659,1980年,人口動態統計確定数（日本における日本人）,人,1980,総数,25～29歳,表章項目=死亡数,死因年次推移分類=Hi16_自殺,1745,,2026-09-07T07:39:43Z
vital_suicide_age_sex,0003411659,1975年,人口動態統計確定数（日本における日本人）,人,1975,総数,25～29歳,表章項目=死亡数,死因年次推移分類=Hi16_自殺,2218,,2026-09-07T07:39:43Z
vital_suicide_age_sex,0003411659,1970年,人口動態統計確定数（日本における日本人）,人,1970,総数,25～29歳,表章項目=死亡数,死因年次推移分類=Hi16_自殺,1688,,2026-09-07T07:39:43Z
vital_suicide_age_sex,0003411659,1965年,人口動態統計確定数（日本における日本人）,人,1965,総数,25～29歳,表章項目=死亡数,死因年次推移分類=Hi16_自殺,1670,,2026-09-07T07:39:43Z
vital_suicide_age_sex,0003411659,1960年,人口動態統計確定数（日本における日本人）,人,1960,総数,25～29歳,表章項目=死亡数,死因年次推移分類=Hi16_自殺,2845,,2026-09-07T07:39:43Z
vital_suicide_age_sex,0003411659,1955年,人口動態統計確定数（日本における日本人）,人,1955,総数,25～29歳,表章項目=死亡数,死因年次推移分類=Hi16_自殺,3139,,2026-09-07T07:39:43Z
vital_suicide_age_sex,0003411659,1950年,人口動態統計確定数（日本における日本人）,人,1950,総数,25～29歳,表章項目=死亡数,死因年次推移分類=Hi16_自殺,1649,,2026-09-07T07:39:43Z
vital_suicide_age_sex,0003411659,2024年,人口動態統計確定数（日本における日本人）,人,2024,男,25～29歳,表章項目=死亡数,死因年次推移分類=Hi16_自殺,705,,2026-09-07T07:39:43Z
vital_suicide_age_sex,0003411659,2023年,人口動態統計確定数（日本における日本人）,人,2023,男,25～29歳,表章項目=死亡数,死因年次推移分類=Hi16_自殺,810,,2026-09-07T07:39:43Z
vital_suicide_age_sex,0003411659,2022年,人口動態統計確定数（日本における日本人）,人,2022,男,25～29歳,表章項目=死亡数,死因年次推移分類=Hi16_自殺,783,,2026-09-07T07:39:43Z
vital_suicide_age_sex,0003411659,2021年,人口動態統計確定数（日本における日本人）,人,2021,男,25～29歳,表章項目=死亡数,死因年次推移分類=Hi16_自殺,828,,2026-09-07T07:39:43Z
vital_suicide_age_sex,0003411659,2020年,人口動態統計確定数（日本における日本人）,人,2020,男,25～29歳,表章項目=死亡数,死因年次推移分類=Hi16_自殺,787,,2026-09-07T07:39:43Z
vital_suicide_age_sex,0003411659,2019年,人口動態統計確定数（日本における日本人）,人,2019,男,25～29歳,表章項目=死亡数,死因年次推移分類=Hi16_自殺,683,,2026-09-07T07:39:43Z
vital_suicide_age_sex,0003411659,2018年,人口動態統計確定数（日本における日本人）,人,2018,男,25～29歳,表章項目=死亡数,死因年次推移分類=Hi16_自殺,761,,2026-09-07T07:39:43Z
vital_suicide_age_sex,0003411659,2017年,人口動態統計確定数（日本における日本人）,人,2017,男,25～29歳,表章項目=死亡数,死因年次推移分類=Hi16_自殺,755,,2026-09-07T07:39:43Z
vital_suicide_age_sex,0003411659,2016年,人口動態統計確定数（日本における日本人）,人,2016,男,25～29歳,表章項目=死亡数,死因年次推移分類=Hi16_自殺,877,,2026-09-07T07:39:43Z
vital_suicide_age_sex,0003411659,2015年,人口動態統計確定数（日本における日本人）,人,2015,男,25～29歳,表章項目=死亡数,死因年次推移分類=Hi16_自殺,914,,2026-09-07T07:39:43Z
vital_suicide_age_sex,0003411659,2014年,人口動態統計確定数（日本における日本人）,人,2014,男,25～29歳,表章項目=死亡数,死因年次推移分類=Hi16_自殺,1042,,2026-09-07T07:39:43Z
vital_suicide_age_sex,0003411659,2013年,人口動態統計確定数（日本における日本人）,人,2013,男,25～29歳,表章項目=死亡数,死因年次推移分類=Hi16_自殺,1037,,2026-09-07T07:39:43Z
vital_suicide_age_sex,0003411659,2010年,人口動態統計確定数（日本における日本人）,人,2010,男,25～29歳,表章項目=死亡数,死因年次推移分類=Hi16_自殺,1201,,2026-09-07T07:39:43Z
vital_suicide_age_sex,0003411659,2005年,人口動態統計確定数（日本における日本人）,人,2005,男,25～29歳,表章項目=死亡数,死因年次推移分類=Hi16_自殺,1277,,2026-09-07T07:39:43Z
vital_suicide_age_sex,0003411659,2000年,人口動態統計確定数（日本における日本人）,人,2000,男,25～29歳,表章項目=死亡数,死因年次推移分類=Hi16_自殺,1194,,2026-09-07T07:39:43Z
vital_suicide_age_sex,0003411659,1995年,人口動態統計確定数（日本における日本人）,人,1995,男,25～29歳,表章項目=死亡数,死因年次推移分類=Hi16_自殺,875,,2026-09-07T07:39:43Z
vital_suicide_age_sex,0003411659,1990年,人口動態統計確定数（日本における日本人）,人,1990,男,25～29歳,表章項目=死亡数,死因年次推移分類=Hi16_自殺,705,,2026-09-07T07:39:43Z
vital_suicide_age_sex,0003411659,1985年,人口動態統計確定数（日本における日本人）,人,1985,男,25～29歳,表章項目=死亡数,死因年次推移分類=Hi16_自殺,933,,2026-09-07T07:39:43Z
vital_suicide_age_sex,0003411659,1980年,人口動態統計確定数（日本における日本人）,人,1980,男,25～29歳,表章項目=死亡数,死因年次推移分類=Hi16_自殺,1195,,2026-09-07T07:39:43Z
vital_suicide_age_sex,0003411659,1975年,人口動態統計確定数（日本における日本人）,人,1975,男,25～29歳,表章項目=死亡数,死因年次推移分類=Hi16_自殺,1403,,2026-09-07T07:39:43Z
vital_suicide_age_sex,0003411659,1970年,人口動態統計確定数（日本における日本人）,人,1970,男,25～29歳,表章項目=死亡数,死因年次推移分類=Hi16_自殺,987,,2026-09-07T07:39:43Z
vital_suicide_age_sex,0003411659,1965年,人口動態統計確定数（日本における日本人）,人,1965,男,25～29歳,表章項目=死亡数,死因年次推移分類=Hi16_自殺,991,,2026-09-07T07:39:43Z
vital_suicide_age_sex,0003411659,1960年,人口動態統計確定数（日本における日本人）,人,1960,男,25～29歳,表章項目=死亡数,死因年次推移分類=Hi16_自殺,1804,,2026-09-07T07:39:43Z
vital_suicide_age_sex,0003411659,1955年,人口動態統計確定数（日本における日本人）,人,1955,男,25～29歳,表章項目=死亡数,死因年次推移分類=Hi16_自殺,2067,,2026-09-07T07:39:43Z
vital_suicide_age_sex,0003411659,1950年,人口動態統計確定数（日本における日本人）,人,1950,男,25～29歳,表章項目=死亡数,死因年次推移分類=Hi16_自殺,1016,,2026-09-07T07:39:43Z
vital_suicide_age_sex,0003411659,2024年,人口動態統計確定数（日本における日本人）,人,2024,女,25～29歳,表章項目=死亡数,死因年次推移分類=Hi16_自殺,422,,2026-09-07T07:39:43Z
vital_suicide_age_sex,0003411659,2023年,人口動態統計確定数（日本における日本人）,人,2023,女,25～29歳,表章項目=死亡数,死因年次推移分類=Hi16_自殺,400,,2026-09-07T07:39:43Z
vital_suicide_age_sex,0003411659,2022年,人口動態統計確定数（日本における日本人）,人,2022,女,25～29歳,表章項目=死亡数,死因年次推移分類=Hi16_自殺,371,,2026-09-07T07:39:43Z
vital_suicide_age_sex,0003411659,2021年,人口動態統計確定数（日本における日本人）,人,2021,女,25～29歳,表章項目=死亡数,死因年次推移分類=Hi16_自殺,413,,2026-09-07T07:39:43Z
vital_suicide_age_sex,0003411659,2020年,人口動態統計確定数（日本における日本人）,人,2020,女,25～29歳,表章項目=死亡数,死因年次推移分類=Hi16_自殺,385,,2026-09-07T07:39:43Z
vital_suicide_age_sex,0003411659,2019年,人口動態統計確定数（日本における日本人）,人,2019,女,25～29歳,表章項目=死亡数,死因年次推移分類=Hi16_自殺,306,,2026-09-07T07:39:43Z
vital_suicide_age_sex,0003411659,2018年,人口動態統計確定数（日本における日本人）,人,2018,女,25～29歳,表章項目=死亡数,死因年次推移分類=Hi16_自殺,298,,2026-09-07T07:39:43Z
vital_suicide_age_sex,0003411659,2017年,人口動態統計確定数（日本における日本人）,人,2017,女,25～29歳,表章項目=死亡数,死因年次推移分類=Hi16_自殺,295,,2026-09-07T07:39:43Z
vital_suicide_age_sex,0003411659,2016年,人口動態統計確定数（日本における日本人）,人,2016,女,25～29歳,表章項目=死亡数,死因年次推移分類=Hi16_自殺,288,,2026-09-07T07:39:43Z
vital_suicide_age_sex,0003411659,2015年,人口動態統計確定数（日本における日本人）,人,2015,女,25～29歳,表章項目=死亡数,死因年次推移分類=Hi16_自殺,320,,2026-09-07T07:39:43Z
vital_suicide_age_sex,0003411659,2014年,人口動態統計確定数（日本における日本人）,人,2014,女,25～29歳,表章項目=死亡数,死因年次推移分類=Hi16_自殺,381,,2026-09-07T07:39:43Z
vital_suicide_age_sex,0003411659,2013年,人口動態統計確定数（日本における日本人）,人,2013,女,25～29歳,表章項目=死亡数,死因年次推移分類=Hi16_自殺,387,,2026-09-07T07:39:43Z
vital_suicide_age_sex,0003411659,2010年,人口動態統計確定数（日本における日本人）,人,2010,女,25～29歳,表章項目=死亡数,死因年次推移分類=Hi16_自殺,429,,2026-09-07T07:39:43Z
vital_suicide_age_sex,0003411659,2005年,人口動態統計確定数（日本における日本人）,人,2005,女,25～29歳,表章項目=死亡数,死因年次推移分類=Hi16_自殺,508,,2026-09-07T07:39:43Z
vital_suicide_age_sex,0003411659,2000年,人口動態統計確定数（日本における日本人）,人,2000,女,25～29歳,表章項目=死亡数,死因年次推移分類=Hi16_自殺,546,,2026-09-07T07:39:43Z
vital_suicide_age_sex,0003411659,1995年,人口動態統計確定数（日本における日本人）,人,1995,女,25～29歳,表章項目=死亡数,死因年次推移分類=Hi16_自殺,327,,2026-09-07T07:39:43Z
vital_suicide_age_sex,0003411659,1990年,人口動態統計確定数（日本における日本人）,人,1990,女,25～29歳,表章項目=死亡数,死因年次推移分類=Hi16_自殺,360,,2026-09-07T07:39:43Z
vital_suicide_age_sex,0003411659,1985年,人口動態統計確定数（日本における日本人）,人,1985,女,25～29歳,表章項目=死亡数,死因年次推移分類=Hi16_自殺,370,,2026-09-07T07:39:43Z
vital_suicide_age_sex,0003411659,1980年,人口動態統計確定数（日本における日本人）,人,1980,女,25～29歳,表章項目=死亡数,死因年次推移分類=Hi16_自殺,550,,2026-09-07T07:39:43Z
vital_suicide_age_sex,0003411659,1975年,人口動態統計確定数（日本における日本人）,人,1975,女,25～29歳,表章項目=死亡数,死因年次推移分類=Hi16_自殺,815,,2026-09-07T07:39:43Z
vital_suicide_age_sex,0003411659,1970年,人口動態統計確定数（日本における日本人）,人,1970,女,25～29歳,表章項目=死亡数,死因年次推移分類=Hi16_自殺,701,,2026-09-07T07:39:43Z
vital_suicide_age_sex,0003411659,1965年,人口動態統計確定数（日本における日本人）,人,1965,女,25～29歳,表章項目=死亡数,死因年次推移分類=Hi16_自殺,679,,2026-09-07T07:39:43Z
vital_suicide_age_sex,0003411659,1960年,人口動態統計確定数（日本における日本人）,人,1960,女,25～29歳,表章項目=死亡数,死因年次推移分類=Hi16_自殺,1041,,2026-09-07T07:39:43Z
vital_suicide_age_sex,0003411659,1955年,人口動態統計確定数（日本における日本人）,人,1955,女,25～29歳,表章項目=死亡数,死因年次推移分類=Hi16_自殺,1072,,2026-09-07T07:39:43Z
vital_suicide_age_sex,0003411659,1950年,人口動態統計確定数（日本における日本人）,人,1950,女,25～29歳,表章項目=死亡数,死因年次推移分類=Hi16_自殺,633,,2026-09-07T07:39:43Z
vital_suicide_age_sex,0003411659,2024年,人口動態統計確定数（日本における日本人）,人,2024,総数,30～34歳,表章項目=死亡数,死因年次推移分類=Hi16_自殺,1121,,2026-09-07T07:39:43Z
vital_suicide_age_sex,0003411659,2023年,人口動態統計確定数（日本における日本人）,人,2023,総数,30～34歳,表章項目=死亡数,死因年次推移分類=Hi16_自殺,1185,,2026-09-07T07:39:43Z
vital_suicide_age_sex,0003411659,2022年,人口動態統計確定数（日本における日本人）,人,2022,総数,30～34歳,表章項目=死亡数,死因年次推移分類=Hi16_自殺,1115,,2026-09-07T07:39:43Z
vital_suicide_age_sex,0003411659,2021年,人口動態統計確定数（日本における日本人）,人,2021,総数,30～34歳,表章項目=死亡数,死因年次推移分類=Hi16_自殺,1180,,2026-09-07T07:39:43Z
vital_suicide_age_sex,0003411659,2020年,人口動態統計確定数（日本における日本人）,人,2020,総数,30～34歳,表章項目=死亡数,死因年次推移分類=Hi16_自殺,1192,,2026-09-07T07:39:43Z
vital_suicide_age_sex,0003411659,2019年,人口動態統計確定数（日本における日本人）,人,2019,総数,30～34歳,表章項目=死亡数,死因年次推移分類=Hi16_自殺,1145,,2026-09-07T07:39:43Z
vital_suicide_age_sex,0003411659,2018年,人口動態統計確定数（日本における日本人）,人,2018,総数,30～34歳,表章項目=死亡数,死因年次推移分類=Hi16_自殺,1235,,2026-09-07T07:39:43Z
vital_suicide_age_sex,0003411659,2017年,人口動態統計確定数（日本における日本人）,人,2017,総数,30～34歳,表章項目=死亡数,死因年次推移分類=Hi16_自殺,1280,,2026-09-07T07:39:43Z
vital_suicide_age_sex,0003411659,2016年,人口動態統計確定数（日本における日本人）,人,2016,総数,30～34歳,表章項目=死亡数,死因年次推移分類=Hi16_自殺,1253,,2026-09-07T07:39:43Z
vital_suicide_age_sex,0003411659,2015年,人口動態統計確定数（日本における日本人）,人,2015,総数,30～34歳,表章項目=死亡数,死因年次推移分類=Hi16_自殺,1398,,2026-09-07T07:39:43Z
vital_suicide_age_sex,0003411659,2014年,人口動態統計確定数（日本における日本人）,人,2014,総数,30～34歳,表章項目=死亡数,死因年次推移分類=Hi16_自殺,1520,,2026-09-07T07:39:43Z
vital_suicide_age_sex,0003411659,2013年,人口動態統計確定数（日本における日本人）,人,2013,総数,30～34歳,表章項目=死亡数,死因年次推移分類=Hi16_自殺,1599,,2026-09-07T07:39:43Z
vital_suicide_age_sex,0003411659,2010年,人口動態統計確定数（日本における日本人）,人,2010,総数,30～34歳,表章項目=死亡数,死因年次推移分類=Hi16_自殺,1920,,2026-09-07T07:39:43Z
vital_suicide_age_sex,0003411659,2005年,人口動態統計確定数（日本における日本人）,人,2005,総数,30～34歳,表章項目=死亡数,死因年次推移分類=Hi16_自殺,2217,,2026-09-07T07:39:43Z
vital_suicide_age_sex,0003411659,2000年,人口動態統計確定数（日本における日本人）,人,2000,総数,30～34歳,表章項目=死亡数,死因年次推移分類=Hi16_自殺,1740,,2026-09-07T07:39:43Z
vital_suicide_age_sex,0003411659,1995年,人口動態統計確定数（日本における日本人）,人,1995,総数,30～34歳,表章項目=死亡数,死因年次推移分類=Hi16_自殺,1157,,2026-09-07T07:39:43Z
vital_suicide_age_sex,0003411659,1990年,人口動態統計確定数（日本における日本人）,人,1990,総数,30～34歳,表章項目=死亡数,死因年次推移分類=Hi16_自殺,1095,,2026-09-07T07:39:43Z
vital_suicide_age_sex,0003411659,1985年,人口動態統計確定数（日本における日本人）,人,1985,総数,30～34歳,表章項目=死亡数,死因年次推移分類=Hi16_自殺,1496,,2026-09-07T07:39:43Z
vital_suicide_age_sex,0003411659,1980年,人口動態統計確定数（日本における日本人）,人,1980,総数,30～34歳,表章項目=死亡数,死因年次推移分類=Hi16_自殺,1864,,2026-09-07T07:39:43Z
vital_suicide_age_sex,0003411659,1975年,人口動態統計確定数（日本における日本人）,人,1975,総数,30～34歳,表章項目=死亡数,死因年次推移分類=Hi16_自殺,1786,,2026-09-07T07:39:43Z
vital_suicide_age_sex,0003411659,1970年,人口動態統計確定数（日本における日本人）,人,1970,総数,30～34歳,表章項目=死亡数,死因年次推移分類=Hi16_自殺,1275,,2026-09-07T07:39:43Z
vital_suicide_age_sex,0003411659,1965年,人口動態統計確定数（日本における日本人）,人,1965,総数,30～34歳,表章項目=死亡数,死因年次推移分類=Hi16_自殺,1202,,2026-09-07T07:39:43Z
vital_suicide_age_sex,0003411659,1960年,人口動態統計確定数（日本における日本人）,人,1960,総数,30～34歳,表章項目=死亡数,死因年次推移分類=Hi16_自殺,1495,,2026-09-07T07:39:43Z
vital_suicide_age_sex,0003411659,1955年,人口動態統計確定数（日本における日本人）,人,1955,総数,30～34歳,表章項目=死亡数,死因年次推移分類=Hi16_自殺,1448,,2026-09-07T07:39:43Z
vital_suicide_age_sex,0003411659,1950年,人口動態統計確定数（日本における日本人）,人,1950,総数,30～34歳,表章項目=死亡数,死因年次推移分類=Hi16_自殺,1034,,2026-09-07T07:39:43Z
vital_suicide_age_sex,0003411659,2024年,人口動態統計確定数（日本における日本人）,人,2024,男,30～34歳,表章項目=死亡数,死因年次推移分類=Hi16_自殺,793,,2026-09-07T07:39:43Z
vital_suicide_age_sex,0003411659,2023年,人口動態統計確定数（日本における日本人）,人,2023,男,30～34歳,表章項目=死亡数,死因年次推移分類=Hi16_自殺,859,,2026-09-07T07:39:43Z
vital_suicide_age_sex,0003411659,2022年,人口動態統計確定数（日本における日本人）,人,2022,男,30～34歳,表章項目=死亡数,死因年次推移分類=Hi16_自殺,764,,2026-09-07T07:39:43Z
vital_suicide_age_sex,0003411659,2021年,人口動態統計確定数（日本における日本人）,人,2021,男,30～34歳,表章項目=死亡数,死因年次推移分類=Hi16_自殺,826,,2026-09-07T07:39:43Z
vital_suicide_age_sex,0003411659,2020年,人口動態統計確定数（日本における日本人）,人,2020,男,30～34歳,表章項目=死亡数,死因年次推移分類=Hi16_自殺,859,,2026-09-07T07:39:43Z
vital_suicide_age_sex,0003411659,2019年,人口動態統計確定数（日本における日本人）,人,2019,男,30～34歳,表章項目=死亡数,死因年次推移分類=Hi16_自殺,865,,2026-09-07T07:39:43Z
vital_suicide_age_sex,0003411659,2018年,人口動態統計確定数（日本における日本人）,人,2018,男,30～34歳,表章項目=死亡数,死因年次推移分類=Hi16_自殺,920,,2026-09-07T07:39:43Z
vital_suicide_age_sex,0003411659,2017年,人口動態統計確定数（日本における日本人）,人,2017,男,30～34歳,表章項目=死亡数,死因年次推移分類=Hi16_自殺,944,,2026-09-07T07:39:43Z
vital_suicide_age_sex,0003411659,2016年,人口動態統計確定数（日本における日本人）,人,2016,男,30～34歳,表章項目=死亡数,死因年次推移分類=Hi16_自殺,936,,2026-09-07T07:39:43Z
vital_suicide_age_sex,0003411659,2015年,人口動態統計確定数（日本における日本人）,人,2015,男,30～34歳,表章項目=死亡数,死因年次推移分類=Hi16_自殺,1034,,2026-09-07T07:39:43Z
vital_suicide_age_sex,0003411659,2014年,人口動態統計確定数（日本における日本人）,人,2014,男,30～34歳,表章項目=死亡数,死因年次推移分類=Hi16_自殺,1088,,2026-09-07T07:39:43Z
vital_suicide_age_sex,0003411659,2013年,人口動態統計確定数（日本における日本人）,人,2013,男,30～34歳,表章項目=死亡数,死因年次推移分類=Hi16_自殺,1140,,2026-09-07T07:39:43Z
vital_suicide_age_sex,0003411659,2010年,人口動態統計確定数（日本における日本人）,人,2010,男,30～34歳,表章項目=死亡数,死因年次推移分類=Hi16_自殺,1342,,2026-09-07T07:39:43Z
vital_suicide_age_sex,0003411659,2005年,人口動態統計確定数（日本における日本人）,人,2005,男,30～34歳,表章項目=死亡数,死因年次推移分類=Hi16_自殺,1585,,2026-09-07T07:39:43Z
vital_suicide_age_sex,0003411659,2000年,人口動態統計確定数（日本における日本人）,人,2000,男,30～34歳,表章項目=死亡数,死因年次推移分類=Hi16_自殺,1259,,2026-09-07T07:39:43Z
vital_suicide_age_sex,0003411659,1995年,人口動態統計確定数（日本における日本人）,人,1995,男,30～34歳,表章項目=死亡数,死因年次推移分類=Hi16_自殺,817,,2026-09-07T07:39:43Z
vital_suicide_age_sex,0003411659,1990年,人口動態統計確定数（日本における日本人）,人,1990,男,30～34歳,表章項目=死亡数,死因年次推移分類=Hi16_自殺,757,,2026-09-07T07:39:43Z
vital_suicide_age_sex,0003411659,1985年,人口動態統計確定数（日本における日本人）,人,1985,男,30～34歳,表章項目=死亡数,死因年次推移分類=Hi16_自殺,1049,,2026-09-07T07:39:43Z
vital_suicide_age_sex,0003411659,1980年,人口動態統計確定数（日本における日本人）,人,1980,男,30～34歳,表章項目=死亡数,死因年次推移分類=Hi16_自殺,1294,,2026-09-07T07:39:43Z
vital_suicide_age_sex,0003411659,1975年,人口動態統計確定数（日本における日本人）,人,1975,男,30～34歳,表章項目=死亡数,死因年次推移分類=Hi16_自殺,1145,,2026-09-07T07:39:43Z
vital_suicide_age_sex,0003411659,1970年,人口動態統計確定数（日本における日本人）,人,1970,男,30～34歳,表章項目=死亡数,死因年次推移分類=Hi16_自殺,763,,2026-09-07T07:39:43Z
vital_suicide_age_sex,0003411659,1965年,人口動態統計確定数（日本における日本人）,人,1965,男,30～34歳,表章項目=死亡数,死因年次推移分類=Hi16_自殺,746,,2026-09-07T07:39:43Z
vital_suicide_age_sex,0003411659,1960年,人口動態統計確定数（日本における日本人）,人,1960,男,30～34歳,表章項目=死亡数,死因年次推移分類=Hi16_自殺,858,,2026-09-07T07:39:43Z
vital_suicide_age_sex,0003411659,1955年,人口動態統計確定数（日本における日本人）,人,1955,男,30～34歳,表章項目=死亡数,死因年次推移分類=Hi16_自殺,848,,2026-09-07T07:39:43Z
vital_suicide_age_sex,0003411659,1950年,人口動態統計確定数（日本における日本人）,人,1950,男,30～34歳,表章項目=死亡数,死因年次推移分類=Hi16_自殺,576,,2026-09-07T07:39:43Z
vital_suicide_age_sex,0003411659,2024年,人口動態統計確定数（日本における日本人）,人,2024,女,30～34歳,表章項目=死亡数,死因年次推移分類=Hi16_自殺,328,,2026-09-07T07:39:43Z
vital_suicide_age_sex,0003411659,2023年,人口動態統計確定数（日本における日本人）,人,2023,女,30～34歳,表章項目=死亡数,死因年次推移分類=Hi16_自殺,326,,2026-09-07T07:39:43Z
vital_suicide_age_sex,0003411659,2022年,人口動態統計確定数（日本における日本人）,人,2022,女,30～34歳,表章項目=死亡数,死因年次推移分類=Hi16_自殺,351,,2026-09-07T07:39:43Z
vital_suicide_age_sex,0003411659,2021年,人口動態統計確定数（日本における日本人）,人,2021,女,30～34歳,表章項目=死亡数,死因年次推移分類=Hi16_自殺,354,,2026-09-07T07:39:43Z
vital_suicide_age_sex,0003411659,2020年,人口動態統計確定数（日本における日本人）,人,2020,女,30～34歳,表章項目=死亡数,死因年次推移分類=Hi16_自殺,333,,2026-09-07T07:39:43Z
vital_suicide_age_sex,0003411659,2019年,人口動態統計確定数（日本における日本人）,人,2019,女,30～34歳,表章項目=死亡数,死因年次推移分類=Hi16_自殺,280,,2026-09-07T07:39:43Z
vital_suicide_age_sex,0003411659,2018年,人口動態統計確定数（日本における日本人）,人,2018,女,30～34歳,表章項目=死亡数,死因年次推移分類=Hi16_自殺,315,,2026-09-07T07:39:43Z
vital_suicide_age_sex,0003411659,2017年,人口動態統計確定数（日本における日本人）,人,2017,女,30～34歳,表章項目=死亡数,死因年次推移分類=Hi16_自殺,336,,2026-09-07T07:39:43Z
vital_suicide_age_sex,0003411659,2016年,人口動態統計確定数（日本における日本人）,人,2016,女,30～34歳,表章項目=死亡数,死因年次推移分類=Hi16_自殺,317,,2026-09-07T07:39:43Z
vital_suicide_age_sex,0003411659,2015年,人口動態統計確定数（日本における日本人）,人,2015,女,30～34歳,表章項目=死亡数,死因年次推移分類=Hi16_自殺,364,,2026-09-07T07:39:43Z
vital_suicide_age_sex,0003411659,2014年,人口動態統計確定数（日本における日本人）,人,2014,女,30～34歳,表章項目=死亡数,死因年次推移分類=Hi16_自殺,432,,2026-09-07T07:39:43Z
vital_suicide_age_sex,0003411659,2013年,人口動態統計確定数（日本における日本人）,人,2013,女,30～34歳,表章項目=死亡数,死因年次推移分類=Hi16_自殺,459,,2026-09-07T07:39:43Z
vital_suicide_age_sex,0003411659,2010年,人口動態統計確定数（日本における日本人）,人,2010,女,30～34歳,表章項目=死亡数,死因年次推移分類=Hi16_自殺,578,,2026-09-07T07:39:43Z
vital_suicide_age_sex,0003411659,2005年,人口動態統計確定数（日本における日本人）,人,2005,女,30～34歳,表章項目=死亡数,死因年次推移分類=Hi16_自殺,632,,2026-09-07T07:39:43Z
vital_suicide_age_sex,0003411659,2000年,人口動態統計確定数（日本における日本人）,人,2000,女,30～34歳,表章項目=死亡数,死因年次推移分類=Hi16_自殺,481,,2026-09-07T07:39:43Z
vital_suicide_age_sex,0003411659,1995年,人口動態統計確定数（日本における日本人）,人,1995,女,30～34歳,表章項目=死亡数,死因年次推移分類=Hi16_自殺,340,,2026-09-07T07:39:43Z
vital_suicide_age_sex,0003411659,1990年,人口動態統計確定数（日本における日本人）,人,1990,女,30～34歳,表章項目=死亡数,死因年次推移分類=Hi16_自殺,338,,2026-09-07T07:39:43Z
vital_suicide_age_sex,0003411659,1985年,人口動態統計確定数（日本における日本人）,人,1985,女,30～34歳,表章項目=死亡数,死因年次推移分類=Hi16_自殺,447,,2026-09-07T07:39:43Z
vital_suicide_age_sex,0003411659,1980年,人口動態統計確定数（日本における日本人）,人,1980,女,30～34歳,表章項目=死亡数,死因年次推移分類=Hi16_自殺,570,,2026-09-07T07:39:43Z
vital_suicide_age_sex,0003411659,1975年,人口動態統計確定数（日本における日本人）,人,1975,女,30～34歳,表章項目=死亡数,死因年次推移分類=Hi16_自殺,641,,2026-09-07T07:39:43Z
vital_suicide_age_sex,0003411659,1970年,人口動態統計確定数（日本における日本人）,人,1970,女,30～34歳,表章項目=死亡数,死因年次推移分類=Hi16_自殺,512,,2026-09-07T07:39:43Z
vital_suicide_age_sex,0003411659,1965年,人口動態統計確定数（日本における日本人）,人,1965,女,30～34歳,表章項目=死亡数,死因年次推移分類=Hi16_自殺,456,,2026-09-07T07:39:43Z
vital_suicide_age_sex,0003411659,1960年,人口動態統計確定数（日本における日本人）,人,1960,女,30～34歳,表章項目=死亡数,死因年次推移分類=Hi16_自殺,637,,2026-09-07T07:39:43Z
vital_suicide_age_sex,0003411659,1955年,人口動態統計確定数（日本における日本人）,人,1955,女,30～34歳,表章項目=死亡数,死因年次推移分類=Hi16_自殺,600,,2026-09-07T07:39:43Z
vital_suicide_age_sex,0003411659,1950年,人口動態統計確定数（日本における日本人）,人,1950,女,30～34歳,表章項目=死亡数,死因年次推移分類=Hi16_自殺,458,,2026-09-07T07:39:43Z
vital_suicide_age_sex,0003411659,2024年,人口動態統計確定数（日本における日本人）,人,2024,総数,35～39歳,表章項目=死亡数,死因年次推移分類=Hi16_自殺,1212,,2026-09-07T07:39:43Z
vital_suicide_age_sex,0003411659,2023年,人口動態統計確定数（日本における日本人）,人,2023,総数,35～39歳,表章項目=死亡数,死因年次推移分類=Hi16_自殺,1320,,2026-09-07T07:39:43Z
vital_suicide_age_sex,0003411659,2022年,人口動態統計確定数（日本における日本人）,人,2022,総数,35～39歳,表章項目=死亡数,死因年次推移分類=Hi16_自殺,1350,,2026-09-07T07:39:43Z
vital_suicide_age_sex,0003411659,2021年,人口動態統計確定数（日本における日本人）,人,2021,総数,35～39歳,表章項目=死亡数,死因年次推移分類=Hi16_自殺,1297,,2026-09-07T07:39:43Z
vital_suicide_age_sex,0003411659,2020年,人口動態統計確定数（日本における日本人）,人,2020,総数,35～39歳,表章項目=死亡数,死因年次推移分類=Hi16_自殺,1323,,2026-09-07T07:39:43Z
vital_suicide_age_sex,0003411659,2019年,人口動態統計確定数（日本における日本人）,人,2019,総数,35～39歳,表章項目=死亡数,死因年次推移分類=Hi16_自殺,1287,,2026-09-07T07:39:43Z
vital_suicide_age_sex,0003411659,2018年,人口動態統計確定数（日本における日本人）,人,2018,総数,35～39歳,表章項目=死亡数,死因年次推移分類=Hi16_自殺,1288,,2026-09-07T07:39:43Z
vital_suicide_age_sex,0003411659,2017年,人口動態統計確定数（日本における日本人）,人,2017,総数,35～39歳,表章項目=死亡数,死因年次推移分類=Hi16_自殺,1367,,2026-09-07T07:39:43Z
vital_suicide_age_sex,0003411659,2016年,人口動態統計確定数（日本における日本人）,人,2016,総数,35～39歳,表章項目=死亡数,死因年次推移分類=Hi16_自殺,1445,,2026-09-07T07:39:43Z
vital_suicide_age_sex,0003411659,2015年,人口動態統計確定数（日本における日本人）,人,2015,総数,35～39歳,表章項目=死亡数,死因年次推移分類=Hi16_自殺,1573,,2026-09-07T07:39:43Z
vital_suicide_age_sex,0003411659,2014年,人口動態統計確定数（日本における日本人）,人,2014,総数,35～39歳,表章項目=死亡数,死因年次推移分類=Hi16_自殺,1762,,2026-09-07T07:39:43Z
vital_suicide_age_sex,0003411659,2013年,人口動態統計確定数（日本における日本人）,人,2013,総数,35～39歳,表章項目=死亡数,死因年次推移分類=Hi16_自殺,1981,,2026-09-07T07:39:43Z
vital_suicide_age_sex,0003411659,2010年,人口動態統計確定数（日本における日本人）,人,2010,総数,35～39歳,表章項目=死亡数,死因年次推移分類=Hi16_自殺,2345,,2026-09-07T07:39:43Z
vital_suicide_age_sex,0003411659,2005年,人口動態統計確定数（日本における日本人）,人,2005,総数,35～39歳,表章項目=死亡数,死因年次推移分類=Hi16_自殺,2098,,2026-09-07T07:39:43Z
vital_suicide_age_sex,0003411659,2000年,人口動態統計確定数（日本における日本人）,人,2000,総数,35～39歳,表章項目=死亡数,死因年次推移分類=Hi16_自殺,1717,,2026-09-07T07:39:43Z
vital_suicide_age_sex,0003411659,1995年,人口動態統計確定数（日本における日本人）,人,1995,総数,35～39歳,表章項目=死亡数,死因年次推移分類=Hi16_自殺,1164,,2026-09-07T07:39:43Z
vital_suicide_age_sex,0003411659,1990年,人口動態統計確定数（日本における日本人）,人,1990,総数,35～39歳,表章項目=死亡数,死因年次推移分類=Hi16_自殺,1278,,2026-09-07T07:39:43Z
vital_suicide_age_sex,0003411659,1985年,人口動態統計確定数（日本における日本人）,人,1985,総数,35～39歳,表章項目=死亡数,死因年次推移分類=Hi16_自殺,1920,,2026-09-07T07:39:43Z
vital_suicide_age_sex,0003411659,1980年,人口動態統計確定数（日本における日本人）,人,1980,総数,35～39歳,表章項目=死亡数,死因年次推移分類=Hi16_自殺,1799,,2026-09-07T07:39:43Z
vital_suicide_age_sex,0003411659,1975年,人口動態統計確定数（日本における日本人）,人,1975,総数,35～39歳,表章項目=死亡数,死因年次推移分類=Hi16_自殺,1550,,2026-09-07T07:39:43Z
vital_suicide_age_sex,0003411659,1970年,人口動態統計確定数（日本における日本人）,人,1970,総数,35～39歳,表章項目=死亡数,死因年次推移分類=Hi16_自殺,1254,,2026-09-07T07:39:43Z
vital_suicide_age_sex,0003411659,1965年,人口動態統計確定数（日本における日本人）,人,1965,総数,35～39歳,表章項目=死亡数,死因年次推移分類=Hi16_自殺,990,,2026-09-07T07:39:43Z
vital_suicide_age_sex,0003411659,1960年,人口動態統計確定数（日本における日本人）,人,1960,総数,35～39歳,表章項目=死亡数,死因年次推移分類=Hi16_自殺,940,,2026-09-07T07:39:43Z
vital_suicide_age_sex,0003411659,1955年,人口動態統計確定数（日本における日本人）,人,1955,総数,35～39歳,表章項目=死亡数,死因年次推移分類=Hi16_自殺,1015,,2026-09-07T07:39:43Z
vital_suicide_age_sex,0003411659,1950年,人口動態統計確定数（日本における日本人）,人,1950,総数,35～39歳,表章項目=死亡数,死因年次推移分類=Hi16_自殺,919,,2026-09-07T07:39:43Z
vital_suicide_age_sex,0003411659,2024年,人口動態統計確定数（日本における日本人）,人,2024,男,35～39歳,表章項目=死亡数,死因年次推移分類=Hi16_自殺,874,,2026-09-07T07:39:43Z
vital_suicide_age_sex,0003411659,2023年,人口動態統計確定数（日本における日本人）,人,2023,男,35～39歳,表章項目=死亡数,死因年次推移分類=Hi16_自殺,974,,2026-09-07T07:39:43Z
vital_suicide_age_sex,0003411659,2022年,人口動態統計確定数（日本における日本人）,人,2022,男,35～39歳,表章項目=死亡数,死因年次推移分類=Hi16_自殺,956,,2026-09-07T07:39:43Z
vital_suicide_age_sex,0003411659,2021年,人口動態統計確定数（日本における日本人）,人,2021,男,35～39歳,表章項目=死亡数,死因年次推移分類=Hi16_自殺,927,,2026-09-07T07:39:43Z
vital_suicide_age_sex,0003411659,2020年,人口動態統計確定数（日本における日本人）,人,2020,男,35～39歳,表章項目=死亡数,死因年次推移分類=Hi16_自殺,934,,2026-09-07T07:39:43Z
vital_suicide_age_sex,0003411659,2019年,人口動態統計確定数（日本における日本人）,人,2019,男,35～39歳,表章項目=死亡数,死因年次推移分類=Hi16_自殺,961,,2026-09-07T07:39:43Z
vital_suicide_age_sex,0003411659,2018年,人口動態統計確定数（日本における日本人）,人,2018,男,35～39歳,表章項目=死亡数,死因年次推移分類=Hi16_自殺,966,,2026-09-07T07:39:43Z
vital_suicide_age_sex,0003411659,2017年,人口動態統計確定数（日本における日本人）,人,2017,男,35～39歳,表章項目=死亡数,死因年次推移分類=Hi16_自殺,1034,,2026-09-07T07:39:43Z
vital_suicide_age_sex,0003411659,2016年,人口動態統計確定数（日本における日本人）,人,2016,男,35～39歳,表章項目=死亡数,死因年次推移分類=Hi16_自殺,1032,,2026-09-07T07:39:43Z
vital_suicide_age_sex,0003411659,2015年,人口動態統計確定数（日本における日本人）,人,2015,男,35～39歳,表章項目=死亡数,死因年次推移分類=Hi16_自殺,1163,,2026-09-07T07:39:43Z
vital_suicide_age_sex,0003411659,2014年,人口動態統計確定数（日本における日本人）,人,2014,男,35～39歳,表章項目=死亡数,死因年次推移分類=Hi16_自殺,1241,,2026-09-07T07:39:43Z
vital_suicide_age_sex,0003411659,2013年,人口動態統計確定数（日本における日本人）,人,2013,男,35～39歳,表章項目=死亡数,死因年次推移分類=Hi16_自殺,1451,,2026-09-07T07:39:43Z
vital_suicide_age_sex,0003411659,2010年,人口動態統計確定数（日本における日本人）,人,2010,男,35～39歳,表章項目=死亡数,死因年次推移分類=Hi16_自殺,1719,,2026-09-07T07:39:43Z
vital_suicide_age_sex,0003411659,2005年,人口動態統計確定数（日本における日本人）,人,2005,男,35～39歳,表章項目=死亡数,死因年次推移分類=Hi16_自殺,1587,,2026-09-07T07:39:43Z
vital_suicide_age_sex,0003411659,2000年,人口動態統計確定数（日本における日本人）,人,2000,男,35～39歳,表章項目=死亡数,死因年次推移分類=Hi16_自殺,1332,,2026-09-07T07:39:43Z
vital_suicide_age_sex,0003411659,1995年,人口動態統計確定数（日本における日本人）,人,1995,男,35～39歳,表章項目=死亡数,死因年次推移分類=Hi16_自殺,850,,2026-09-07T07:39:43Z
vital_suicide_age_sex,0003411659,1990年,人口動態統計確定数（日本における日本人）,人,1990,男,35～39歳,表章項目=死亡数,死因年次推移分類=Hi16_自殺,917,,2026-09-07T07:39:43Z
vital_suicide_age_sex,0003411659,1985年,人口動態統計確定数（日本における日本人）,人,1985,男,35～39歳,表章項目=死亡数,死因年次推移分類=Hi16_自殺,1364,,2026-09-07T07:39:43Z
vital_suicide_age_sex,0003411659,1980年,人口動態統計確定数（日本における日本人）,人,1980,男,35～39歳,表章項目=死亡数,死因年次推移分類=Hi16_自殺,1237,,2026-09-07T07:39:43Z
vital_suicide_age_sex,0003411659,1975年,人口動態統計確定数（日本における日本人）,人,1975,男,35～39歳,表章項目=死亡数,死因年次推移分類=Hi16_自殺,1023,,2026-09-07T07:39:43Z
vital_suicide_age_sex,0003411659,1970年,人口動態統計確定数（日本における日本人）,人,1970,男,35～39歳,表章項目=死亡数,死因年次推移分類=Hi16_自殺,790,,2026-09-07T07:39:43Z
vital_suicide_age_sex,0003411659,1965年,人口動態統計確定数（日本における日本人）,人,1965,男,35～39歳,表章項目=死亡数,死因年次推移分類=Hi16_自殺,592,,2026-09-07T07:39:43Z
vital_suicide_age_sex,0003411659,1960年,人口動態統計確定数（日本における日本人）,人,1960,男,35～39歳,表章項目=死亡数,死因年次推移分類=Hi16_自殺,515,,2026-09-07T07:39:43Z
vital_suicide_age_sex,0003411659,1955年,人口動態統計確定数（日本における日本人）,人,1955,男,35～39歳,表章項目=死亡数,死因年次推移分類=Hi16_自殺,568,,2026-09-07T07:39:43Z
vital_suicide_age_sex,0003411659,1950年,人口動態統計確定数（日本における日本人）,人,1950,男,35～39歳,表章項目=死亡数,死因年次推移分類=Hi16_自殺,533,,2026-09-07T07:39:43Z
vital_suicide_age_sex,0003411659,2024年,人口動態統計確定数（日本における日本人）,人,2024,女,35～39歳,表章項目=死亡数,死因年次推移分類=Hi16_自殺,338,,2026-09-07T07:39:43Z
vital_suicide_age_sex,0003411659,2023年,人口動態統計確定数（日本における日本人）,人,2023,女,35～39歳,表章項目=死亡数,死因年次推移分類=Hi16_自殺,346,,2026-09-07T07:39:43Z
vital_suicide_age_sex,0003411659,2022年,人口動態統計確定数（日本における日本人）,人,2022,女,35～39歳,表章項目=死亡数,死因年次推移分類=Hi16_自殺,394,,2026-09-07T07:39:43Z
vital_suicide_age_sex,0003411659,2021年,人口動態統計確定数（日本における日本人）,人,2021,女,35～39歳,表章項目=死亡数,死因年次推移分類=Hi16_自殺,370,,2026-09-07T07:39:43Z
vital_suicide_age_sex,0003411659,2020年,人口動態統計確定数（日本における日本人）,人,2020,女,35～39歳,表章項目=死亡数,死因年次推移分類=Hi16_自殺,389,,2026-09-07T07:39:43Z
vital_suicide_age_sex,0003411659,2019年,人口動態統計確定数（日本における日本人）,人,2019,女,35～39歳,表章項目=死亡数,死因年次推移分類=Hi16_自殺,326,,2026-09-07T07:39:43Z
vital_suicide_age_sex,0003411659,2018年,人口動態統計確定数（日本における日本人）,人,2018,女,35～39歳,表章項目=死亡数,死因年次推移分類=Hi16_自殺,322,,2026-09-07T07:39:43Z
vital_suicide_age_sex,0003411659,2017年,人口動態統計確定数（日本における日本人）,人,2017,女,35～39歳,表章項目=死亡数,死因年次推移分類=Hi16_自殺,333,,2026-09-07T07:39:43Z
vital_suicide_age_sex,0003411659,2016年,人口動態統計確定数（日本における日本人）,人,2016,女,35～39歳,表章項目=死亡数,死因年次推移分類=Hi16_自殺,413,,2026-09-07T07:39:43Z
vital_suicide_age_sex,0003411659,2015年,人口動態統計確定数（日本における日本人）,人,2015,女,35～39歳,表章項目=死亡数,死因年次推移分類=Hi16_自殺,410,,2026-09-07T07:39:43Z
vital_suicide_age_sex,0003411659,2014年,人口動態統計確定数（日本における日本人）,人,2014,女,35～39歳,表章項目=死亡数,死因年次推移分類=Hi16_自殺,521,,2026-09-07T07:39:43Z
vital_suicide_age_sex,0003411659,2013年,人口動態統計確定数（日本における日本人）,人,2013,女,35～39歳,表章項目=死亡数,死因年次推移分類=Hi16_自殺,530,,2026-09-07T07:39:43Z
vital_suicide_age_sex,0003411659,2010年,人口動態統計確定数（日本における日本人）,人,2010,女,35～39歳,表章項目=死亡数,死因年次推移分類=Hi16_自殺,626,,2026-09-07T07:39:43Z
vital_suicide_age_sex,0003411659,2005年,人口動態統計確定数（日本における日本人）,人,2005,女,35～39歳,表章項目=死亡数,死因年次推移分類=Hi16_自殺,511,,2026-09-07T07:39:43Z
vital_suicide_age_sex,0003411659,2000年,人口動態統計確定数（日本における日本人）,人,2000,女,35～39歳,表章項目=死亡数,死因年次推移分類=Hi16_自殺,385,,2026-09-07T07:39:43Z
vital_suicide_age_sex,0003411659,1995年,人口動態統計確定数（日本における日本人）,人,1995,女,35～39歳,表章項目=死亡数,死因年次推移分類=Hi16_自殺,314,,2026-09-07T07:39:43Z
vital_suicide_age_sex,0003411659,1990年,人口動態統計確定数（日本における日本人）,人,1990,女,35～39歳,表章項目=死亡数,死因年次推移分類=Hi16_自殺,361,,2026-09-07T07:39:43Z
vital_suicide_age_sex,0003411659,1985年,人口動態統計確定数（日本における日本人）,人,1985,女,35～39歳,表章項目=死亡数,死因年次推移分類=Hi16_自殺,556,,2026-09-07T07:39:43Z
vital_suicide_age_sex,0003411659,1980年,人口動態統計確定数（日本における日本人）,人,1980,女,35～39歳,表章項目=死亡数,死因年次推移分類=Hi16_自殺,562,,2026-09-07T07:39:43Z
vital_suicide_age_sex,0003411659,1975年,人口動態統計確定数（日本における日本人）,人,1975,女,35～39歳,表章項目=死亡数,死因年次推移分類=Hi16_自殺,527,,2026-09-07T07:39:43Z
vital_suicide_age_sex,0003411659,1970年,人口動態統計確定数（日本における日本人）,人,1970,女,35～39歳,表章項目=死亡数,死因年次推移分類=Hi16_自殺,464,,2026-09-07T07:39:43Z
vital_suicide_age_sex,0003411659,1965年,人口動態統計確定数（日本における日本人）,人,1965,女,35～39歳,表章項目=死亡数,死因年次推移分類=Hi16_自殺,398,,2026-09-07T07:39:43Z
vital_suicide_age_sex,0003411659,1960年,人口動態統計確定数（日本における日本人）,人,1960,女,35～39歳,表章項目=死亡数,死因年次推移分類=Hi16_自殺,425,,2026-09-07T07:39:43Z
vital_suicide_age_sex,0003411659,1955年,人口動態統計確定数（日本における日本人）,人,1955,女,35～39歳,表章項目=死亡数,死因年次推移分類=Hi16_自殺,447,,2026-09-07T07:39:43Z
vital_suicide_age_sex,0003411659,1950年,人口動態統計確定数（日本における日本人）,人,1950,女,35～39歳,表章項目=死亡数,死因年次推移分類=Hi16_自殺,386,,2026-09-07T07:39:43Z
vital_suicide_age_sex,0003411659,2024年,人口動態統計確定数（日本における日本人）,人,2024,総数,40～44歳,表章項目=死亡数,死因年次推移分類=Hi16_自殺,1407,,2026-09-07T07:39:43Z
vital_suicide_age_sex,0003411659,2023年,人口動態統計確定数（日本における日本人）,人,2023,総数,40～44歳,表章項目=死亡数,死因年次推移分類=Hi16_自殺,1570,,2026-09-07T07:39:43Z
vital_suicide_age_sex,0003411659,2022年,人口動態統計確定数（日本における日本人）,人,2022,総数,40～44歳,表章項目=死亡数,死因年次推移分類=Hi16_自殺,1583,,2026-09-07T07:39:43Z
vital_suicide_age_sex,0003411659,2021年,人口動態統計確定数（日本における日本人）,人,2021,総数,40～44歳,表章項目=死亡数,死因年次推移分類=Hi16_自殺,1527,,2026-09-07T07:39:43Z
vital_suicide_age_sex,0003411659,2020年,人口動態統計確定数（日本における日本人）,人,2020,総数,40～44歳,表章項目=死亡数,死因年次推移分類=Hi16_自殺,1578,,2026-09-07T07:39:43Z
vital_suicide_age_sex,0003411659,2019年,人口動態統計確定数（日本における日本人）,人,2019,総数,40～44歳,表章項目=死亡数,死因年次推移分類=Hi16_自殺,1498,,2026-09-07T07:39:43Z
vital_suicide_age_sex,0003411659,2018年,人口動態統計確定数（日本における日本人）,人,2018,総数,40～44歳,表章項目=死亡数,死因年次推移分類=Hi16_自殺,1574,,2026-09-07T07:39:43Z
vital_suicide_age_sex,0003411659,2017年,人口動態統計確定数（日本における日本人）,人,2017,総数,40～44歳,表章項目=死亡数,死因年次推移分類=Hi16_自殺,1629,,2026-09-07T07:39:43Z
vital_suicide_age_sex,0003411659,2016年,人口動態統計確定数（日本における日本人）,人,2016,総数,40～44歳,表章項目=死亡数,死因年次推移分類=Hi16_自殺,1740,,2026-09-07T07:39:43Z
vital_suicide_age_sex,0003411659,2015年,人口動態統計確定数（日本における日本人）,人,2015,総数,40～44歳,表章項目=死亡数,死因年次推移分類=Hi16_自殺,1984,,2026-09-07T07:39:43Z
vital_suicide_age_sex,0003411659,2014年,人口動態統計確定数（日本における日本人）,人,2014,総数,40～44歳,表章項目=死亡数,死因年次推移分類=Hi16_自殺,2042,,2026-09-07T07:39:43Z
vital_suicide_age_sex,0003411659,2013年,人口動態統計確定数（日本における日本人）,人,2013,総数,40～44歳,表章項目=死亡数,死因年次推移分類=Hi16_自殺,2172,,2026-09-07T07:39:43Z
vital_suicide_age_sex,0003411659,2010年,人口動態統計確定数（日本における日本人）,人,2010,総数,40～44歳,表章項目=死亡数,死因年次推移分類=Hi16_自殺,2325,,2026-09-07T07:39:43Z
vital_suicide_age_sex,0003411659,2005年,人口動態統計確定数（日本における日本人）,人,2005,総数,40～44歳,表章項目=死亡数,死因年次推移分類=Hi16_自殺,2308,,2026-09-07T07:39:43Z
vital_suicide_age_sex,0003411659,2000年,人口動態統計確定数（日本における日本人）,人,2000,総数,40～44歳,表章項目=死亡数,死因年次推移分類=Hi16_自殺,1830,,2026-09-07T07:39:43Z
vital_suicide_age_sex,0003411659,1995年,人口動態統計確定数（日本における日本人）,人,1995,総数,40～44歳,表章項目=死亡数,死因年次推移分類=Hi16_自殺,1558,,2026-09-07T07:39:43Z
vital_suicide_age_sex,0003411659,1990年,人口動態統計確定数（日本における日本人）,人,1990,総数,40～44歳,表章項目=死亡数,死因年次推移分類=Hi16_自殺,1728,,2026-09-07T07:39:43Z
vital_suicide_age_sex,0003411659,1985年,人口動態統計確定数（日本における日本人）,人,1985,総数,40～44歳,表章項目=死亡数,死因年次推移分類=Hi16_自殺,2270,,2026-09-07T07:39:43Z
vital_suicide_age_sex,0003411659,1980年,人口動態統計確定数（日本における日本人）,人,1980,総数,40～44歳,表章項目=死亡数,死因年次推移分類=Hi16_自殺,1830,,2026-09-07T07:39:43Z
vital_suicide_age_sex,0003411659,1975年,人口動態統計確定数（日本における日本人）,人,1975,総数,40～44歳,表章項目=死亡数,死因年次推移分類=Hi16_自殺,1668,,2026-09-07T07:39:43Z
vital_suicide_age_sex,0003411659,1970年,人口動態統計確定数（日本における日本人）,人,1970,総数,40～44歳,表章項目=死亡数,死因年次推移分類=Hi16_自殺,977,,2026-09-07T07:39:43Z
vital_suicide_age_sex,0003411659,1965年,人口動態統計確定数（日本における日本人）,人,1965,総数,40～44歳,表章項目=死亡数,死因年次推移分類=Hi16_自殺,701,,2026-09-07T07:39:43Z
vital_suicide_age_sex,0003411659,1960年,人口動態統計確定数（日本における日本人）,人,1960,総数,40～44歳,表章項目=死亡数,死因年次推移分類=Hi16_自殺,775,,2026-09-07T07:39:43Z
vital_suicide_age_sex,0003411659,1955年,人口動態統計確定数（日本における日本人）,人,1955,総数,40～44歳,表章項目=死亡数,死因年次推移分類=Hi16_自殺,936,,2026-09-07T07:39:43Z
vital_suicide_age_sex,0003411659,1950年,人口動態統計確定数（日本における日本人）,人,1950,総数,40～44歳,表章項目=死亡数,死因年次推移分類=Hi16_自殺,862,,2026-09-07T07:39:43Z
vital_suicide_age_sex,0003411659,2024年,人口動態統計確定数（日本における日本人）,人,2024,男,40～44歳,表章項目=死亡数,死因年次推移分類=Hi16_自殺,1049,,2026-09-07T07:39:43Z
vital_suicide_age_sex,0003411659,2023年,人口動態統計確定数（日本における日本人）,人,2023,男,40～44歳,表章項目=死亡数,死因年次推移分類=Hi16_自殺,1156,,2026-09-07T07:39:43Z
vital_suicide_age_sex,0003411659,2022年,人口動態統計確定数（日本における日本人）,人,2022,男,40～44歳,表章項目=死亡数,死因年次推移分類=Hi16_自殺,1138,,2026-09-07T07:39:43Z
vital_suicide_age_sex,0003411659,2021年,人口動態統計確定数（日本における日本人）,人,2021,男,40～44歳,表章項目=死亡数,死因年次推移分類=Hi16_自殺,1076,,2026-09-07T07:39:43Z
vital_suicide_age_sex,0003411659,2020年,人口動態統計確定数（日本における日本人）,人,2020,男,40～44歳,表章項目=死亡数,死因年次推移分類=Hi16_自殺,1130,,2026-09-07T07:39:43Z
vital_suicide_age_sex,0003411659,2019年,人口動態統計確定数（日本における日本人）,人,2019,男,40～44歳,表章項目=死亡数,死因年次推移分類=Hi16_自殺,1127,,2026-09-07T07:39:43Z
vital_suicide_age_sex,0003411659,2018年,人口動態統計確定数（日本における日本人）,人,2018,男,40～44歳,表章項目=死亡数,死因年次推移分類=Hi16_自殺,1132,,2026-09-07T07:39:43Z
vital_suicide_age_sex,0003411659,2017年,人口動態統計確定数（日本における日本人）,人,2017,男,40～44歳,表章項目=死亡数,死因年次推移分類=Hi16_自殺,1203,,2026-09-07T07:39:43Z
vital_suicide_age_sex,0003411659,2016年,人口動態統計確定数（日本における日本人）,人,2016,男,40～44歳,表章項目=死亡数,死因年次推移分類=Hi16_自殺,1306,,2026-09-07T07:39:43Z
vital_suicide_age_sex,0003411659,2015年,人口動態統計確定数（日本における日本人）,人,2015,男,40～44歳,表章項目=死亡数,死因年次推移分類=Hi16_自殺,1459,,2026-09-07T07:39:43Z
vital_suicide_age_sex,0003411659,2014年,人口動態統計確定数（日本における日本人）,人,2014,男,40～44歳,表章項目=死亡数,死因年次推移分類=Hi16_自殺,1507,,2026-09-07T07:39:43Z
vital_suicide_age_sex,0003411659,2013年,人口動態統計確定数（日本における日本人）,人,2013,男,40～44歳,表章項目=死亡数,死因年次推移分類=Hi16_自殺,1599,,2026-09-07T07:39:43Z
vital_suicide_age_sex,0003411659,2010年,人口動態統計確定数（日本における日本人）,人,2010,男,40～44歳,表章項目=死亡数,死因年次推移分類=Hi16_自殺,1755,,2026-09-07T07:39:43Z
vital_suicide_age_sex,0003411659,2005年,人口動態統計確定数（日本における日本人）,人,2005,男,40～44歳,表章項目=死亡数,死因年次推移分類=Hi16_自殺,1806,,2026-09-07T07:39:43Z
vital_suicide_age_sex,0003411659,2000年,人口動態統計確定数（日本における日本人）,人,2000,男,40～44歳,表章項目=死亡数,死因年次推移分類=Hi16_自殺,1430,,2026-09-07T07:39:43Z
vital_suicide_age_sex,0003411659,1995年,人口動態統計確定数（日本における日本人）,人,1995,男,40～44歳,表章項目=死亡数,死因年次推移分類=Hi16_自殺,1166,,2026-09-07T07:39:43Z
vital_suicide_age_sex,0003411659,1990年,人口動態統計確定数（日本における日本人）,人,1990,男,40～44歳,表章項目=死亡数,死因年次推移分類=Hi16_自殺,1195,,2026-09-07T07:39:43Z
vital_suicide_age_sex,0003411659,1985年,人口動態統計確定数（日本における日本人）,人,1985,男,40～44歳,表章項目=死亡数,死因年次推移分類=Hi16_自殺,1651,,2026-09-07T07:39:43Z
vital_suicide_age_sex,0003411659,1980年,人口動態統計確定数（日本における日本人）,人,1980,男,40～44歳,表章項目=死亡数,死因年次推移分類=Hi16_自殺,1292,,2026-09-07T07:39:43Z
vital_suicide_age_sex,0003411659,1975年,人口動態統計確定数（日本における日本人）,人,1975,男,40～44歳,表章項目=死亡数,死因年次推移分類=Hi16_自殺,1128,,2026-09-07T07:39:43Z
vital_suicide_age_sex,0003411659,1970年,人口動態統計確定数（日本における日本人）,人,1970,男,40～44歳,表章項目=死亡数,死因年次推移分類=Hi16_自殺,599,,2026-09-07T07:39:43Z
vital_suicide_age_sex,0003411659,1965年,人口動態統計確定数（日本における日本人）,人,1965,男,40～44歳,表章項目=死亡数,死因年次推移分類=Hi16_自殺,421,,2026-09-07T07:39:43Z
vital_suicide_age_sex,0003411659,1960年,人口動態統計確定数（日本における日本人）,人,1960,男,40～44歳,表章項目=死亡数,死因年次推移分類=Hi16_自殺,422,,2026-09-07T07:39:43Z
vital_suicide_age_sex,0003411659,1955年,人口動態統計確定数（日本における日本人）,人,1955,男,40～44歳,表章項目=死亡数,死因年次推移分類=Hi16_自殺,549,,2026-09-07T07:39:43Z
vital_suicide_age_sex,0003411659,1950年,人口動態統計確定数（日本における日本人）,人,1950,男,40～44歳,表章項目=死亡数,死因年次推移分類=Hi16_自殺,534,,2026-09-07T07:39:43Z
vital_suicide_age_sex,0003411659,2024年,人口動態統計確定数（日本における日本人）,人,2024,女,40～44歳,表章項目=死亡数,死因年次推移分類=Hi16_自殺,358,,2026-09-07T07:39:43Z
vital_suicide_age_sex,0003411659,2023年,人口動態統計確定数（日本における日本人）,人,2023,女,40～44歳,表章項目=死亡数,死因年次推移分類=Hi16_自殺,414,,2026-09-07T07:39:43Z
vital_suicide_age_sex,0003411659,2022年,人口動態統計確定数（日本における日本人）,人,2022,女,40～44歳,表章項目=死亡数,死因年次推移分類=Hi16_自殺,445,,2026-09-07T07:39:43Z
vital_suicide_age_sex,0003411659,2021年,人口動態統計確定数（日本における日本人）,人,2021,女,40～44歳,表章項目=死亡数,死因年次推移分類=Hi16_自殺,451,,2026-09-07T07:39:43Z
vital_suicide_age_sex,0003411659,2020年,人口動態統計確定数（日本における日本人）,人,2020,女,40～44歳,表章項目=死亡数,死因年次推移分類=Hi16_自殺,448,,2026-09-07T07:39:43Z
vital_suicide_age_sex,0003411659,2019年,人口動態統計確定数（日本における日本人）,人,2019,女,40～44歳,表章項目=死亡数,死因年次推移分類=Hi16_自殺,371,,2026-09-07T07:39:43Z
vital_suicide_age_sex,0003411659,2018年,人口動態統計確定数（日本における日本人）,人,2018,女,40～44歳,表章項目=死亡数,死因年次推移分類=Hi16_自殺,442,,2026-09-07T07:39:43Z
vital_suicide_age_sex,0003411659,2017年,人口動態統計確定数（日本における日本人）,人,2017,女,40～44歳,表章項目=死亡数,死因年次推移分類=Hi16_自殺,426,,2026-09-07T07:39:43Z
vital_suicide_age_sex,0003411659,2016年,人口動態統計確定数（日本における日本人）,人,2016,女,40～44歳,表章項目=死亡数,死因年次推移分類=Hi16_自殺,434,,2026-09-07T07:39:43Z
vital_suicide_age_sex,0003411659,2015年,人口動態統計確定数（日本における日本人）,人,2015,女,40～44歳,表章項目=死亡数,死因年次推移分類=Hi16_自殺,525,,2026-09-07T07:39:43Z
vital_suicide_age_sex,0003411659,2014年,人口動態統計確定数（日本における日本人）,人,2014,女,40～44歳,表章項目=死亡数,死因年次推移分類=Hi16_自殺,535,,2026-09-07T07:39:43Z
vital_suicide_age_sex,0003411659,2013年,人口動態統計確定数（日本における日本人）,人,2013,女,40～44歳,表章項目=死亡数,死因年次推移分類=Hi16_自殺,573,,2026-09-07T07:39:43Z
vital_suicide_age_sex,0003411659,2010年,人口動態統計確定数（日本における日本人）,人,2010,女,40～44歳,表章項目=死亡数,死因年次推移分類=Hi16_自殺,570,,2026-09-07T07:39:43Z
vital_suicide_age_sex,0003411659,2005年,人口動態統計確定数（日本における日本人）,人,2005,女,40～44歳,表章項目=死亡数,死因年次推移分類=Hi16_自殺,502,,2026-09-07T07:39:43Z
vital_suicide_age_sex,0003411659,2000年,人口動態統計確定数（日本における日本人）,人,2000,女,40～44歳,表章項目=死亡数,死因年次推移分類=Hi16_自殺,400,,2026-09-07T07:39:43Z
vital_suicide_age_sex,0003411659,1995年,人口動態統計確定数（日本における日本人）,人,1995,女,40～44歳,表章項目=死亡数,死因年次推移分類=Hi16_自殺,392,,2026-09-07T07:39:43Z
vital_suicide_age_sex,0003411659,1990年,人口動態統計確定数（日本における日本人）,人,1990,女,40～44歳,表章項目=死亡数,死因年次推移分類=Hi16_自殺,533,,2026-09-07T07:39:43Z
vital_suicide_age_sex,0003411659,1985年,人口動態統計確定数（日本における日本人）,人,1985,女,40～44歳,表章項目=死亡数,死因年次推移分類=Hi16_自殺,619,,2026-09-07T07:39:43Z
vital_suicide_age_sex,0003411659,1980年,人口動態統計確定数（日本における日本人）,人,1980,女,40～44歳,表章項目=死亡数,死因年次推移分類=Hi16_自殺,538,,2026-09-07T07:39:43Z
vital_suicide_age_sex,0003411659,1975年,人口動態統計確定数（日本における日本人）,人,1975,女,40～44歳,表章項目=死亡数,死因年次推移分類=Hi16_自殺,540,,2026-09-07T07:39:43Z
vital_suicide_age_sex,0003411659,1970年,人口動態統計確定数（日本における日本人）,人,1970,女,40～44歳,表章項目=死亡数,死因年次推移分類=Hi16_自殺,378,,2026-09-07T07:39:43Z
vital_suicide_age_sex,0003411659,1965年,人口動態統計確定数（日本における日本人）,人,1965,女,40～44歳,表章項目=死亡数,死因年次推移分類=Hi16_自殺,280,,2026-09-07T07:39:43Z
vital_suicide_age_sex,0003411659,1960年,人口動態統計確定数（日本における日本人）,人,1960,女,40～44歳,表章項目=死亡数,死因年次推移分類=Hi16_自殺,353,,2026-09-07T07:39:43Z
vital_suicide_age_sex,0003411659,1955年,人口動態統計確定数（日本における日本人）,人,1955,女,40～44歳,表章項目=死亡数,死因年次推移分類=Hi16_自殺,387,,2026-09-07T07:39:43Z
vital_suicide_age_sex,0003411659,1950年,人口動態統計確定数（日本における日本人）,人,1950,女,40～44歳,表章項目=死亡数,死因年次推移分類=Hi16_自殺,328,,2026-09-07T07:39:43Z
vital_suicide_age_sex,0003411659,2024年,人口動態統計確定数（日本における日本人）,人,2024,総数,45～49歳,表章項目=死亡数,死因年次推移分類=Hi16_自殺,1721,,2026-09-07T07:39:43Z
vital_suicide_age_sex,0003411659,2023年,人口動態統計確定数（日本における日本人）,人,2023,総数,45～49歳,表章項目=死亡数,死因年次推移分類=Hi16_自殺,1935,,2026-09-07T07:39:43Z
vital_suicide_age_sex,0003411659,2022年,人口動態統計確定数（日本における日本人）,人,2022,総数,45～49歳,表章項目=死亡数,死因年次推移分類=Hi16_自殺,1991,,2026-09-07T07:39:43Z
vital_suicide_age_sex,0003411659,2021年,人口動態統計確定数（日本における日本人）,人,2021,総数,45～49歳,表章項目=死亡数,死因年次推移分類=Hi16_自殺,1945,,2026-09-07T07:39:43Z
vital_suicide_age_sex,0003411659,2020年,人口動態統計確定数（日本における日本人）,人,2020,総数,45～49歳,表章項目=死亡数,死因年次推移分類=Hi16_自殺,1844,,2026-09-07T07:39:43Z
vital_suicide_age_sex,0003411659,2019年,人口動態統計確定数（日本における日本人）,人,2019,総数,45～49歳,表章項目=死亡数,死因年次推移分類=Hi16_自殺,1825,,2026-09-07T07:39:43Z
vital_suicide_age_sex,0003411659,2018年,人口動態統計確定数（日本における日本人）,人,2018,総数,45～49歳,表章項目=死亡数,死因年次推移分類=Hi16_自殺,1816,,2026-09-07T07:39:43Z
vital_suicide_age_sex,0003411659,2017年,人口動態統計確定数（日本における日本人）,人,2017,総数,45～49歳,表章項目=死亡数,死因年次推移分類=Hi16_自殺,1872,,2026-09-07T07:39:43Z
vital_suicide_age_sex,0003411659,2016年,人口動態統計確定数（日本における日本人）,人,2016,総数,45～49歳,表章項目=死亡数,死因年次推移分類=Hi16_自殺,1888,,2026-09-07T07:39:43Z
vital_suicide_age_sex,0003411659,2015年,人口動態統計確定数（日本における日本人）,人,2015,総数,45～49歳,表章項目=死亡数,死因年次推移分類=Hi16_自殺,1965,,2026-09-07T07:39:43Z
vital_suicide_age_sex,0003411659,2014年,人口動態統計確定数（日本における日本人）,人,2014,総数,45～49歳,表章項目=死亡数,死因年次推移分類=Hi16_自殺,2046,,2026-09-07T07:39:43Z
vital_suicide_age_sex,0003411659,2013年,人口動態統計確定数（日本における日本人）,人,2013,総数,45～49歳,表章項目=死亡数,死因年次推移分類=Hi16_自殺,2207,,2026-09-07T07:39:43Z
vital_suicide_age_sex,0003411659,2010年,人口動態統計確定数（日本における日本人）,人,2010,総数,45～49歳,表章項目=死亡数,死因年次推移分類=Hi16_自殺,2465,,2026-09-07T07:39:43Z
vital_suicide_age_sex,0003411659,2005年,人口動態統計確定数（日本における日本人）,人,2005,総数,45～49歳,表章項目=死亡数,死因年次推移分類=Hi16_自殺,2573,,2026-09-07T07:39:43Z
vital_suicide_age_sex,0003411659,2000年,人口動態統計確定数（日本における日本人）,人,2000,総数,45～49歳,表章項目=死亡数,死因年次推移分類=Hi16_自殺,2713,,2026-09-07T07:39:43Z
vital_suicide_age_sex,0003411659,1995年,人口動態統計確定数（日本における日本人）,人,1995,総数,45～49歳,表章項目=死亡数,死因年次推移分類=Hi16_自殺,2227,,2026-09-07T07:39:43Z
vital_suicide_age_sex,0003411659,1990年,人口動態統計確定数（日本における日本人）,人,1990,総数,45～49歳,表章項目=死亡数,死因年次推移分類=Hi16_自殺,1981,,2026-09-07T07:39:43Z
vital_suicide_age_sex,0003411659,1985年,人口動態統計確定数（日本における日本人）,人,1985,総数,45～49歳,表章項目=死亡数,死因年次推移分類=Hi16_自殺,2614,,2026-09-07T07:39:43Z
vital_suicide_age_sex,0003411659,1980年,人口動態統計確定数（日本における日本人）,人,1980,総数,45～49歳,表章項目=死亡数,死因年次推移分類=Hi16_自殺,1983,,2026-09-07T07:39:43Z
vital_suicide_age_sex,0003411659,1975年,人口動態統計確定数（日本における日本人）,人,1975,総数,45～49歳,表章項目=死亡数,死因年次推移分類=Hi16_自殺,1500,,2026-09-07T07:39:43Z
vital_suicide_age_sex,0003411659,1970年,人口動態統計確定数（日本における日本人）,人,1970,総数,45～49歳,表章項目=死亡数,死因年次推移分類=Hi16_自殺,869,,2026-09-07T07:39:43Z
vital_suicide_age_sex,0003411659,1965年,人口動態統計確定数（日本における日本人）,人,1965,総数,45～49歳,表章項目=死亡数,死因年次推移分類=Hi16_自殺,764,,2026-09-07T07:39:43Z
vital_suicide_age_sex,0003411659,1960年,人口動態統計確定数（日本における日本人）,人,1960,総数,45～49歳,表章項目=死亡数,死因年次推移分類=Hi16_自殺,954,,2026-09-07T07:39:43Z
vital_suicide_age_sex,0003411659,1955年,人口動態統計確定数（日本における日本人）,人,1955,総数,45～49歳,表章項目=死亡数,死因年次推移分類=Hi16_自殺,1055,,2026-09-07T07:39:43Z
vital_suicide_age_sex,0003411659,1950年,人口動態統計確定数（日本における日本人）,人,1950,総数,45～49歳,表章項目=死亡数,死因年次推移分類=Hi16_自殺,1033,,2026-09-07T07:39:43Z
vital_suicide_age_sex,0003411659,2024年,人口動態統計確定数（日本における日本人）,人,2024,男,45～49歳,表章項目=死亡数,死因年次推移分類=Hi16_自殺,1257,,2026-09-07T07:39:43Z
vital_suicide_age_sex,0003411659,2023年,人口動態統計確定数（日本における日本人）,人,2023,男,45～49歳,表章項目=死亡数,死因年次推移分類=Hi16_自殺,1438,,2026-09-07T07:39:43Z
vital_suicide_age_sex,0003411659,2022年,人口動態統計確定数（日本における日本人）,人,2022,男,45～49歳,表章項目=死亡数,死因年次推移分類=Hi16_自殺,1419,,2026-09-07T07:39:43Z
vital_suicide_age_sex,0003411659,2021年,人口動態統計確定数（日本における日本人）,人,2021,男,45～49歳,表章項目=死亡数,死因年次推移分類=Hi16_自殺,1374,,2026-09-07T07:39:43Z
vital_suicide_age_sex,0003411659,2020年,人口動態統計確定数（日本における日本人）,人,2020,男,45～49歳,表章項目=死亡数,死因年次推移分類=Hi16_自殺,1262,,2026-09-07T07:39:43Z
vital_suicide_age_sex,0003411659,2019年,人口動態統計確定数（日本における日本人）,人,2019,男,45～49歳,表章項目=死亡数,死因年次推移分類=Hi16_自殺,1319,,2026-09-07T07:39:43Z
vital_suicide_age_sex,0003411659,2018年,人口動態統計確定数（日本における日本人）,人,2018,男,45～49歳,表章項目=死亡数,死因年次推移分類=Hi16_自殺,1295,,2026-09-07T07:39:43Z
vital_suicide_age_sex,0003411659,2017年,人口動態統計確定数（日本における日本人）,人,2017,男,45～49歳,表章項目=死亡数,死因年次推移分類=Hi16_自殺,1378,,2026-09-07T07:39:43Z
vital_suicide_age_sex,0003411659,2016年,人口動態統計確定数（日本における日本人）,人,2016,男,45～49歳,表章項目=死亡数,死因年次推移分類=Hi16_自殺,1400,,2026-09-07T07:39:43Z
vital_suicide_age_sex,0003411659,2015年,人口動態統計確定数（日本における日本人）,人,2015,男,45～49歳,表章項目=死亡数,死因年次推移分類=Hi16_自殺,1410,,2026-09-07T07:39:43Z
vital_suicide_age_sex,0003411659,2014年,人口動態統計確定数（日本における日本人）,人,2014,男,45～49歳,表章項目=死亡数,死因年次推移分類=Hi16_自殺,1465,,2026-09-07T07:39:43Z
vital_suicide_age_sex,0003411659,2013年,人口動態統計確定数（日本における日本人）,人,2013,男,45～49歳,表章項目=死亡数,死因年次推移分類=Hi16_自殺,1623,,2026-09-07T07:39:43Z
vital_suicide_age_sex,0003411659,2010年,人口動態統計確定数（日本における日本人）,人,2010,男,45～49歳,表章項目=死亡数,死因年次推移分類=Hi16_自殺,1862,,2026-09-07T07:39:43Z
vital_suicide_age_sex,0003411659,2005年,人口動態統計確定数（日本における日本人）,人,2005,男,45～49歳,表章項目=死亡数,死因年次推移分類=Hi16_自殺,2096,,2026-09-07T07:39:43Z
vital_suicide_age_sex,0003411659,2000年,人口動態統計確定数（日本における日本人）,人,2000,男,45～49歳,表章項目=死亡数,死因年次推移分類=Hi16_自殺,2175,,2026-09-07T07:39:43Z
vital_suicide_age_sex,0003411659,1995年,人口動態統計確定数（日本における日本人）,人,1995,男,45～49歳,表章項目=死亡数,死因年次推移分類=Hi16_自殺,1659,,2026-09-07T07:39:43Z
vital_suicide_age_sex,0003411659,1990年,人口動態統計確定数（日本における日本人）,人,1990,男,45～49歳,表章項目=死亡数,死因年次推移分類=Hi16_自殺,1361,,2026-09-07T07:39:43Z
vital_suicide_age_sex,0003411659,1985年,人口動態統計確定数（日本における日本人）,人,1985,男,45～49歳,表章項目=死亡数,死因年次推移分類=Hi16_自殺,1958,,2026-09-07T07:39:43Z
vital_suicide_age_sex,0003411659,1980年,人口動態統計確定数（日本における日本人）,人,1980,男,45～49歳,表章項目=死亡数,死因年次推移分類=Hi16_自殺,1402,,2026-09-07T07:39:43Z
vital_suicide_age_sex,0003411659,1975年,人口動態統計確定数（日本における日本人）,人,1975,男,45～49歳,表章項目=死亡数,死因年次推移分類=Hi16_自殺,989,,2026-09-07T07:39:43Z
vital_suicide_age_sex,0003411659,1970年,人口動態統計確定数（日本における日本人）,人,1970,男,45～49歳,表章項目=死亡数,死因年次推移分類=Hi16_自殺,482,,2026-09-07T07:39:43Z
vital_suicide_age_sex,0003411659,1965年,人口動態統計確定数（日本における日本人）,人,1965,男,45～49歳,表章項目=死亡数,死因年次推移分類=Hi16_自殺,460,,2026-09-07T07:39:43Z
vital_suicide_age_sex,0003411659,1960年,人口動態統計確定数（日本における日本人）,人,1960,男,45～49歳,表章項目=死亡数,死因年次推移分類=Hi16_自殺,534,,2026-09-07T07:39:43Z
vital_suicide_age_sex,0003411659,1955年,人口動態統計確定数（日本における日本人）,人,1955,男,45～49歳,表章項目=死亡数,死因年次推移分類=Hi16_自殺,686,,2026-09-07T07:39:43Z
vital_suicide_age_sex,0003411659,1950年,人口動態統計確定数（日本における日本人）,人,1950,男,45～49歳,表章項目=死亡数,死因年次推移分類=Hi16_自殺,656,,2026-09-07T07:39:43Z
vital_suicide_age_sex,0003411659,2024年,人口動態統計確定数（日本における日本人）,人,2024,女,45～49歳,表章項目=死亡数,死因年次推移分類=Hi16_自殺,464,,2026-09-07T07:39:43Z
vital_suicide_age_sex,0003411659,2023年,人口動態統計確定数（日本における日本人）,人,2023,女,45～49歳,表章項目=死亡数,死因年次推移分類=Hi16_自殺,497,,2026-09-07T07:39:43Z
vital_suicide_age_sex,0003411659,2022年,人口動態統計確定数（日本における日本人）,人,2022,女,45～49歳,表章項目=死亡数,死因年次推移分類=Hi16_自殺,572,,2026-09-07T07:39:43Z
vital_suicide_age_sex,0003411659,2021年,人口動態統計確定数（日本における日本人）,人,2021,女,45～49歳,表章項目=死亡数,死因年次推移分類=Hi16_自殺,571,,2026-09-07T07:39:43Z
vital_suicide_age_sex,0003411659,2020年,人口動態統計確定数（日本における日本人）,人,2020,女,45～49歳,表章項目=死亡数,死因年次推移分類=Hi16_自殺,582,,2026-09-07T07:39:43Z
vital_suicide_age_sex,0003411659,2019年,人口動態統計確定数（日本における日本人）,人,2019,女,45～49歳,表章項目=死亡数,死因年次推移分類=Hi16_自殺,506,,2026-09-07T07:39:43Z
vital_suicide_age_sex,0003411659,2018年,人口動態統計確定数（日本における日本人）,人,2018,女,45～49歳,表章項目=死亡数,死因年次推移分類=Hi16_自殺,521,,2026-09-07T07:39:43Z
vital_suicide_age_sex,0003411659,2017年,人口動態統計確定数（日本における日本人）,人,2017,女,45～49歳,表章項目=死亡数,死因年次推移分類=Hi16_自殺,494,,2026-09-07T07:39:43Z
vital_suicide_age_sex,0003411659,2016年,人口動態統計確定数（日本における日本人）,人,2016,女,45～49歳,表章項目=死亡数,死因年次推移分類=Hi16_自殺,488,,2026-09-07T07:39:43Z
vital_suicide_age_sex,0003411659,2015年,人口動態統計確定数（日本における日本人）,人,2015,女,45～49歳,表章項目=死亡数,死因年次推移分類=Hi16_自殺,555,,2026-09-07T07:39:43Z
vital_suicide_age_sex,0003411659,2014年,人口動態統計確定数（日本における日本人）,人,2014,女,45～49歳,表章項目=死亡数,死因年次推移分類=Hi16_自殺,581,,2026-09-07T07:39:43Z
vital_suicide_age_sex,0003411659,2013年,人口動態統計確定数（日本における日本人）,人,2013,女,45～49歳,表章項目=死亡数,死因年次推移分類=Hi16_自殺,584,,2026-09-07T07:39:43Z
vital_suicide_age_sex,0003411659,2010年,人口動態統計確定数（日本における日本人）,人,2010,女,45～49歳,表章項目=死亡数,死因年次推移分類=Hi16_自殺,603,,2026-09-07T07:39:43Z
vital_suicide_age_sex,0003411659,2005年,人口動態統計確定数（日本における日本人）,人,2005,女,45～49歳,表章項目=死亡数,死因年次推移分類=Hi16_自殺,477,,2026-09-07T07:39:43Z
vital_suicide_age_sex,0003411659,2000年,人口動態統計確定数（日本における日本人）,人,2000,女,45～49歳,表章項目=死亡数,死因年次推移分類=Hi16_自殺,538,,2026-09-07T07:39:43Z
vital_suicide_age_sex,0003411659,1995年,人口動態統計確定数（日本における日本人）,人,1995,女,45～49歳,表章項目=死亡数,死因年次推移分類=Hi16_自殺,568,,2026-09-07T07:39:43Z
vital_suicide_age_sex,0003411659,1990年,人口動態統計確定数（日本における日本人）,人,1990,女,45～49歳,表章項目=死亡数,死因年次推移分類=Hi16_自殺,620,,2026-09-07T07:39:43Z
vital_suicide_age_sex,0003411659,1985年,人口動態統計確定数（日本における日本人）,人,1985,女,45～49歳,表章項目=死亡数,死因年次推移分類=Hi16_自殺,656,,2026-09-07T07:39:43Z
vital_suicide_age_sex,0003411659,1980年,人口動態統計確定数（日本における日本人）,人,1980,女,45～49歳,表章項目=死亡数,死因年次推移分類=Hi16_自殺,581,,2026-09-07T07:39:43Z
vital_suicide_age_sex,0003411659,1975年,人口動態統計確定数（日本における日本人）,人,1975,女,45～49歳,表章項目=死亡数,死因年次推移分類=Hi16_自殺,511,,2026-09-07T07:39:43Z
vital_suicide_age_sex,0003411659,1970年,人口動態統計確定数（日本における日本人）,人,1970,女,45～49歳,表章項目=死亡数,死因年次推移分類=Hi16_自殺,387,,2026-09-07T07:39:43Z
vital_suicide_age_sex,0003411659,1965年,人口動態統計確定数（日本における日本人）,人,1965,女,45～49歳,表章項目=死亡数,死因年次推移分類=Hi16_自殺,304,,2026-09-07T07:39:43Z
vital_suicide_age_sex,0003411659,1960年,人口動態統計確定数（日本における日本人）,人,1960,女,45～49歳,表章項目=死亡数,死因年次推移分類=Hi16_自殺,420,,2026-09-07T07:39:43Z
vital_suicide_age_sex,0003411659,1955年,人口動態統計確定数（日本における日本人）,人,1955,女,45～49歳,表章項目=死亡数,死因年次推移分類=Hi16_自殺,369,,2026-09-07T07:39:43Z
vital_suicide_age_sex,0003411659,1950年,人口動態統計確定数（日本における日本人）,人,1950,女,45～49歳,表章項目=死亡数,死因年次推移分類=Hi16_自殺,377,,2026-09-07T07:39:43Z
vital_suicide_age_sex,0003411659,2024年,人口動態統計確定数（日本における日本人）,人,2024,総数,50～54歳,表章項目=死亡数,死因年次推移分類=Hi16_自殺,1985,,2026-09-07T07:39:43Z
vital_suicide_age_sex,0003411659,2023年,人口動態統計確定数（日本における日本人）,人,2023,総数,50～54歳,表章項目=死亡数,死因年次推移分類=Hi16_自殺,2217,,2026-09-07T07:39:43Z
vital_suicide_age_sex,0003411659,2022年,人口動態統計確定数（日本における日本人）,人,2022,総数,50～54歳,表章項目=死亡数,死因年次推移分類=Hi16_自殺,2162,,2026-09-07T07:39:43Z
vital_suicide_age_sex,0003411659,2021年,人口動態統計確定数（日本における日本人）,人,2021,総数,50～54歳,表章項目=死亡数,死因年次推移分類=Hi16_自殺,1852,,2026-09-07T07:39:43Z
vital_suicide_age_sex,0003411659,2020年,人口動態統計確定数（日本における日本人）,人,2020,総数,50～54歳,表章項目=死亡数,死因年次推移分類=Hi16_自殺,1746,,2026-09-07T07:39:43Z
vital_suicide_age_sex,0003411659,2019年,人口動態統計確定数（日本における日本人）,人,2019,総数,50～54歳,表章項目=死亡数,死因年次推移分類=Hi16_自殺,1748,,2026-09-07T07:39:43Z
vital_suicide_age_sex,0003411659,2018年,人口動態統計確定数（日本における日本人）,人,2018,総数,50～54歳,表章項目=死亡数,死因年次推移分類=Hi16_自殺,1854,,2026-09-07T07:39:43Z
vital_suicide_age_sex,0003411659,2017年,人口動態統計確定数（日本における日本人）,人,2017,総数,50～54歳,表章項目=死亡数,死因年次推移分類=Hi16_自殺,1830,,2026-09-07T07:39:43Z
vital_suicide_age_sex,0003411659,2016年,人口動態統計確定数（日本における日本人）,人,2016,総数,50～54歳,表章項目=死亡数,死因年次推移分類=Hi16_自殺,1853,,2026-09-07T07:39:43Z
vital_suicide_age_sex,0003411659,2015年,人口動態統計確定数（日本における日本人）,人,2015,総数,50～54歳,表章項目=死亡数,死因年次推移分類=Hi16_自殺,2008,,2026-09-07T07:39:43Z
vital_suicide_age_sex,0003411659,2014年,人口動態統計確定数（日本における日本人）,人,2014,総数,50～54歳,表章項目=死亡数,死因年次推移分類=Hi16_自殺,2015,,2026-09-07T07:39:43Z
vital_suicide_age_sex,0003411659,2013年,人口動態統計確定数（日本における日本人）,人,2013,総数,50～54歳,表章項目=死亡数,死因年次推移分類=Hi16_自殺,2211,,2026-09-07T07:39:43Z
vital_suicide_age_sex,0003411659,2010年,人口動態統計確定数（日本における日本人）,人,2010,総数,50～54歳,表章項目=死亡数,死因年次推移分類=Hi16_自殺,2615,,2026-09-07T07:39:43Z
vital_suicide_age_sex,0003411659,2005年,人口動態統計確定数（日本における日本人）,人,2005,総数,50～54歳,表章項目=死亡数,死因年次推移分類=Hi16_自殺,3208,,2026-09-07T07:39:43Z
vital_suicide_age_sex,0003411659,2000年,人口動態統計確定数（日本における日本人）,人,2000,総数,50～54歳,表章項目=死亡数,死因年次推移分類=Hi16_自殺,3934,,2026-09-07T07:39:43Z
vital_suicide_age_sex,0003411659,1995年,人口動態統計確定数（日本における日本人）,人,1995,総数,50～54歳,表章項目=死亡数,死因年次推移分類=Hi16_自殺,2539,,2026-09-07T07:39:43Z
vital_suicide_age_sex,0003411659,1990年,人口動態統計確定数（日本における日本人）,人,1990,総数,50～54歳,表章項目=死亡数,死因年次推移分類=Hi16_自殺,2019,,2026-09-07T07:39:43Z
vital_suicide_age_sex,0003411659,1985年,人口動態統計確定数（日本における日本人）,人,1985,総数,50～54歳,表章項目=死亡数,死因年次推移分類=Hi16_自殺,2740,,2026-09-07T07:39:43Z
vital_suicide_age_sex,0003411659,1980年,人口動態統計確定数（日本における日本人）,人,1980,総数,50～54歳,表章項目=死亡数,死因年次推移分類=Hi16_自殺,1695,,2026-09-07T07:39:43Z
vital_suicide_age_sex,0003411659,1975年,人口動態統計確定数（日本における日本人）,人,1975,総数,50～54歳,表章項目=死亡数,死因年次推移分類=Hi16_自殺,1195,,2026-09-07T07:39:43Z
vital_suicide_age_sex,0003411659,1970年,人口動態統計確定数（日本における日本人）,人,1970,総数,50～54歳,表章項目=死亡数,死因年次推移分類=Hi16_自殺,894,,2026-09-07T07:39:43Z
vital_suicide_age_sex,0003411659,1965年,人口動態統計確定数（日本における日本人）,人,1965,総数,50～54歳,表章項目=死亡数,死因年次推移分類=Hi16_自殺,891,,2026-09-07T07:39:43Z
vital_suicide_age_sex,0003411659,1960年,人口動態統計確定数（日本における日本人）,人,1960,総数,50～54歳,表章項目=死亡数,死因年次推移分類=Hi16_自殺,1057,,2026-09-07T07:39:43Z
vital_suicide_age_sex,0003411659,1955年,人口動態統計確定数（日本における日本人）,人,1955,総数,50～54歳,表章項目=死亡数,死因年次推移分類=Hi16_自殺,1082,,2026-09-07T07:39:43Z
vital_suicide_age_sex,0003411659,1950年,人口動態統計確定数（日本における日本人）,人,1950,総数,50～54歳,表章項目=死亡数,死因年次推移分類=Hi16_自殺,1021,,2026-09-07T07:39:43Z
vital_suicide_age_sex,0003411659,2024年,人口動態統計確定数（日本における日本人）,人,2024,男,50～54歳,表章項目=死亡数,死因年次推移分類=Hi16_自殺,1397,,2026-09-07T07:39:43Z
vital_suicide_age_sex,0003411659,2023年,人口動態統計確定数（日本における日本人）,人,2023,男,50～54歳,表章項目=死亡数,死因年次推移分類=Hi16_自殺,1549,,2026-09-07T07:39:43Z
vital_suicide_age_sex,0003411659,2022年,人口動態統計確定数（日本における日本人）,人,2022,男,50～54歳,表章項目=死亡数,死因年次推移分類=Hi16_自殺,1516,,2026-09-07T07:39:43Z
vital_suicide_age_sex,0003411659,2021年,人口動態統計確定数（日本における日本人）,人,2021,男,50～54歳,表章項目=死亡数,死因年次推移分類=Hi16_自殺,1276,,2026-09-07T07:39:43Z
vital_suicide_age_sex,0003411659,2020年,人口動態統計確定数（日本における日本人）,人,2020,男,50～54歳,表章項目=死亡数,死因年次推移分類=Hi16_自殺,1201,,2026-09-07T07:39:43Z
vital_suicide_age_sex,0003411659,2019年,人口動態統計確定数（日本における日本人）,人,2019,男,50～54歳,表章項目=死亡数,死因年次推移分類=Hi16_自殺,1264,,2026-09-07T07:39:43Z
vital_suicide_age_sex,0003411659,2018年,人口動態統計確定数（日本における日本人）,人,2018,男,50～54歳,表章項目=死亡数,死因年次推移分類=Hi16_自殺,1319,,2026-09-07T07:39:43Z
vital_suicide_age_sex,0003411659,2017年,人口動態統計確定数（日本における日本人）,人,2017,男,50～54歳,表章項目=死亡数,死因年次推移分類=Hi16_自殺,1317,,2026-09-07T07:39:43Z
vital_suicide_age_sex,0003411659,2016年,人口動態統計確定数（日本における日本人）,人,2016,男,50～54歳,表章項目=死亡数,死因年次推移分類=Hi16_自殺,1353,,2026-09-07T07:39:43Z
vital_suicide_age_sex,0003411659,2015年,人口動態統計確定数（日本における日本人）,人,2015,男,50～54歳,表章項目=死亡数,死因年次推移分類=Hi16_自殺,1474,,2026-09-07T07:39:43Z
vital_suicide_age_sex,0003411659,2014年,人口動態統計確定数（日本における日本人）,人,2014,男,50～54歳,表章項目=死亡数,死因年次推移分類=Hi16_自殺,1496,,2026-09-07T07:39:43Z
vital_suicide_age_sex,0003411659,2013年,人口動態統計確定数（日本における日本人）,人,2013,男,50～54歳,表章項目=死亡数,死因年次推移分類=Hi16_自殺,1656,,2026-09-07T07:39:43Z
vital_suicide_age_sex,0003411659,2010年,人口動態統計確定数（日本における日本人）,人,2010,男,50～54歳,表章項目=死亡数,死因年次推移分類=Hi16_自殺,2011,,2026-09-07T07:39:43Z
vital_suicide_age_sex,0003411659,2005年,人口動態統計確定数（日本における日本人）,人,2005,男,50～54歳,表章項目=死亡数,死因年次推移分類=Hi16_自殺,2584,,2026-09-07T07:39:43Z
vital_suicide_age_sex,0003411659,2000年,人口動態統計確定数（日本における日本人）,人,2000,男,50～54歳,表章項目=死亡数,死因年次推移分類=Hi16_自殺,3086,,2026-09-07T07:39:43Z
vital_suicide_age_sex,0003411659,1995年,人口動態統計確定数（日本における日本人）,人,1995,男,50～54歳,表章項目=死亡数,死因年次推移分類=Hi16_自殺,1830,,2026-09-07T07:39:43Z
vital_suicide_age_sex,0003411659,1990年,人口動態統計確定数（日本における日本人）,人,1990,男,50～54歳,表章項目=死亡数,死因年次推移分類=Hi16_自殺,1349,,2026-09-07T07:39:43Z
vital_suicide_age_sex,0003411659,1985年,人口動態統計確定数（日本における日本人）,人,1985,男,50～54歳,表章項目=死亡数,死因年次推移分類=Hi16_自殺,1989,,2026-09-07T07:39:43Z
vital_suicide_age_sex,0003411659,1980年,人口動態統計確定数（日本における日本人）,人,1980,男,50～54歳,表章項目=死亡数,死因年次推移分類=Hi16_自殺,1113,,2026-09-07T07:39:43Z
vital_suicide_age_sex,0003411659,1975年,人口動態統計確定数（日本における日本人）,人,1975,男,50～54歳,表章項目=死亡数,死因年次推移分類=Hi16_自殺,677,,2026-09-07T07:39:43Z
vital_suicide_age_sex,0003411659,1970年,人口動態統計確定数（日本における日本人）,人,1970,男,50～54歳,表章項目=死亡数,死因年次推移分類=Hi16_自殺,490,,2026-09-07T07:39:43Z
vital_suicide_age_sex,0003411659,1965年,人口動態統計確定数（日本における日本人）,人,1965,男,50～54歳,表章項目=死亡数,死因年次推移分類=Hi16_自殺,518,,2026-09-07T07:39:43Z
vital_suicide_age_sex,0003411659,1960年,人口動態統計確定数（日本における日本人）,人,1960,男,50～54歳,表章項目=死亡数,死因年次推移分類=Hi16_自殺,640,,2026-09-07T07:39:43Z
vital_suicide_age_sex,0003411659,1955年,人口動態統計確定数（日本における日本人）,人,1955,男,50～54歳,表章項目=死亡数,死因年次推移分類=Hi16_自殺,725,,2026-09-07T07:39:43Z
vital_suicide_age_sex,0003411659,1950年,人口動態統計確定数（日本における日本人）,人,1950,男,50～54歳,表章項目=死亡数,死因年次推移分類=Hi16_自殺,683,,2026-09-07T07:39:43Z
vital_suicide_age_sex,0003411659,2024年,人口動態統計確定数（日本における日本人）,人,2024,女,50～54歳,表章項目=死亡数,死因年次推移分類=Hi16_自殺,588,,2026-09-07T07:39:43Z
vital_suicide_age_sex,0003411659,2023年,人口動態統計確定数（日本における日本人）,人,2023,女,50～54歳,表章項目=死亡数,死因年次推移分類=Hi16_自殺,668,,2026-09-07T07:39:43Z
vital_suicide_age_sex,0003411659,2022年,人口動態統計確定数（日本における日本人）,人,2022,女,50～54歳,表章項目=死亡数,死因年次推移分類=Hi16_自殺,646,,2026-09-07T07:39:43Z
vital_suicide_age_sex,0003411659,2021年,人口動態統計確定数（日本における日本人）,人,2021,女,50～54歳,表章項目=死亡数,死因年次推移分類=Hi16_自殺,576,,2026-09-07T07:39:43Z
vital_suicide_age_sex,0003411659,2020年,人口動態統計確定数（日本における日本人）,人,2020,女,50～54歳,表章項目=死亡数,死因年次推移分類=Hi16_自殺,545,,2026-09-07T07:39:43Z
vital_suicide_age_sex,0003411659,2019年,人口動態統計確定数（日本における日本人）,人,2019,女,50～54歳,表章項目=死亡数,死因年次推移分類=Hi16_自殺,484,,2026-09-07T07:39:43Z
vital_suicide_age_sex,0003411659,2018年,人口動態統計確定数（日本における日本人）,人,2018,女,50～54歳,表章項目=死亡数,死因年次推移分類=Hi16_自殺,535,,2026-09-07T07:39:43Z
vital_suicide_age_sex,0003411659,2017年,人口動態統計確定数（日本における日本人）,人,2017,女,50～54歳,表章項目=死亡数,死因年次推移分類=Hi16_自殺,513,,2026-09-07T07:39:43Z
vital_suicide_age_sex,0003411659,2016年,人口動態統計確定数（日本における日本人）,人,2016,女,50～54歳,表章項目=死亡数,死因年次推移分類=Hi16_自殺,500,,2026-09-07T07:39:43Z
vital_suicide_age_sex,0003411659,2015年,人口動態統計確定数（日本における日本人）,人,2015,女,50～54歳,表章項目=死亡数,死因年次推移分類=Hi16_自殺,534,,2026-09-07T07:39:43Z
vital_suicide_age_sex,0003411659,2014年,人口動態統計確定数（日本における日本人）,人,2014,女,50～54歳,表章項目=死亡数,死因年次推移分類=Hi16_自殺,519,,2026-09-07T07:39:43Z
vital_suicide_age_sex,0003411659,2013年,人口動態統計確定数（日本における日本人）,人,2013,女,50～54歳,表章項目=死亡数,死因年次推移分類=Hi16_自殺,555,,2026-09-07T07:39:43Z
vital_suicide_age_sex,0003411659,2010年,人口動態統計確定数（日本における日本人）,人,2010,女,50～54歳,表章項目=死亡数,死因年次推移分類=Hi16_自殺,604,,2026-09-07T07:39:43Z
vital_suicide_age_sex,0003411659,2005年,人口動態統計確定数（日本における日本人）,人,2005,女,50～54歳,表章項目=死亡数,死因年次推移分類=Hi16_自殺,624,,2026-09-07T07:39:43Z
vital_suicide_age_sex,0003411659,2000年,人口動態統計確定数（日本における日本人）,人,2000,女,50～54歳,表章項目=死亡数,死因年次推移分類=Hi16_自殺,848,,2026-09-07T07:39:43Z
vital_suicide_age_sex,0003411659,1995年,人口動態統計確定数（日本における日本人）,人,1995,女,50～54歳,表章項目=死亡数,死因年次推移分類=Hi16_自殺,709,,2026-09-07T07:39:43Z
vital_suicide_age_sex,0003411659,1990年,人口動態統計確定数（日本における日本人）,人,1990,女,50～54歳,表章項目=死亡数,死因年次推移分類=Hi16_自殺,670,,2026-09-07T07:39:43Z
vital_suicide_age_sex,0003411659,1985年,人口動態統計確定数（日本における日本人）,人,1985,女,50～54歳,表章項目=死亡数,死因年次推移分類=Hi16_自殺,751,,2026-09-07T07:39:43Z
vital_suicide_age_sex,0003411659,1980年,人口動態統計確定数（日本における日本人）,人,1980,女,50～54歳,表章項目=死亡数,死因年次推移分類=Hi16_自殺,582,,2026-09-07T07:39:43Z
vital_suicide_age_sex,0003411659,1975年,人口動態統計確定数（日本における日本人）,人,1975,女,50～54歳,表章項目=死亡数,死因年次推移分類=Hi16_自殺,518,,2026-09-07T07:39:43Z
vital_suicide_age_sex,0003411659,1970年,人口動態統計確定数（日本における日本人）,人,1970,女,50～54歳,表章項目=死亡数,死因年次推移分類=Hi16_自殺,404,,2026-09-07T07:39:43Z
vital_suicide_age_sex,0003411659,1965年,人口動態統計確定数（日本における日本人）,人,1965,女,50～54歳,表章項目=死亡数,死因年次推移分類=Hi16_自殺,373,,2026-09-07T07:39:43Z
vital_suicide_age_sex,0003411659,1960年,人口動態統計確定数（日本における日本人）,人,1960,女,50～54歳,表章項目=死亡数,死因年次推移分類=Hi16_自殺,417,,2026-09-07T07:39:43Z
vital_suicide_age_sex,0003411659,1955年,人口動態統計確定数（日本における日本人）,人,1955,女,50～54歳,表章項目=死亡数,死因年次推移分類=Hi16_自殺,357,,2026-09-07T07:39:43Z
vital_suicide_age_sex,0003411659,1950年,人口動態統計確定数（日本における日本人）,人,1950,女,50～54歳,表章項目=死亡数,死因年次推移分類=Hi16_自殺,338,,2026-09-07T07:39:43Z
vital_suicide_age_sex,0003411659,2024年,人口動態統計確定数（日本における日本人）,人,2024,総数,55～59歳,表章項目=死亡数,死因年次推移分類=Hi16_自殺,1718,,2026-09-07T07:39:43Z
vital_suicide_age_sex,0003411659,2023年,人口動態統計確定数（日本における日本人）,人,2023,総数,55～59歳,表章項目=死亡数,死因年次推移分類=Hi16_自殺,1851,,2026-09-07T07:39:43Z
vital_suicide_age_sex,0003411659,2022年,人口動態統計確定数（日本における日本人）,人,2022,総数,55～59歳,表章項目=死亡数,死因年次推移分類=Hi16_自殺,1808,,2026-09-07T07:39:43Z
vital_suicide_age_sex,0003411659,2021年,人口動態統計確定数（日本における日本人）,人,2021,総数,55～59歳,表章項目=死亡数,死因年次推移分類=Hi16_自殺,1645,,2026-09-07T07:39:43Z
vital_suicide_age_sex,0003411659,2020年,人口動態統計確定数（日本における日本人）,人,2020,総数,55～59歳,表章項目=死亡数,死因年次推移分類=Hi16_自殺,1575,,2026-09-07T07:39:43Z
vital_suicide_age_sex,0003411659,2019年,人口動態統計確定数（日本における日本人）,人,2019,総数,55～59歳,表章項目=死亡数,死因年次推移分類=Hi16_自殺,1562,,2026-09-07T07:39:43Z
vital_suicide_age_sex,0003411659,2018年,人口動態統計確定数（日本における日本人）,人,2018,総数,55～59歳,表章項目=死亡数,死因年次推移分類=Hi16_自殺,1561,,2026-09-07T07:39:43Z
vital_suicide_age_sex,0003411659,2017年,人口動態統計確定数（日本における日本人）,人,2017,総数,55～59歳,表章項目=死亡数,死因年次推移分類=Hi16_自殺,1643,,2026-09-07T07:39:43Z
vital_suicide_age_sex,0003411659,2016年,人口動態統計確定数（日本における日本人）,人,2016,総数,55～59歳,表章項目=死亡数,死因年次推移分類=Hi16_自殺,1684,,2026-09-07T07:39:43Z
vital_suicide_age_sex,0003411659,2015年,人口動態統計確定数（日本における日本人）,人,2015,総数,55～59歳,表章項目=死亡数,死因年次推移分類=Hi16_自殺,1822,,2026-09-07T07:39:43Z
vital_suicide_age_sex,0003411659,2014年,人口動態統計確定数（日本における日本人）,人,2014,総数,55～59歳,表章項目=死亡数,死因年次推移分類=Hi16_自殺,1995,,2026-09-07T07:39:43Z
vital_suicide_age_sex,0003411659,2013年,人口動態統計確定数（日本における日本人）,人,2013,総数,55～59歳,表章項目=死亡数,死因年次推移分類=Hi16_自殺,2049,,2026-09-07T07:39:43Z
vital_suicide_age_sex,0003411659,2010年,人口動態統計確定数（日本における日本人）,人,2010,総数,55～59歳,表章項目=死亡数,死因年次推移分類=Hi16_自殺,2940,,2026-09-07T07:39:43Z
vital_suicide_age_sex,0003411659,2005年,人口動態統計確定数（日本における日本人）,人,2005,総数,55～59歳,表章項目=死亡数,死因年次推移分類=Hi16_自殺,3917,,2026-09-07T07:39:43Z
vital_suicide_age_sex,0003411659,2000年,人口動態統計確定数（日本における日本人）,人,2000,総数,55～59歳,表章項目=死亡数,死因年次推移分類=Hi16_自殺,3915,,2026-09-07T07:39:43Z
vital_suicide_age_sex,0003411659,1995年,人口動態統計確定数（日本における日本人）,人,1995,総数,55～59歳,表章項目=死亡数,死因年次推移分類=Hi16_自殺,2228,,2026-09-07T07:39:43Z
vital_suicide_age_sex,0003411659,1990年,人口動態統計確定数（日本における日本人）,人,1990,総数,55～59歳,表章項目=死亡数,死因年次推移分類=Hi16_自殺,1937,,2026-09-07T07:39:43Z
vital_suicide_age_sex,0003411659,1985年,人口動態統計確定数（日本における日本人）,人,1985,総数,55～59歳,表章項目=死亡数,死因年次推移分類=Hi16_自殺,2125,,2026-09-07T07:39:43Z
vital_suicide_age_sex,0003411659,1980年,人口動態統計確定数（日本における日本人）,人,1980,総数,55～59歳,表章項目=死亡数,死因年次推移分類=Hi16_自殺,1341,,2026-09-07T07:39:43Z
vital_suicide_age_sex,0003411659,1975年,人口動態統計確定数（日本における日本人）,人,1975,総数,55～59歳,表章項目=死亡数,死因年次推移分類=Hi16_自殺,1080,,2026-09-07T07:39:43Z
vital_suicide_age_sex,0003411659,1970年,人口動態統計確定数（日本における日本人）,人,1970,総数,55～59歳,表章項目=死亡数,死因年次推移分類=Hi16_自殺,1052,,2026-09-07T07:39:43Z
vital_suicide_age_sex,0003411659,1965年,人口動態統計確定数（日本における日本人）,人,1965,総数,55～59歳,表章項目=死亡数,死因年次推移分類=Hi16_自殺,962,,2026-09-07T07:39:43Z
vital_suicide_age_sex,0003411659,1960年,人口動態統計確定数（日本における日本人）,人,1960,総数,55～59歳,表章項目=死亡数,死因年次推移分類=Hi16_自殺,1087,,2026-09-07T07:39:43Z
vital_suicide_age_sex,0003411659,1955年,人口動態統計確定数（日本における日本人）,人,1955,総数,55～59歳,表章項目=死亡数,死因年次推移分類=Hi16_自殺,1128,,2026-09-07T07:39:43Z
vital_suicide_age_sex,0003411659,1950年,人口動態統計確定数（日本における日本人）,人,1950,総数,55～59歳,表章項目=死亡数,死因年次推移分類=Hi16_自殺,1103,,2026-09-07T07:39:43Z
vital_suicide_age_sex,0003411659,2024年,人口動態統計確定数（日本における日本人）,人,2024,男,55～59歳,表章項目=死亡数,死因年次推移分類=Hi16_自殺,1223,,2026-09-07T07:39:43Z
vital_suicide_age_sex,0003411659,2023年,人口動態統計確定数（日本における日本人）,人,2023,男,55～59歳,表章項目=死亡数,死因年次推移分類=Hi16_自殺,1309,,2026-09-07T07:39:43Z
vital_suicide_age_sex,0003411659,2022年,人口動態統計確定数（日本における日本人）,人,2022,男,55～59歳,表章項目=死亡数,死因年次推移分類=Hi16_自殺,1260,,2026-09-07T07:39:43Z
vital_suicide_age_sex,0003411659,2021年,人口動態統計確定数（日本における日本人）,人,2021,男,55～59歳,表章項目=死亡数,死因年次推移分類=Hi16_自殺,1140,,2026-09-07T07:39:43Z
vital_suicide_age_sex,0003411659,2020年,人口動態統計確定数（日本における日本人）,人,2020,男,55～59歳,表章項目=死亡数,死因年次推移分類=Hi16_自殺,1106,,2026-09-07T07:39:43Z
vital_suicide_age_sex,0003411659,2019年,人口動態統計確定数（日本における日本人）,人,2019,男,55～59歳,表章項目=死亡数,死因年次推移分類=Hi16_自殺,1163,,2026-09-07T07:39:43Z
vital_suicide_age_sex,0003411659,2018年,人口動態統計確定数（日本における日本人）,人,2018,男,55～59歳,表章項目=死亡数,死因年次推移分類=Hi16_自殺,1142,,2026-09-07T07:39:43Z
vital_suicide_age_sex,0003411659,2017年,人口動態統計確定数（日本における日本人）,人,2017,男,55～59歳,表章項目=死亡数,死因年次推移分類=Hi16_自殺,1206,,2026-09-07T07:39:43Z
vital_suicide_age_sex,0003411659,2016年,人口動態統計確定数（日本における日本人）,人,2016,男,55～59歳,表章項目=死亡数,死因年次推移分類=Hi16_自殺,1219,,2026-09-07T07:39:43Z
vital_suicide_age_sex,0003411659,2015年,人口動態統計確定数（日本における日本人）,人,2015,男,55～59歳,表章項目=死亡数,死因年次推移分類=Hi16_自殺,1339,,2026-09-07T07:39:43Z
vital_suicide_age_sex,0003411659,2014年,人口動態統計確定数（日本における日本人）,人,2014,男,55～59歳,表章項目=死亡数,死因年次推移分類=Hi16_自殺,1464,,2026-09-07T07:39:43Z
vital_suicide_age_sex,0003411659,2013年,人口動態統計確定数（日本における日本人）,人,2013,男,55～59歳,表章項目=死亡数,死因年次推移分類=Hi16_自殺,1521,,2026-09-07T07:39:43Z
vital_suicide_age_sex,0003411659,2010年,人口動態統計確定数（日本における日本人）,人,2010,男,55～59歳,表章項目=死亡数,死因年次推移分類=Hi16_自殺,2306,,2026-09-07T07:39:43Z
vital_suicide_age_sex,0003411659,2005年,人口動態統計確定数（日本における日本人）,人,2005,男,55～59歳,表章項目=死亡数,死因年次推移分類=Hi16_自殺,3104,,2026-09-07T07:39:43Z
vital_suicide_age_sex,0003411659,2000年,人口動態統計確定数（日本における日本人）,人,2000,男,55～59歳,表章項目=死亡数,死因年次推移分類=Hi16_自殺,3101,,2026-09-07T07:39:43Z
vital_suicide_age_sex,0003411659,1995年,人口動態統計確定数（日本における日本人）,人,1995,男,55～59歳,表章項目=死亡数,死因年次推移分類=Hi16_自殺,1598,,2026-09-07T07:39:43Z
vital_suicide_age_sex,0003411659,1990年,人口動態統計確定数（日本における日本人）,人,1990,男,55～59歳,表章項目=死亡数,死因年次推移分類=Hi16_自殺,1277,,2026-09-07T07:39:43Z
vital_suicide_age_sex,0003411659,1985年,人口動態統計確定数（日本における日本人）,人,1985,男,55～59歳,表章項目=死亡数,死因年次推移分類=Hi16_自殺,1509,,2026-09-07T07:39:43Z
vital_suicide_age_sex,0003411659,1980年,人口動態統計確定数（日本における日本人）,人,1980,男,55～59歳,表章項目=死亡数,死因年次推移分類=Hi16_自殺,810,,2026-09-07T07:39:43Z
vital_suicide_age_sex,0003411659,1975年,人口動態統計確定数（日本における日本人）,人,1975,男,55～59歳,表章項目=死亡数,死因年次推移分類=Hi16_自殺,612,,2026-09-07T07:39:43Z
vital_suicide_age_sex,0003411659,1970年,人口動態統計確定数（日本における日本人）,人,1970,男,55～59歳,表章項目=死亡数,死因年次推移分類=Hi16_自殺,602,,2026-09-07T07:39:43Z
vital_suicide_age_sex,0003411659,1965年,人口動態統計確定数（日本における日本人）,人,1965,男,55～59歳,表章項目=死亡数,死因年次推移分類=Hi16_自殺,631,,2026-09-07T07:39:43Z
vital_suicide_age_sex,0003411659,1960年,人口動態統計確定数（日本における日本人）,人,1960,男,55～59歳,表章項目=死亡数,死因年次推移分類=Hi16_自殺,707,,2026-09-07T07:39:43Z
vital_suicide_age_sex,0003411659,1955年,人口動態統計確定数（日本における日本人）,人,1955,男,55～59歳,表章項目=死亡数,死因年次推移分類=Hi16_自殺,768,,2026-09-07T07:39:43Z
vital_suicide_age_sex,0003411659,1950年,人口動態統計確定数（日本における日本人）,人,1950,男,55～59歳,表章項目=死亡数,死因年次推移分類=Hi16_自殺,773,,2026-09-07T07:39:43Z
vital_suicide_age_sex,0003411659,2024年,人口動態統計確定数（日本における日本人）,人,2024,女,55～59歳,表章項目=死亡数,死因年次推移分類=Hi16_自殺,495,,2026-09-07T07:39:43Z
vital_suicide_age_sex,0003411659,2023年,人口動態統計確定数（日本における日本人）,人,2023,女,55～59歳,表章項目=死亡数,死因年次推移分類=Hi16_自殺,542,,2026-09-07T07:39:43Z
vital_suicide_age_sex,0003411659,2022年,人口動態統計確定数（日本における日本人）,人,2022,女,55～59歳,表章項目=死亡数,死因年次推移分類=Hi16_自殺,548,,2026-09-07T07:39:43Z
vital_suicide_age_sex,0003411659,2021年,人口動態統計確定数（日本における日本人）,人,2021,女,55～59歳,表章項目=死亡数,死因年次推移分類=Hi16_自殺,505,,2026-09-07T07:39:43Z
vital_suicide_age_sex,0003411659,2020年,人口動態統計確定数（日本における日本人）,人,2020,女,55～59歳,表章項目=死亡数,死因年次推移分類=Hi16_自殺,469,,2026-09-07T07:39:43Z
vital_suicide_age_sex,0003411659,2019年,人口動態統計確定数（日本における日本人）,人,2019,女,55～59歳,表章項目=死亡数,死因年次推移分類=Hi16_自殺,399,,2026-09-07T07:39:43Z
vital_suicide_age_sex,0003411659,2018年,人口動態統計確定数（日本における日本人）,人,2018,女,55～59歳,表章項目=死亡数,死因年次推移分類=Hi16_自殺,419,,2026-09-07T07:39:43Z
vital_suicide_age_sex,0003411659,2017年,人口動態統計確定数（日本における日本人）,人,2017,女,55～59歳,表章項目=死亡数,死因年次推移分類=Hi16_自殺,437,,2026-09-07T07:39:43Z
vital_suicide_age_sex,0003411659,2016年,人口動態統計確定数（日本における日本人）,人,2016,女,55～59歳,表章項目=死亡数,死因年次推移分類=Hi16_自殺,465,,2026-09-07T07:39:43Z
vital_suicide_age_sex,0003411659,2015年,人口動態統計確定数（日本における日本人）,人,2015,女,55～59歳,表章項目=死亡数,死因年次推移分類=Hi16_自殺,483,,2026-09-07T07:39:43Z
vital_suicide_age_sex,0003411659,2014年,人口動態統計確定数（日本における日本人）,人,2014,女,55～59歳,表章項目=死亡数,死因年次推移分類=Hi16_自殺,531,,2026-09-07T07:39:43Z
vital_suicide_age_sex,0003411659,2013年,人口動態統計確定数（日本における日本人）,人,2013,女,55～59歳,表章項目=死亡数,死因年次推移分類=Hi16_自殺,528,,2026-09-07T07:39:43Z
vital_suicide_age_sex,0003411659,2010年,人口動態統計確定数（日本における日本人）,人,2010,女,55～59歳,表章項目=死亡数,死因年次推移分類=Hi16_自殺,634,,2026-09-07T07:39:43Z
vital_suicide_age_sex,0003411659,2005年,人口動態統計確定数（日本における日本人）,人,2005,女,55～59歳,表章項目=死亡数,死因年次推移分類=Hi16_自殺,813,,2026-09-07T07:39:43Z
vital_suicide_age_sex,0003411659,2000年,人口動態統計確定数（日本における日本人）,人,2000,女,55～59歳,表章項目=死亡数,死因年次推移分類=Hi16_自殺,814,,2026-09-07T07:39:43Z
vital_suicide_age_sex,0003411659,1995年,人口動態統計確定数（日本における日本人）,人,1995,女,55～59歳,表章項目=死亡数,死因年次推移分類=Hi16_自殺,630,,2026-09-07T07:39:43Z
vital_suicide_age_sex,0003411659,1990年,人口動態統計確定数（日本における日本人）,人,1990,女,55～59歳,表章項目=死亡数,死因年次推移分類=Hi16_自殺,660,,2026-09-07T07:39:43Z
vital_suicide_age_sex,0003411659,1985年,人口動態統計確定数（日本における日本人）,人,1985,女,55～59歳,表章項目=死亡数,死因年次推移分類=Hi16_自殺,616,,2026-09-07T07:39:43Z
vital_suicide_age_sex,0003411659,1980年,人口動態統計確定数（日本における日本人）,人,1980,女,55～59歳,表章項目=死亡数,死因年次推移分類=Hi16_自殺,531,,2026-09-07T07:39:43Z
vital_suicide_age_sex,0003411659,1975年,人口動態統計確定数（日本における日本人）,人,1975,女,55～59歳,表章項目=死亡数,死因年次推移分類=Hi16_自殺,468,,2026-09-07T07:39:43Z
vital_suicide_age_sex,0003411659,1970年,人口動態統計確定数（日本における日本人）,人,1970,女,55～59歳,表章項目=死亡数,死因年次推移分類=Hi16_自殺,450,,2026-09-07T07:39:43Z
vital_suicide_age_sex,0003411659,1965年,人口動態統計確定数（日本における日本人）,人,1965,女,55～59歳,表章項目=死亡数,死因年次推移分類=Hi16_自殺,331,,2026-09-07T07:39:43Z
vital_suicide_age_sex,0003411659,1960年,人口動態統計確定数（日本における日本人）,人,1960,女,55～59歳,表章項目=死亡数,死因年次推移分類=Hi16_自殺,380,,2026-09-07T07:39:43Z
vital_suicide_age_sex,0003411659,1955年,人口動態統計確定数（日本における日本人）,人,1955,女,55～59歳,表章項目=死亡数,死因年次推移分類=Hi16_自殺,360,,2026-09-07T07:39:43Z
vital_suicide_age_sex,0003411659,1950年,人口動態統計確定数（日本における日本人）,人,1950,女,55～59歳,表章項目=死亡数,死因年次推移分類=Hi16_自殺,330,,2026-09-07T07:39:43Z
vital_suicide_age_sex,0003411659,2024年,人口動態統計確定数（日本における日本人）,人,2024,総数,60～64歳,表章項目=死亡数,死因年次推移分類=Hi16_自殺,1386,,2026-09-07T07:39:43Z
vital_suicide_age_sex,0003411659,2023年,人口動態統計確定数（日本における日本人）,人,2023,総数,60～64歳,表章項目=死亡数,死因年次推移分類=Hi16_自殺,1457,,2026-09-07T07:39:43Z
vital_suicide_age_sex,0003411659,2022年,人口動態統計確定数（日本における日本人）,人,2022,総数,60～64歳,表章項目=死亡数,死因年次推移分類=Hi16_自殺,1482,,2026-09-07T07:39:43Z
vital_suicide_age_sex,0003411659,2021年,人口動態統計確定数（日本における日本人）,人,2021,総数,60～64歳,表章項目=死亡数,死因年次推移分類=Hi16_自殺,1282,,2026-09-07T07:39:43Z
vital_suicide_age_sex,0003411659,2020年,人口動態統計確定数（日本における日本人）,人,2020,総数,60～64歳,表章項目=死亡数,死因年次推移分類=Hi16_自殺,1387,,2026-09-07T07:39:43Z
vital_suicide_age_sex,0003411659,2019年,人口動態統計確定数（日本における日本人）,人,2019,総数,60～64歳,表章項目=死亡数,死因年次推移分類=Hi16_自殺,1352,,2026-09-07T07:39:43Z
vital_suicide_age_sex,0003411659,2018年,人口動態統計確定数（日本における日本人）,人,2018,総数,60～64歳,表章項目=死亡数,死因年次推移分類=Hi16_自殺,1351,,2026-09-07T07:39:43Z
vital_suicide_age_sex,0003411659,2017年,人口動態統計確定数（日本における日本人）,人,2017,総数,60～64歳,表章項目=死亡数,死因年次推移分類=Hi16_自殺,1418,,2026-09-07T07:39:43Z
vital_suicide_age_sex,0003411659,2016年,人口動態統計確定数（日本における日本人）,人,2016,総数,60～64歳,表章項目=死亡数,死因年次推移分類=Hi16_自殺,1565,,2026-09-07T07:39:43Z
vital_suicide_age_sex,0003411659,2015年,人口動態統計確定数（日本における日本人）,人,2015,総数,60～64歳,表章項目=死亡数,死因年次推移分類=Hi16_自殺,1807,,2026-09-07T07:39:43Z
vital_suicide_age_sex,0003411659,2014年,人口動態統計確定数（日本における日本人）,人,2014,総数,60～64歳,表章項目=死亡数,死因年次推移分類=Hi16_自殺,1995,,2026-09-07T07:39:43Z
vital_suicide_age_sex,0003411659,2013年,人口動態統計確定数（日本における日本人）,人,2013,総数,60～64歳,表章項目=死亡数,死因年次推移分類=Hi16_自殺,2309,,2026-09-07T07:39:43Z
vital_suicide_age_sex,0003411659,2010年,人口動態統計確定数（日本における日本人）,人,2010,総数,60～64歳,表章項目=死亡数,死因年次推移分類=Hi16_自殺,3124,,2026-09-07T07:39:43Z
vital_suicide_age_sex,0003411659,2005年,人口動態統計確定数（日本における日本人）,人,2005,総数,60～64歳,表章項目=死亡数,死因年次推移分類=Hi16_自殺,2905,,2026-09-07T07:39:43Z
vital_suicide_age_sex,0003411659,2000年,人口動態統計確定数（日本における日本人）,人,2000,総数,60～64歳,表章項目=死亡数,死因年次推移分類=Hi16_自殺,2967,,2026-09-07T07:39:43Z
vital_suicide_age_sex,0003411659,1995年,人口動態統計確定数（日本における日本人）,人,1995,総数,60～64歳,表章項目=死亡数,死因年次推移分類=Hi16_自殺,1937,,2026-09-07T07:39:43Z
vital_suicide_age_sex,0003411659,1990年,人口動態統計確定数（日本における日本人）,人,1990,総数,60～64歳,表章項目=死亡数,死因年次推移分類=Hi16_自殺,1651,,2026-09-07T07:39:43Z
vital_suicide_age_sex,0003411659,1985年,人口動態統計確定数（日本における日本人）,人,1985,総数,60～64歳,表章項目=死亡数,死因年次推移分類=Hi16_自殺,1473,,2026-09-07T07:39:43Z
vital_suicide_age_sex,0003411659,1980年,人口動態統計確定数（日本における日本人）,人,1980,総数,60～64歳,表章項目=死亡数,死因年次推移分類=Hi16_自殺,1099,,2026-09-07T07:39:43Z
vital_suicide_age_sex,0003411659,1975年,人口動態統計確定数（日本における日本人）,人,1975,総数,60～64歳,表章項目=死亡数,死因年次推移分類=Hi16_自殺,1263,,2026-09-07T07:39:43Z
vital_suicide_age_sex,0003411659,1970年,人口動態統計確定数（日本における日本人）,人,1970,総数,60～64歳,表章項目=死亡数,死因年次推移分類=Hi16_自殺,1074,,2026-09-07T07:39:43Z
vital_suicide_age_sex,0003411659,1965年,人口動態統計確定数（日本における日本人）,人,1965,総数,60～64歳,表章項目=死亡数,死因年次推移分類=Hi16_自殺,1087,,2026-09-07T07:39:43Z
vital_suicide_age_sex,0003411659,1960年,人口動態統計確定数（日本における日本人）,人,1960,総数,60～64歳,表章項目=死亡数,死因年次推移分類=Hi16_自殺,1151,,2026-09-07T07:39:43Z
vital_suicide_age_sex,0003411659,1955年,人口動態統計確定数（日本における日本人）,人,1955,総数,60～64歳,表章項目=死亡数,死因年次推移分類=Hi16_自殺,1070,,2026-09-07T07:39:43Z
vital_suicide_age_sex,0003411659,1950年,人口動態統計確定数（日本における日本人）,人,1950,総数,60～64歳,表章項目=死亡数,死因年次推移分類=Hi16_自殺,1150,,2026-09-07T07:39:43Z
vital_suicide_age_sex,0003411659,2024年,人口動態統計確定数（日本における日本人）,人,2024,男,60～64歳,表章項目=死亡数,死因年次推移分類=Hi16_自殺,988,,2026-09-07T07:39:43Z
vital_suicide_age_sex,0003411659,2023年,人口動態統計確定数（日本における日本人）,人,2023,男,60～64歳,表章項目=死亡数,死因年次推移分類=Hi16_自殺,1020,,2026-09-07T07:39:43Z
vital_suicide_age_sex,0003411659,2022年,人口動態統計確定数（日本における日本人）,人,2022,男,60～64歳,表章項目=死亡数,死因年次推移分類=Hi16_自殺,1034,,2026-09-07T07:39:43Z
vital_suicide_age_sex,0003411659,2021年,人口動態統計確定数（日本における日本人）,人,2021,男,60～64歳,表章項目=死亡数,死因年次推移分類=Hi16_自殺,860,,2026-09-07T07:39:43Z
vital_suicide_age_sex,0003411659,2020年,人口動態統計確定数（日本における日本人）,人,2020,男,60～64歳,表章項目=死亡数,死因年次推移分類=Hi16_自殺,957,,2026-09-07T07:39:43Z
vital_suicide_age_sex,0003411659,2019年,人口動態統計確定数（日本における日本人）,人,2019,男,60～64歳,表章項目=死亡数,死因年次推移分類=Hi16_自殺,1003,,2026-09-07T07:39:43Z
vital_suicide_age_sex,0003411659,2018年,人口動態統計確定数（日本における日本人）,人,2018,男,60～64歳,表章項目=死亡数,死因年次推移分類=Hi16_自殺,978,,2026-09-07T07:39:43Z
vital_suicide_age_sex,0003411659,2017年,人口動態統計確定数（日本における日本人）,人,2017,男,60～64歳,表章項目=死亡数,死因年次推移分類=Hi16_自殺,1009,,2026-09-07T07:39:43Z
vital_suicide_age_sex,0003411659,2016年,人口動態統計確定数（日本における日本人）,人,2016,男,60～64歳,表章項目=死亡数,死因年次推移分類=Hi16_自殺,1108,,2026-09-07T07:39:43Z
vital_suicide_age_sex,0003411659,2015年,人口動態統計確定数（日本における日本人）,人,2015,男,60～64歳,表章項目=死亡数,死因年次推移分類=Hi16_自殺,1295,,2026-09-07T07:39:43Z
vital_suicide_age_sex,0003411659,2014年,人口動態統計確定数（日本における日本人）,人,2014,男,60～64歳,表章項目=死亡数,死因年次推移分類=Hi16_自殺,1422,,2026-09-07T07:39:43Z
vital_suicide_age_sex,0003411659,2013年,人口動態統計確定数（日本における日本人）,人,2013,男,60～64歳,表章項目=死亡数,死因年次推移分類=Hi16_自殺,1638,,2026-09-07T07:39:43Z
vital_suicide_age_sex,0003411659,2010年,人口動態統計確定数（日本における日本人）,人,2010,男,60～64歳,表章項目=死亡数,死因年次推移分類=Hi16_自殺,2327,,2026-09-07T07:39:43Z
vital_suicide_age_sex,0003411659,2005年,人口動態統計確定数（日本における日本人）,人,2005,男,60～64歳,表章項目=死亡数,死因年次推移分類=Hi16_自殺,2155,,2026-09-07T07:39:43Z
vital_suicide_age_sex,0003411659,2000年,人口動態統計確定数（日本における日本人）,人,2000,男,60～64歳,表章項目=死亡数,死因年次推移分類=Hi16_自殺,2176,,2026-09-07T07:39:43Z
vital_suicide_age_sex,0003411659,1995年,人口動態統計確定数（日本における日本人）,人,1995,男,60～64歳,表章項目=死亡数,死因年次推移分類=Hi16_自殺,1334,,2026-09-07T07:39:43Z
vital_suicide_age_sex,0003411659,1990年,人口動態統計確定数（日本における日本人）,人,1990,男,60～64歳,表章項目=死亡数,死因年次推移分類=Hi16_自殺,1006,,2026-09-07T07:39:43Z
vital_suicide_age_sex,0003411659,1985年,人口動態統計確定数（日本における日本人）,人,1985,男,60～64歳,表章項目=死亡数,死因年次推移分類=Hi16_自殺,867,,2026-09-07T07:39:43Z
vital_suicide_age_sex,0003411659,1980年,人口動態統計確定数（日本における日本人）,人,1980,男,60～64歳,表章項目=死亡数,死因年次推移分類=Hi16_自殺,628,,2026-09-07T07:39:43Z
vital_suicide_age_sex,0003411659,1975年,人口動態統計確定数（日本における日本人）,人,1975,男,60～64歳,表章項目=死亡数,死因年次推移分類=Hi16_自殺,707,,2026-09-07T07:39:43Z
vital_suicide_age_sex,0003411659,1970年,人口動態統計確定数（日本における日本人）,人,1970,男,60～64歳,表章項目=死亡数,死因年次推移分類=Hi16_自殺,626,,2026-09-07T07:39:43Z
vital_suicide_age_sex,0003411659,1965年,人口動態統計確定数（日本における日本人）,人,1965,男,60～64歳,表章項目=死亡数,死因年次推移分類=Hi16_自殺,684,,2026-09-07T07:39:43Z
vital_suicide_age_sex,0003411659,1960年,人口動態統計確定数（日本における日本人）,人,1960,男,60～64歳,表章項目=死亡数,死因年次推移分類=Hi16_自殺,711,,2026-09-07T07:39:43Z
vital_suicide_age_sex,0003411659,1955年,人口動態統計確定数（日本における日本人）,人,1955,男,60～64歳,表章項目=死亡数,死因年次推移分類=Hi16_自殺,679,,2026-09-07T07:39:43Z
vital_suicide_age_sex,0003411659,1950年,人口動態統計確定数（日本における日本人）,人,1950,男,60～64歳,表章項目=死亡数,死因年次推移分類=Hi16_自殺,751,,2026-09-07T07:39:43Z
vital_suicide_age_sex,0003411659,2024年,人口動態統計確定数（日本における日本人）,人,2024,女,60～64歳,表章項目=死亡数,死因年次推移分類=Hi16_自殺,398,,2026-09-07T07:39:43Z
vital_suicide_age_sex,0003411659,2023年,人口動態統計確定数（日本における日本人）,人,2023,女,60～64歳,表章項目=死亡数,死因年次推移分類=Hi16_自殺,437,,2026-09-07T07:39:43Z
vital_suicide_age_sex,0003411659,2022年,人口動態統計確定数（日本における日本人）,人,2022,女,60～64歳,表章項目=死亡数,死因年次推移分類=Hi16_自殺,448,,2026-09-07T07:39:43Z
vital_suicide_age_sex,0003411659,2021年,人口動態統計確定数（日本における日本人）,人,2021,女,60～64歳,表章項目=死亡数,死因年次推移分類=Hi16_自殺,422,,2026-09-07T07:39:43Z
vital_suicide_age_sex,0003411659,2020年,人口動態統計確定数（日本における日本人）,人,2020,女,60～64歳,表章項目=死亡数,死因年次推移分類=Hi16_自殺,430,,2026-09-07T07:39:43Z
vital_suicide_age_sex,0003411659,2019年,人口動態統計確定数（日本における日本人）,人,2019,女,60～64歳,表章項目=死亡数,死因年次推移分類=Hi16_自殺,349,,2026-09-07T07:39:43Z
vital_suicide_age_sex,0003411659,2018年,人口動態統計確定数（日本における日本人）,人,2018,女,60～64歳,表章項目=死亡数,死因年次推移分類=Hi16_自殺,373,,2026-09-07T07:39:43Z
vital_suicide_age_sex,0003411659,2017年,人口動態統計確定数（日本における日本人）,人,2017,女,60～64歳,表章項目=死亡数,死因年次推移分類=Hi16_自殺,409,,2026-09-07T07:39:43Z
vital_suicide_age_sex,0003411659,2016年,人口動態統計確定数（日本における日本人）,人,2016,女,60～64歳,表章項目=死亡数,死因年次推移分類=Hi16_自殺,457,,2026-09-07T07:39:43Z
vital_suicide_age_sex,0003411659,2015年,人口動態統計確定数（日本における日本人）,人,2015,女,60～64歳,表章項目=死亡数,死因年次推移分類=Hi16_自殺,512,,2026-09-07T07:39:43Z
vital_suicide_age_sex,0003411659,2014年,人口動態統計確定数（日本における日本人）,人,2014,女,60～64歳,表章項目=死亡数,死因年次推移分類=Hi16_自殺,573,,2026-09-07T07:39:43Z
vital_suicide_age_sex,0003411659,2013年,人口動態統計確定数（日本における日本人）,人,2013,女,60～64歳,表章項目=死亡数,死因年次推移分類=Hi16_自殺,671,,2026-09-07T07:39:43Z
vital_suicide_age_sex,0003411659,2010年,人口動態統計確定数（日本における日本人）,人,2010,女,60～64歳,表章項目=死亡数,死因年次推移分類=Hi16_自殺,797,,2026-09-07T07:39:43Z
vital_suicide_age_sex,0003411659,2005年,人口動態統計確定数（日本における日本人）,人,2005,女,60～64歳,表章項目=死亡数,死因年次推移分類=Hi16_自殺,750,,2026-09-07T07:39:43Z
vital_suicide_age_sex,0003411659,2000年,人口動態統計確定数（日本における日本人）,人,2000,女,60～64歳,表章項目=死亡数,死因年次推移分類=Hi16_自殺,791,,2026-09-07T07:39:43Z
vital_suicide_age_sex,0003411659,1995年,人口動態統計確定数（日本における日本人）,人,1995,女,60～64歳,表章項目=死亡数,死因年次推移分類=Hi16_自殺,603,,2026-09-07T07:39:43Z
vital_suicide_age_sex,0003411659,1990年,人口動態統計確定数（日本における日本人）,人,1990,女,60～64歳,表章項目=死亡数,死因年次推移分類=Hi16_自殺,645,,2026-09-07T07:39:43Z
vital_suicide_age_sex,0003411659,1985年,人口動態統計確定数（日本における日本人）,人,1985,女,60～64歳,表章項目=死亡数,死因年次推移分類=Hi16_自殺,606,,2026-09-07T07:39:43Z
vital_suicide_age_sex,0003411659,1980年,人口動態統計確定数（日本における日本人）,人,1980,女,60～64歳,表章項目=死亡数,死因年次推移分類=Hi16_自殺,471,,2026-09-07T07:39:43Z
vital_suicide_age_sex,0003411659,1975年,人口動態統計確定数（日本における日本人）,人,1975,女,60～64歳,表章項目=死亡数,死因年次推移分類=Hi16_自殺,556,,2026-09-07T07:39:43Z
vital_suicide_age_sex,0003411659,1970年,人口動態統計確定数（日本における日本人）,人,1970,女,60～64歳,表章項目=死亡数,死因年次推移分類=Hi16_自殺,448,,2026-09-07T07:39:43Z
vital_suicide_age_sex,0003411659,1965年,人口動態統計確定数（日本における日本人）,人,1965,女,60～64歳,表章項目=死亡数,死因年次推移分類=Hi16_自殺,403,,2026-09-07T07:39:43Z
vital_suicide_age_sex,0003411659,1960年,人口動態統計確定数（日本における日本人）,人,1960,女,60～64歳,表章項目=死亡数,死因年次推移分類=Hi16_自殺,440,,2026-09-07T07:39:43Z
vital_suicide_age_sex,0003411659,1955年,人口動態統計確定数（日本における日本人）,人,1955,女,60～64歳,表章項目=死亡数,死因年次推移分類=Hi16_自殺,391,,2026-09-07T07:39:43Z
vital_suicide_age_sex,0003411659,1950年,人口動態統計確定数（日本における日本人）,人,1950,女,60～64歳,表章項目=死亡数,死因年次推移分類=Hi16_自殺,399,,2026-09-07T07:39:43Z
vital_suicide_age_sex,0003411659,2024年,人口動態統計確定数（日本における日本人）,人,2024,総数,65～69歳,表章項目=死亡数,死因年次推移分類=Hi16_自殺,1106,,2026-09-07T07:39:43Z
vital_suicide_age_sex,0003411659,2023年,人口動態統計確定数（日本における日本人）,人,2023,総数,65～69歳,表章項目=死亡数,死因年次推移分類=Hi16_自殺,1210,,2026-09-07T07:39:43Z
vital_suicide_age_sex,0003411659,2022年,人口動態統計確定数（日本における日本人）,人,2022,総数,65～69歳,表章項目=死亡数,死因年次推移分類=Hi16_自殺,1213,,2026-09-07T07:39:43Z
vital_suicide_age_sex,0003411659,2021年,人口動態統計確定数（日本における日本人）,人,2021,総数,65～69歳,表章項目=死亡数,死因年次推移分類=Hi16_自殺,1209,,2026-09-07T07:39:43Z
vital_suicide_age_sex,0003411659,2020年,人口動態統計確定数（日本における日本人）,人,2020,総数,65～69歳,表章項目=死亡数,死因年次推移分類=Hi16_自殺,1306,,2026-09-07T07:39:43Z
vital_suicide_age_sex,0003411659,2019年,人口動態統計確定数（日本における日本人）,人,2019,総数,65～69歳,表章項目=死亡数,死因年次推移分類=Hi16_自殺,1416,,2026-09-07T07:39:43Z
vital_suicide_age_sex,0003411659,2018年,人口動態統計確定数（日本における日本人）,人,2018,総数,65～69歳,表章項目=死亡数,死因年次推移分類=Hi16_自殺,1569,,2026-09-07T07:39:43Z
vital_suicide_age_sex,0003411659,2017年,人口動態統計確定数（日本における日本人）,人,2017,総数,65～69歳,表章項目=死亡数,死因年次推移分類=Hi16_自殺,1768,,2026-09-07T07:39:43Z
vital_suicide_age_sex,0003411659,2016年,人口動態統計確定数（日本における日本人）,人,2016,総数,65～69歳,表章項目=死亡数,死因年次推移分類=Hi16_自殺,1870,,2026-09-07T07:39:43Z
vital_suicide_age_sex,0003411659,2015年,人口動態統計確定数（日本における日本人）,人,2015,総数,65～69歳,表章項目=死亡数,死因年次推移分類=Hi16_自殺,2025,,2026-09-07T07:39:43Z
vital_suicide_age_sex,0003411659,2014年,人口動態統計確定数（日本における日本人）,人,2014,総数,65～69歳,表章項目=死亡数,死因年次推移分類=Hi16_自殺,2142,,2026-09-07T07:39:43Z
vital_suicide_age_sex,0003411659,2013年,人口動態統計確定数（日本における日本人）,人,2013,総数,65～69歳,表章項目=死亡数,死因年次推移分類=Hi16_自殺,2169,,2026-09-07T07:39:43Z
vital_suicide_age_sex,0003411659,2010年,人口動態統計確定数（日本における日本人）,人,2010,総数,65～69歳,表章項目=死亡数,死因年次推移分類=Hi16_自殺,2432,,2026-09-07T07:39:43Z
vital_suicide_age_sex,0003411659,2005年,人口動態統計確定数（日本における日本人）,人,2005,総数,65～69歳,表章項目=死亡数,死因年次推移分類=Hi16_自殺,2112,,2026-09-07T07:39:43Z
vital_suicide_age_sex,0003411659,2000年,人口動態統計確定数（日本における日本人）,人,2000,総数,65～69歳,表章項目=死亡数,死因年次推移分類=Hi16_自殺,2348,,2026-09-07T07:39:43Z
vital_suicide_age_sex,0003411659,1995年,人口動態統計確定数（日本における日本人）,人,1995,総数,65～69歳,表章項目=死亡数,死因年次推移分類=Hi16_自殺,1437,,2026-09-07T07:39:43Z
vital_suicide_age_sex,0003411659,1990年,人口動態統計確定数（日本における日本人）,人,1990,総数,65～69歳,表章項目=死亡数,死因年次推移分類=Hi16_自殺,1348,,2026-09-07T07:39:43Z
vital_suicide_age_sex,0003411659,1985年,人口動態統計確定数（日本における日本人）,人,1985,総数,65～69歳,表章項目=死亡数,死因年次推移分類=Hi16_自殺,1314,,2026-09-07T07:39:43Z
vital_suicide_age_sex,0003411659,1980年,人口動態統計確定数（日本における日本人）,人,1980,総数,65～69歳,表章項目=死亡数,死因年次推移分類=Hi16_自殺,1273,,2026-09-07T07:39:43Z
vital_suicide_age_sex,0003411659,1975年,人口動態統計確定数（日本における日本人）,人,1975,総数,65～69歳,表章項目=死亡数,死因年次推移分類=Hi16_自殺,1276,,2026-09-07T07:39:43Z
vital_suicide_age_sex,0003411659,1970年,人口動態統計確定数（日本における日本人）,人,1970,総数,65～69歳,表章項目=死亡数,死因年次推移分類=Hi16_自殺,1194,,2026-09-07T07:39:43Z
vital_suicide_age_sex,0003411659,1965年,人口動態統計確定数（日本における日本人）,人,1965,総数,65～69歳,表章項目=死亡数,死因年次推移分類=Hi16_自殺,1090,,2026-09-07T07:39:43Z
vital_suicide_age_sex,0003411659,1960年,人口動態統計確定数（日本における日本人）,人,1960,総数,65～69歳,表章項目=死亡数,死因年次推移分類=Hi16_自殺,1104,,2026-09-07T07:39:43Z
vital_suicide_age_sex,0003411659,1955年,人口動態統計確定数（日本における日本人）,人,1955,総数,65～69歳,表章項目=死亡数,死因年次推移分類=Hi16_自殺,1046,,2026-09-07T07:39:43Z
vital_suicide_age_sex,0003411659,1950年,人口動態統計確定数（日本における日本人）,人,1950,総数,65～69歳,表章項目=死亡数,死因年次推移分類=Hi16_自殺,1201,,2026-09-07T07:39:43Z
vital_suicide_age_sex,0003411659,2024年,人口動態統計確定数（日本における日本人）,人,2024,男,65～69歳,表章項目=死亡数,死因年次推移分類=Hi16_自殺,762,,2026-09-07T07:39:43Z
vital_suicide_age_sex,0003411659,2023年,人口動態統計確定数（日本における日本人）,人,2023,男,65～69歳,表章項目=死亡数,死因年次推移分類=Hi16_自殺,826,,2026-09-07T07:39:43Z
vital_suicide_age_sex,0003411659,2022年,人口動態統計確定数（日本における日本人）,人,2022,男,65～69歳,表章項目=死亡数,死因年次推移分類=Hi16_自殺,810,,2026-09-07T07:39:43Z
vital_suicide_age_sex,0003411659,2021年,人口動態統計確定数（日本における日本人）,人,2021,男,65～69歳,表章項目=死亡数,死因年次推移分類=Hi16_自殺,792,,2026-09-07T07:39:43Z
vital_suicide_age_sex,0003411659,2020年,人口動態統計確定数（日本における日本人）,人,2020,男,65～69歳,表章項目=死亡数,死因年次推移分類=Hi16_自殺,856,,2026-09-07T07:39:43Z
vital_suicide_age_sex,0003411659,2019年,人口動態統計確定数（日本における日本人）,人,2019,男,65～69歳,表章項目=死亡数,死因年次推移分類=Hi16_自殺,961,,2026-09-07T07:39:43Z
vital_suicide_age_sex,0003411659,2018年,人口動態統計確定数（日本における日本人）,人,2018,男,65～69歳,表章項目=死亡数,死因年次推移分類=Hi16_自殺,1035,,2026-09-07T07:39:43Z
vital_suicide_age_sex,0003411659,2017年,人口動態統計確定数（日本における日本人）,人,2017,男,65～69歳,表章項目=死亡数,死因年次推移分類=Hi16_自殺,1224,,2026-09-07T07:39:43Z
vital_suicide_age_sex,0003411659,2016年,人口動態統計確定数（日本における日本人）,人,2016,男,65～69歳,表章項目=死亡数,死因年次推移分類=Hi16_自殺,1235,,2026-09-07T07:39:43Z
vital_suicide_age_sex,0003411659,2015年,人口動態統計確定数（日本における日本人）,人,2015,男,65～69歳,表章項目=死亡数,死因年次推移分類=Hi16_自殺,1390,,2026-09-07T07:39:43Z
vital_suicide_age_sex,0003411659,2014年,人口動態統計確定数（日本における日本人）,人,2014,男,65～69歳,表章項目=死亡数,死因年次推移分類=Hi16_自殺,1408,,2026-09-07T07:39:43Z
vital_suicide_age_sex,0003411659,2013年,人口動態統計確定数（日本における日本人）,人,2013,男,65～69歳,表章項目=死亡数,死因年次推移分類=Hi16_自殺,1461,,2026-09-07T07:39:43Z
vital_suicide_age_sex,0003411659,2010年,人口動態統計確定数（日本における日本人）,人,2010,男,65～69歳,表章項目=死亡数,死因年次推移分類=Hi16_自殺,1639,,2026-09-07T07:39:43Z
vital_suicide_age_sex,0003411659,2005年,人口動態統計確定数（日本における日本人）,人,2005,男,65～69歳,表章項目=死亡数,死因年次推移分類=Hi16_自殺,1499,,2026-09-07T07:39:43Z
vital_suicide_age_sex,0003411659,2000年,人口動態統計確定数（日本における日本人）,人,2000,男,65～69歳,表章項目=死亡数,死因年次推移分類=Hi16_自殺,1612,,2026-09-07T07:39:43Z
vital_suicide_age_sex,0003411659,1995年,人口動態統計確定数（日本における日本人）,人,1995,男,65～69歳,表章項目=死亡数,死因年次推移分類=Hi16_自殺,862,,2026-09-07T07:39:43Z
vital_suicide_age_sex,0003411659,1990年,人口動態統計確定数（日本における日本人）,人,1990,男,65～69歳,表章項目=死亡数,死因年次推移分類=Hi16_自殺,716,,2026-09-07T07:39:43Z
vital_suicide_age_sex,0003411659,1985年,人口動態統計確定数（日本における日本人）,人,1985,男,65～69歳,表章項目=死亡数,死因年次推移分類=Hi16_自殺,681,,2026-09-07T07:39:43Z
vital_suicide_age_sex,0003411659,1980年,人口動態統計確定数（日本における日本人）,人,1980,男,65～69歳,表章項目=死亡数,死因年次推移分類=Hi16_自殺,604,,2026-09-07T07:39:43Z
vital_suicide_age_sex,0003411659,1975年,人口動態統計確定数（日本における日本人）,人,1975,男,65～69歳,表章項目=死亡数,死因年次推移分類=Hi16_自殺,641,,2026-09-07T07:39:43Z
vital_suicide_age_sex,0003411659,1970年,人口動態統計確定数（日本における日本人）,人,1970,男,65～69歳,表章項目=死亡数,死因年次推移分類=Hi16_自殺,637,,2026-09-07T07:39:43Z
vital_suicide_age_sex,0003411659,1965年,人口動態統計確定数（日本における日本人）,人,1965,男,65～69歳,表章項目=死亡数,死因年次推移分類=Hi16_自殺,638,,2026-09-07T07:39:43Z
vital_suicide_age_sex,0003411659,1960年,人口動態統計確定数（日本における日本人）,人,1960,男,65～69歳,表章項目=死亡数,死因年次推移分類=Hi16_自殺,619,,2026-09-07T07:39:43Z
vital_suicide_age_sex,0003411659,1955年,人口動態統計確定数（日本における日本人）,人,1955,男,65～69歳,表章項目=死亡数,死因年次推移分類=Hi16_自殺,623,,2026-09-07T07:39:43Z
vital_suicide_age_sex,0003411659,1950年,人口動態統計確定数（日本における日本人）,人,1950,男,65～69歳,表章項目=死亡数,死因年次推移分類=Hi16_自殺,677,,2026-09-07T07:39:43Z
vital_suicide_age_sex,0003411659,2024年,人口動態統計確定数（日本における日本人）,人,2024,女,65～69歳,表章項目=死亡数,死因年次推移分類=Hi16_自殺,344,,2026-09-07T07:39:43Z
vital_suicide_age_sex,0003411659,2023年,人口動態統計確定数（日本における日本人）,人,2023,女,65～69歳,表章項目=死亡数,死因年次推移分類=Hi16_自殺,384,,2026-09-07T07:39:43Z
vital_suicide_age_sex,0003411659,2022年,人口動態統計確定数（日本における日本人）,人,2022,女,65～69歳,表章項目=死亡数,死因年次推移分類=Hi16_自殺,403,,2026-09-07T07:39:43Z
vital_suicide_age_sex,0003411659,2021年,人口動態統計確定数（日本における日本人）,人,2021,女,65～69歳,表章項目=死亡数,死因年次推移分類=Hi16_自殺,417,,2026-09-07T07:39:43Z
vital_suicide_age_sex,0003411659,2020年,人口動態統計確定数（日本における日本人）,人,2020,女,65～69歳,表章項目=死亡数,死因年次推移分類=Hi16_自殺,450,,2026-09-07T07:39:43Z
vital_suicide_age_sex,0003411659,2019年,人口動態統計確定数（日本における日本人）,人,2019,女,65～69歳,表章項目=死亡数,死因年次推移分類=Hi16_自殺,455,,2026-09-07T07:39:43Z
vital_suicide_age_sex,0003411659,2018年,人口動態統計確定数（日本における日本人）,人,2018,女,65～69歳,表章項目=死亡数,死因年次推移分類=Hi16_自殺,534,,2026-09-07T07:39:43Z
vital_suicide_age_sex,0003411659,2017年,人口動態統計確定数（日本における日本人）,人,2017,女,65～69歳,表章項目=死亡数,死因年次推移分類=Hi16_自殺,544,,2026-09-07T07:39:43Z
vital_suicide_age_sex,0003411659,2016年,人口動態統計確定数（日本における日本人）,人,2016,女,65～69歳,表章項目=死亡数,死因年次推移分類=Hi16_自殺,635,,2026-09-07T07:39:43Z
vital_suicide_age_sex,0003411659,2015年,人口動態統計確定数（日本における日本人）,人,2015,女,65～69歳,表章項目=死亡数,死因年次推移分類=Hi16_自殺,635,,2026-09-07T07:39:43Z
vital_suicide_age_sex,0003411659,2014年,人口動態統計確定数（日本における日本人）,人,2014,女,65～69歳,表章項目=死亡数,死因年次推移分類=Hi16_自殺,734,,2026-09-07T07:39:43Z
vital_suicide_age_sex,0003411659,2013年,人口動態統計確定数（日本における日本人）,人,2013,女,65～69歳,表章項目=死亡数,死因年次推移分類=Hi16_自殺,708,,2026-09-07T07:39:43Z
vital_suicide_age_sex,0003411659,2010年,人口動態統計確定数（日本における日本人）,人,2010,女,65～69歳,表章項目=死亡数,死因年次推移分類=Hi16_自殺,793,,2026-09-07T07:39:43Z
vital_suicide_age_sex,0003411659,2005年,人口動態統計確定数（日本における日本人）,人,2005,女,65～69歳,表章項目=死亡数,死因年次推移分類=Hi16_自殺,613,,2026-09-07T07:39:43Z
vital_suicide_age_sex,0003411659,2000年,人口動態統計確定数（日本における日本人）,人,2000,女,65～69歳,表章項目=死亡数,死因年次推移分類=Hi16_自殺,736,,2026-09-07T07:39:43Z
vital_suicide_age_sex,0003411659,1995年,人口動態統計確定数（日本における日本人）,人,1995,女,65～69歳,表章項目=死亡数,死因年次推移分類=Hi16_自殺,575,,2026-09-07T07:39:43Z
vital_suicide_age_sex,0003411659,1990年,人口動態統計確定数（日本における日本人）,人,1990,女,65～69歳,表章項目=死亡数,死因年次推移分類=Hi16_自殺,632,,2026-09-07T07:39:43Z
vital_suicide_age_sex,0003411659,1985年,人口動態統計確定数（日本における日本人）,人,1985,女,65～69歳,表章項目=死亡数,死因年次推移分類=Hi16_自殺,633,,2026-09-07T07:39:43Z
vital_suicide_age_sex,0003411659,1980年,人口動態統計確定数（日本における日本人）,人,1980,女,65～69歳,表章項目=死亡数,死因年次推移分類=Hi16_自殺,669,,2026-09-07T07:39:43Z
vital_suicide_age_sex,0003411659,1975年,人口動態統計確定数（日本における日本人）,人,1975,女,65～69歳,表章項目=死亡数,死因年次推移分類=Hi16_自殺,635,,2026-09-07T07:39:43Z
vital_suicide_age_sex,0003411659,1970年,人口動態統計確定数（日本における日本人）,人,1970,女,65～69歳,表章項目=死亡数,死因年次推移分類=Hi16_自殺,557,,2026-09-07T07:39:43Z
vital_suicide_age_sex,0003411659,1965年,人口動態統計確定数（日本における日本人）,人,1965,女,65～69歳,表章項目=死亡数,死因年次推移分類=Hi16_自殺,452,,2026-09-07T07:39:43Z
vital_suicide_age_sex,0003411659,1960年,人口動態統計確定数（日本における日本人）,人,1960,女,65～69歳,表章項目=死亡数,死因年次推移分類=Hi16_自殺,485,,2026-09-07T07:39:43Z
vital_suicide_age_sex,0003411659,1955年,人口動態統計確定数（日本における日本人）,人,1955,女,65～69歳,表章項目=死亡数,死因年次推移分類=Hi16_自殺,423,,2026-09-07T07:39:43Z
vital_suicide_age_sex,0003411659,1950年,人口動態統計確定数（日本における日本人）,人,1950,女,65～69歳,表章項目=死亡数,死因年次推移分類=Hi16_自殺,524,,2026-09-07T07:39:43Z
vital_suicide_age_sex,0003411659,2024年,人口動態統計確定数（日本における日本人）,人,2024,総数,70～74歳,表章項目=死亡数,死因年次推移分類=Hi16_自殺,1282,,2026-09-07T07:39:43Z
vital_suicide_age_sex,0003411659,2023年,人口動態統計確定数（日本における日本人）,人,2023,総数,70～74歳,表章項目=死亡数,死因年次推移分類=Hi16_自殺,1440,,2026-09-07T07:39:43Z
vital_suicide_age_sex,0003411659,2022年,人口動態統計確定数（日本における日本人）,人,2022,総数,70～74歳,表章項目=死亡数,死因年次推移分類=Hi16_自殺,1600,,2026-09-07T07:39:43Z
vital_suicide_age_sex,0003411659,2021年,人口動態統計確定数（日本における日本人）,人,2021,総数,70～74歳,表章項目=死亡数,死因年次推移分類=Hi16_自殺,1637,,2026-09-07T07:39:43Z
vital_suicide_age_sex,0003411659,2020年,人口動態統計確定数（日本における日本人）,人,2020,総数,70～74歳,表章項目=死亡数,死因年次推移分類=Hi16_自殺,1570,,2026-09-07T07:39:43Z
vital_suicide_age_sex,0003411659,2019年,人口動態統計確定数（日本における日本人）,人,2019,総数,70～74歳,表章項目=死亡数,死因年次推移分類=Hi16_自殺,1514,,2026-09-07T07:39:43Z
vital_suicide_age_sex,0003411659,2018年,人口動態統計確定数（日本における日本人）,人,2018,総数,70～74歳,表章項目=死亡数,死因年次推移分類=Hi16_自殺,1495,,2026-09-07T07:39:43Z
vital_suicide_age_sex,0003411659,2017年,人口動態統計確定数（日本における日本人）,人,2017,総数,70～74歳,表章項目=死亡数,死因年次推移分類=Hi16_自殺,1487,,2026-09-07T07:39:43Z
vital_suicide_age_sex,0003411659,2016年,人口動態統計確定数（日本における日本人）,人,2016,総数,70～74歳,表章項目=死亡数,死因年次推移分類=Hi16_自殺,1514,,2026-09-07T07:39:43Z
vital_suicide_age_sex,0003411659,2015年,人口動態統計確定数（日本における日本人）,人,2015,総数,70～74歳,表章項目=死亡数,死因年次推移分類=Hi16_自殺,1876,,2026-09-07T07:39:43Z
vital_suicide_age_sex,0003411659,2014年,人口動態統計確定数（日本における日本人）,人,2014,総数,70～74歳,表章項目=死亡数,死因年次推移分類=Hi16_自殺,1853,,2026-09-07T07:39:43Z
vital_suicide_age_sex,0003411659,2013年,人口動態統計確定数（日本における日本人）,人,2013,総数,70～74歳,表章項目=死亡数,死因年次推移分類=Hi16_自殺,1978,,2026-09-07T07:39:43Z
vital_suicide_age_sex,0003411659,2010年,人口動態統計確定数（日本における日本人）,人,2010,総数,70～74歳,表章項目=死亡数,死因年次推移分類=Hi16_自殺,1847,,2026-09-07T07:39:43Z
vital_suicide_age_sex,0003411659,2005年,人口動態統計確定数（日本における日本人）,人,2005,総数,70～74歳,表章項目=死亡数,死因年次推移分類=Hi16_自殺,1855,,2026-09-07T07:39:43Z
vital_suicide_age_sex,0003411659,2000年,人口動態統計確定数（日本における日本人）,人,2000,総数,70～74歳,表章項目=死亡数,死因年次推移分類=Hi16_自殺,1788,,2026-09-07T07:39:43Z
vital_suicide_age_sex,0003411659,1995年,人口動態統計確定数（日本における日本人）,人,1995,総数,70～74歳,表章項目=死亡数,死因年次推移分類=Hi16_自殺,1250,,2026-09-07T07:39:43Z
vital_suicide_age_sex,0003411659,1990年,人口動態統計確定数（日本における日本人）,人,1990,総数,70～74歳,表章項目=死亡数,死因年次推移分類=Hi16_自殺,1325,,2026-09-07T07:39:43Z
vital_suicide_age_sex,0003411659,1985年,人口動態統計確定数（日本における日本人）,人,1985,総数,70～74歳,表章項目=死亡数,死因年次推移分類=Hi16_自殺,1394,,2026-09-07T07:39:43Z
vital_suicide_age_sex,0003411659,1980年,人口動態統計確定数（日本における日本人）,人,1980,総数,70～74歳,表章項目=死亡数,死因年次推移分類=Hi16_自殺,1350,,2026-09-07T07:39:43Z
vital_suicide_age_sex,0003411659,1975年,人口動態統計確定数（日本における日本人）,人,1975,総数,70～74歳,表章項目=死亡数,死因年次推移分類=Hi16_自殺,1318,,2026-09-07T07:39:43Z
vital_suicide_age_sex,0003411659,1970年,人口動態統計確定数（日本における日本人）,人,1970,総数,70～74歳,表章項目=死亡数,死因年次推移分類=Hi16_自殺,1111,,2026-09-07T07:39:43Z
vital_suicide_age_sex,0003411659,1965年,人口動態統計確定数（日本における日本人）,人,1965,総数,70～74歳,表章項目=死亡数,死因年次推移分類=Hi16_自殺,935,,2026-09-07T07:39:43Z
vital_suicide_age_sex,0003411659,1960年,人口動態統計確定数（日本における日本人）,人,1960,総数,70～74歳,表章項目=死亡数,死因年次推移分類=Hi16_自殺,948,,2026-09-07T07:39:43Z
vital_suicide_age_sex,0003411659,1955年,人口動態統計確定数（日本における日本人）,人,1955,総数,70～74歳,表章項目=死亡数,死因年次推移分類=Hi16_自殺,974,,2026-09-07T07:39:43Z
vital_suicide_age_sex,0003411659,1950年,人口動態統計確定数（日本における日本人）,人,1950,総数,70～74歳,表章項目=死亡数,死因年次推移分類=Hi16_自殺,1010,,2026-09-07T07:39:43Z
vital_suicide_age_sex,0003411659,2024年,人口動態統計確定数（日本における日本人）,人,2024,男,70～74歳,表章項目=死亡数,死因年次推移分類=Hi16_自殺,857,,2026-09-07T07:39:43Z
vital_suicide_age_sex,0003411659,2023年,人口動態統計確定数（日本における日本人）,人,2023,男,70～74歳,表章項目=死亡数,死因年次推移分類=Hi16_自殺,960,,2026-09-07T07:39:43Z
vital_suicide_age_sex,0003411659,2022年,人口動態統計確定数（日本における日本人）,人,2022,男,70～74歳,表章項目=死亡数,死因年次推移分類=Hi16_自殺,1015,,2026-09-07T07:39:43Z
vital_suicide_age_sex,0003411659,2021年,人口動態統計確定数（日本における日本人）,人,2021,男,70～74歳,表章項目=死亡数,死因年次推移分類=Hi16_自殺,1022,,2026-09-07T07:39:43Z
vital_suicide_age_sex,0003411659,2020年,人口動態統計確定数（日本における日本人）,人,2020,男,70～74歳,表章項目=死亡数,死因年次推移分類=Hi16_自殺,1020,,2026-09-07T07:39:43Z
vital_suicide_age_sex,0003411659,2019年,人口動態統計確定数（日本における日本人）,人,2019,男,70～74歳,表章項目=死亡数,死因年次推移分類=Hi16_自殺,997,,2026-09-07T07:39:43Z
vital_suicide_age_sex,0003411659,2018年,人口動態統計確定数（日本における日本人）,人,2018,男,70～74歳,表章項目=死亡数,死因年次推移分類=Hi16_自殺,973,,2026-09-07T07:39:43Z
vital_suicide_age_sex,0003411659,2017年,人口動態統計確定数（日本における日本人）,人,2017,男,70～74歳,表章項目=死亡数,死因年次推移分類=Hi16_自殺,936,,2026-09-07T07:39:43Z
vital_suicide_age_sex,0003411659,2016年,人口動態統計確定数（日本における日本人）,人,2016,男,70～74歳,表章項目=死亡数,死因年次推移分類=Hi16_自殺,943,,2026-09-07T07:39:43Z
vital_suicide_age_sex,0003411659,2015年,人口動態統計確定数（日本における日本人）,人,2015,男,70～74歳,表章項目=死亡数,死因年次推移分類=Hi16_自殺,1215,,2026-09-07T07:39:43Z
vital_suicide_age_sex,0003411659,2014年,人口動態統計確定数（日本における日本人）,人,2014,男,70～74歳,表章項目=死亡数,死因年次推移分類=Hi16_自殺,1181,,2026-09-07T07:39:43Z
vital_suicide_age_sex,0003411659,2013年,人口動態統計確定数（日本における日本人）,人,2013,男,70～74歳,表章項目=死亡数,死因年次推移分類=Hi16_自殺,1286,,2026-09-07T07:39:43Z
vital_suicide_age_sex,0003411659,2010年,人口動態統計確定数（日本における日本人）,人,2010,男,70～74歳,表章項目=死亡数,死因年次推移分類=Hi16_自殺,1192,,2026-09-07T07:39:43Z
vital_suicide_age_sex,0003411659,2005年,人口動態統計確定数（日本における日本人）,人,2005,男,70～74歳,表章項目=死亡数,死因年次推移分類=Hi16_自殺,1245,,2026-09-07T07:39:43Z
vital_suicide_age_sex,0003411659,2000年,人口動態統計確定数（日本における日本人）,人,2000,男,70～74歳,表章項目=死亡数,死因年次推移分類=Hi16_自殺,1098,,2026-09-07T07:39:43Z
vital_suicide_age_sex,0003411659,1995年,人口動態統計確定数（日本における日本人）,人,1995,男,70～74歳,表章項目=死亡数,死因年次推移分類=Hi16_自殺,632,,2026-09-07T07:39:43Z
vital_suicide_age_sex,0003411659,1990年,人口動態統計確定数（日本における日本人）,人,1990,男,70～74歳,表章項目=死亡数,死因年次推移分類=Hi16_自殺,655,,2026-09-07T07:39:43Z
vital_suicide_age_sex,0003411659,1985年,人口動態統計確定数（日本における日本人）,人,1985,男,70～74歳,表章項目=死亡数,死因年次推移分類=Hi16_自殺,706,,2026-09-07T07:39:43Z
vital_suicide_age_sex,0003411659,1980年,人口動態統計確定数（日本における日本人）,人,1980,男,70～74歳,表章項目=死亡数,死因年次推移分類=Hi16_自殺,637,,2026-09-07T07:39:43Z
vital_suicide_age_sex,0003411659,1975年,人口動態統計確定数（日本における日本人）,人,1975,男,70～74歳,表章項目=死亡数,死因年次推移分類=Hi16_自殺,604,,2026-09-07T07:39:43Z
vital_suicide_age_sex,0003411659,1970年,人口動態統計確定数（日本における日本人）,人,1970,男,70～74歳,表章項目=死亡数,死因年次推移分類=Hi16_自殺,552,,2026-09-07T07:39:43Z
vital_suicide_age_sex,0003411659,1965年,人口動態統計確定数（日本における日本人）,人,1965,男,70～74歳,表章項目=死亡数,死因年次推移分類=Hi16_自殺,466,,2026-09-07T07:39:43Z
vital_suicide_age_sex,0003411659,1960年,人口動態統計確定数（日本における日本人）,人,1960,男,70～74歳,表章項目=死亡数,死因年次推移分類=Hi16_自殺,504,,2026-09-07T07:39:43Z
vital_suicide_age_sex,0003411659,1955年,人口動態統計確定数（日本における日本人）,人,1955,男,70～74歳,表章項目=死亡数,死因年次推移分類=Hi16_自殺,515,,2026-09-07T07:39:43Z
vital_suicide_age_sex,0003411659,1950年,人口動態統計確定数（日本における日本人）,人,1950,男,70～74歳,表章項目=死亡数,死因年次推移分類=Hi16_自殺,569,,2026-09-07T07:39:43Z
vital_suicide_age_sex,0003411659,2024年,人口動態統計確定数（日本における日本人）,人,2024,女,70～74歳,表章項目=死亡数,死因年次推移分類=Hi16_自殺,425,,2026-09-07T07:39:43Z
vital_suicide_age_sex,0003411659,2023年,人口動態統計確定数（日本における日本人）,人,2023,女,70～74歳,表章項目=死亡数,死因年次推移分類=Hi16_自殺,480,,2026-09-07T07:39:43Z
vital_suicide_age_sex,0003411659,2022年,人口動態統計確定数（日本における日本人）,人,2022,女,70～74歳,表章項目=死亡数,死因年次推移分類=Hi16_自殺,585,,2026-09-07T07:39:43Z
vital_suicide_age_sex,0003411659,2021年,人口動態統計確定数（日本における日本人）,人,2021,女,70～74歳,表章項目=死亡数,死因年次推移分類=Hi16_自殺,615,,2026-09-07T07:39:43Z
vital_suicide_age_sex,0003411659,2020年,人口動態統計確定数（日本における日本人）,人,2020,女,70～74歳,表章項目=死亡数,死因年次推移分類=Hi16_自殺,550,,2026-09-07T07:39:43Z
vital_suicide_age_sex,0003411659,2019年,人口動態統計確定数（日本における日本人）,人,2019,女,70～74歳,表章項目=死亡数,死因年次推移分類=Hi16_自殺,517,,2026-09-07T07:39:43Z
vital_suicide_age_sex,0003411659,2018年,人口動態統計確定数（日本における日本人）,人,2018,女,70～74歳,表章項目=死亡数,死因年次推移分類=Hi16_自殺,522,,2026-09-07T07:39:43Z
vital_suicide_age_sex,0003411659,2017年,人口動態統計確定数（日本における日本人）,人,2017,女,70～74歳,表章項目=死亡数,死因年次推移分類=Hi16_自殺,551,,2026-09-07T07:39:43Z
vital_suicide_age_sex,0003411659,2016年,人口動態統計確定数（日本における日本人）,人,2016,女,70～74歳,表章項目=死亡数,死因年次推移分類=Hi16_自殺,571,,2026-09-07T07:39:43Z
vital_suicide_age_sex,0003411659,2015年,人口動態統計確定数（日本における日本人）,人,2015,女,70～74歳,表章項目=死亡数,死因年次推移分類=Hi16_自殺,661,,2026-09-07T07:39:43Z
vital_suicide_age_sex,0003411659,2014年,人口動態統計確定数（日本における日本人）,人,2014,女,70～74歳,表章項目=死亡数,死因年次推移分類=Hi16_自殺,672,,2026-09-07T07:39:43Z
vital_suicide_age_sex,0003411659,2013年,人口動態統計確定数（日本における日本人）,人,2013,女,70～74歳,表章項目=死亡数,死因年次推移分類=Hi16_自殺,692,,2026-09-07T07:39:43Z
vital_suicide_age_sex,0003411659,2010年,人口動態統計確定数（日本における日本人）,人,2010,女,70～74歳,表章項目=死亡数,死因年次推移分類=Hi16_自殺,655,,2026-09-07T07:39:43Z
vital_suicide_age_sex,0003411659,2005年,人口動態統計確定数（日本における日本人）,人,2005,女,70～74歳,表章項目=死亡数,死因年次推移分類=Hi16_自殺,610,,2026-09-07T07:39:43Z
vital_suicide_age_sex,0003411659,2000年,人口動態統計確定数（日本における日本人）,人,2000,女,70～74歳,表章項目=死亡数,死因年次推移分類=Hi16_自殺,690,,2026-09-07T07:39:43Z
vital_suicide_age_sex,0003411659,1995年,人口動態統計確定数（日本における日本人）,人,1995,女,70～74歳,表章項目=死亡数,死因年次推移分類=Hi16_自殺,618,,2026-09-07T07:39:43Z
vital_suicide_age_sex,0003411659,1990年,人口動態統計確定数（日本における日本人）,人,1990,女,70～74歳,表章項目=死亡数,死因年次推移分類=Hi16_自殺,670,,2026-09-07T07:39:43Z
vital_suicide_age_sex,0003411659,1985年,人口動態統計確定数（日本における日本人）,人,1985,女,70～74歳,表章項目=死亡数,死因年次推移分類=Hi16_自殺,688,,2026-09-07T07:39:43Z
vital_suicide_age_sex,0003411659,1980年,人口動態統計確定数（日本における日本人）,人,1980,女,70～74歳,表章項目=死亡数,死因年次推移分類=Hi16_自殺,713,,2026-09-07T07:39:43Z
vital_suicide_age_sex,0003411659,1975年,人口動態統計確定数（日本における日本人）,人,1975,女,70～74歳,表章項目=死亡数,死因年次推移分類=Hi16_自殺,714,,2026-09-07T07:39:43Z
vital_suicide_age_sex,0003411659,1970年,人口動態統計確定数（日本における日本人）,人,1970,女,70～74歳,表章項目=死亡数,死因年次推移分類=Hi16_自殺,559,,2026-09-07T07:39:43Z
vital_suicide_age_sex,0003411659,1965年,人口動態統計確定数（日本における日本人）,人,1965,女,70～74歳,表章項目=死亡数,死因年次推移分類=Hi16_自殺,469,,2026-09-07T07:39:43Z
vital_suicide_age_sex,0003411659,1960年,人口動態統計確定数（日本における日本人）,人,1960,女,70～74歳,表章項目=死亡数,死因年次推移分類=Hi16_自殺,444,,2026-09-07T07:39:43Z
vital_suicide_age_sex,0003411659,1955年,人口動態統計確定数（日本における日本人）,人,1955,女,70～74歳,表章項目=死亡数,死因年次推移分類=Hi16_自殺,459,,2026-09-07T07:39:43Z
vital_suicide_age_sex,0003411659,1950年,人口動態統計確定数（日本における日本人）,人,1950,女,70～74歳,表章項目=死亡数,死因年次推移分類=Hi16_自殺,441,,2026-09-07T07:39:43Z
vital_suicide_age_sex,0003411659,2024年,人口動態統計確定数（日本における日本人）,人,2024,総数,75～79歳,表章項目=死亡数,死因年次推移分類=Hi16_自殺,1291,,2026-09-07T07:39:43Z
vital_suicide_age_sex,0003411659,2023年,人口動態統計確定数（日本における日本人）,人,2023,総数,75～79歳,表章項目=死亡数,死因年次推移分類=Hi16_自殺,1336,,2026-09-07T07:39:43Z
vital_suicide_age_sex,0003411659,2022年,人口動態統計確定数（日本における日本人）,人,2022,総数,75～79歳,表章項目=死亡数,死因年次推移分類=Hi16_自殺,1309,,2026-09-07T07:39:43Z
vital_suicide_age_sex,0003411659,2021年,人口動態統計確定数（日本における日本人）,人,2021,総数,75～79歳,表章項目=死亡数,死因年次推移分類=Hi16_自殺,1246,,2026-09-07T07:39:43Z
vital_suicide_age_sex,0003411659,2020年,人口動態統計確定数（日本における日本人）,人,2020,総数,75～79歳,表章項目=死亡数,死因年次推移分類=Hi16_自殺,1308,,2026-09-07T07:39:43Z
vital_suicide_age_sex,0003411659,2019年,人口動態統計確定数（日本における日本人）,人,2019,総数,75～79歳,表章項目=死亡数,死因年次推移分類=Hi16_自殺,1303,,2026-09-07T07:39:43Z
vital_suicide_age_sex,0003411659,2018年,人口動態統計確定数（日本における日本人）,人,2018,総数,75～79歳,表章項目=死亡数,死因年次推移分類=Hi16_自殺,1360,,2026-09-07T07:39:43Z
vital_suicide_age_sex,0003411659,2017年,人口動態統計確定数（日本における日本人）,人,2017,総数,75～79歳,表章項目=死亡数,死因年次推移分類=Hi16_自殺,1297,,2026-09-07T07:39:43Z
vital_suicide_age_sex,0003411659,2016年,人口動態統計確定数（日本における日本人）,人,2016,総数,75～79歳,表章項目=死亡数,死因年次推移分類=Hi16_自殺,1337,,2026-09-07T07:39:43Z
vital_suicide_age_sex,0003411659,2015年,人口動態統計確定数（日本における日本人）,人,2015,総数,75～79歳,表章項目=死亡数,死因年次推移分類=Hi16_自殺,1447,,2026-09-07T07:39:43Z
vital_suicide_age_sex,0003411659,2014年,人口動態統計確定数（日本における日本人）,人,2014,総数,75～79歳,表章項目=死亡数,死因年次推移分類=Hi16_自殺,1503,,2026-09-07T07:39:43Z
vital_suicide_age_sex,0003411659,2013年,人口動態統計確定数（日本における日本人）,人,2013,総数,75～79歳,表章項目=死亡数,死因年次推移分類=Hi16_自殺,1650,,2026-09-07T07:39:43Z
vital_suicide_age_sex,0003411659,2010年,人口動態統計確定数（日本における日本人）,人,2010,総数,75～79歳,表章項目=死亡数,死因年次推移分類=Hi16_自殺,1606,,2026-09-07T07:39:43Z
vital_suicide_age_sex,0003411659,2005年,人口動態統計確定数（日本における日本人）,人,2005,総数,75～79歳,表章項目=死亡数,死因年次推移分類=Hi16_自殺,1403,,2026-09-07T07:39:43Z
vital_suicide_age_sex,0003411659,2000年,人口動態統計確定数（日本における日本人）,人,2000,総数,75～79歳,表章項目=死亡数,死因年次推移分類=Hi16_自殺,1295,,2026-09-07T07:39:43Z
vital_suicide_age_sex,0003411659,1995年,人口動態統計確定数（日本における日本人）,人,1995,総数,75～79歳,表章項目=死亡数,死因年次推移分類=Hi16_自殺,1100,,2026-09-07T07:39:43Z
vital_suicide_age_sex,0003411659,1990年,人口動態統計確定数（日本における日本人）,人,1990,総数,75～79歳,表章項目=死亡数,死因年次推移分類=Hi16_自殺,1373,,2026-09-07T07:39:43Z
vital_suicide_age_sex,0003411659,1985年,人口動態統計確定数（日本における日本人）,人,1985,総数,75～79歳,表章項目=死亡数,死因年次推移分類=Hi16_自殺,1341,,2026-09-07T07:39:43Z
vital_suicide_age_sex,0003411659,1980年,人口動態統計確定数（日本における日本人）,人,1980,総数,75～79歳,表章項目=死亡数,死因年次推移分類=Hi16_自殺,1187,,2026-09-07T07:39:43Z
vital_suicide_age_sex,0003411659,1975年,人口動態統計確定数（日本における日本人）,人,1975,総数,75～79歳,表章項目=死亡数,死因年次推移分類=Hi16_自殺,1149,,2026-09-07T07:39:43Z
vital_suicide_age_sex,0003411659,1970年,人口動態統計確定数（日本における日本人）,人,1970,総数,75～79歳,表章項目=死亡数,死因年次推移分類=Hi16_自殺,846,,2026-09-07T07:39:43Z
vital_suicide_age_sex,0003411659,1965年,人口動態統計確定数（日本における日本人）,人,1965,総数,75～79歳,表章項目=死亡数,死因年次推移分類=Hi16_自殺,727,,2026-09-07T07:39:43Z
vital_suicide_age_sex,0003411659,1960年,人口動態統計確定数（日本における日本人）,人,1960,総数,75～79歳,表章項目=死亡数,死因年次推移分類=Hi16_自殺,688,,2026-09-07T07:39:43Z
vital_suicide_age_sex,0003411659,1955年,人口動態統計確定数（日本における日本人）,人,1955,総数,75～79歳,表章項目=死亡数,死因年次推移分類=Hi16_自殺,730,,2026-09-07T07:39:43Z
vital_suicide_age_sex,0003411659,1950年,人口動態統計確定数（日本における日本人）,人,1950,総数,75～79歳,表章項目=死亡数,死因年次推移分類=Hi16_自殺,672,,2026-09-07T07:39:43Z
vital_suicide_age_sex,0003411659,2024年,人口動態統計確定数（日本における日本人）,人,2024,男,75～79歳,表章項目=死亡数,死因年次推移分類=Hi16_自殺,881,,2026-09-07T07:39:43Z
vital_suicide_age_sex,0003411659,2023年,人口動態統計確定数（日本における日本人）,人,2023,男,75～79歳,表章項目=死亡数,死因年次推移分類=Hi16_自殺,875,,2026-09-07T07:39:43Z
vital_suicide_age_sex,0003411659,2022年,人口動態統計確定数（日本における日本人）,人,2022,男,75～79歳,表章項目=死亡数,死因年次推移分類=Hi16_自殺,832,,2026-09-07T07:39:43Z
vital_suicide_age_sex,0003411659,2021年,人口動態統計確定数（日本における日本人）,人,2021,男,75～79歳,表章項目=死亡数,死因年次推移分類=Hi16_自殺,798,,2026-09-07T07:39:43Z
vital_suicide_age_sex,0003411659,2020年,人口動態統計確定数（日本における日本人）,人,2020,男,75～79歳,表章項目=死亡数,死因年次推移分類=Hi16_自殺,800,,2026-09-07T07:39:43Z
vital_suicide_age_sex,0003411659,2019年,人口動態統計確定数（日本における日本人）,人,2019,男,75～79歳,表章項目=死亡数,死因年次推移分類=Hi16_自殺,856,,2026-09-07T07:39:43Z
vital_suicide_age_sex,0003411659,2018年,人口動態統計確定数（日本における日本人）,人,2018,男,75～79歳,表章項目=死亡数,死因年次推移分類=Hi16_自殺,883,,2026-09-07T07:39:43Z
vital_suicide_age_sex,0003411659,2017年,人口動態統計確定数（日本における日本人）,人,2017,男,75～79歳,表章項目=死亡数,死因年次推移分類=Hi16_自殺,834,,2026-09-07T07:39:43Z
vital_suicide_age_sex,0003411659,2016年,人口動態統計確定数（日本における日本人）,人,2016,男,75～79歳,表章項目=死亡数,死因年次推移分類=Hi16_自殺,850,,2026-09-07T07:39:43Z
vital_suicide_age_sex,0003411659,2015年,人口動態統計確定数（日本における日本人）,人,2015,男,75～79歳,表章項目=死亡数,死因年次推移分類=Hi16_自殺,915,,2026-09-07T07:39:43Z
vital_suicide_age_sex,0003411659,2014年,人口動態統計確定数（日本における日本人）,人,2014,男,75～79歳,表章項目=死亡数,死因年次推移分類=Hi16_自殺,932,,2026-09-07T07:39:43Z
vital_suicide_age_sex,0003411659,2013年,人口動態統計確定数（日本における日本人）,人,2013,男,75～79歳,表章項目=死亡数,死因年次推移分類=Hi16_自殺,1016,,2026-09-07T07:39:43Z
vital_suicide_age_sex,0003411659,2010年,人口動態統計確定数（日本における日本人）,人,2010,男,75～79歳,表章項目=死亡数,死因年次推移分類=Hi16_自殺,987,,2026-09-07T07:39:43Z
vital_suicide_age_sex,0003411659,2005年,人口動態統計確定数（日本における日本人）,人,2005,男,75～79歳,表章項目=死亡数,死因年次推移分類=Hi16_自殺,813,,2026-09-07T07:39:43Z
vital_suicide_age_sex,0003411659,2000年,人口動態統計確定数（日本における日本人）,人,2000,男,75～79歳,表章項目=死亡数,死因年次推移分類=Hi16_自殺,634,,2026-09-07T07:39:43Z
vital_suicide_age_sex,0003411659,1995年,人口動態統計確定数（日本における日本人）,人,1995,男,75～79歳,表章項目=死亡数,死因年次推移分類=Hi16_自殺,533,,2026-09-07T07:39:43Z
vital_suicide_age_sex,0003411659,1990年,人口動態統計確定数（日本における日本人）,人,1990,男,75～79歳,表章項目=死亡数,死因年次推移分類=Hi16_自殺,604,,2026-09-07T07:39:43Z
vital_suicide_age_sex,0003411659,1985年,人口動態統計確定数（日本における日本人）,人,1985,男,75～79歳,表章項目=死亡数,死因年次推移分類=Hi16_自殺,653,,2026-09-07T07:39:43Z
vital_suicide_age_sex,0003411659,1980年,人口動態統計確定数（日本における日本人）,人,1980,男,75～79歳,表章項目=死亡数,死因年次推移分類=Hi16_自殺,528,,2026-09-07T07:39:43Z
vital_suicide_age_sex,0003411659,1975年,人口動態統計確定数（日本における日本人）,人,1975,男,75～79歳,表章項目=死亡数,死因年次推移分類=Hi16_自殺,507,,2026-09-07T07:39:43Z
vital_suicide_age_sex,0003411659,1970年,人口動態統計確定数（日本における日本人）,人,1970,男,75～79歳,表章項目=死亡数,死因年次推移分類=Hi16_自殺,394,,2026-09-07T07:39:43Z
vital_suicide_age_sex,0003411659,1965年,人口動態統計確定数（日本における日本人）,人,1965,男,75～79歳,表章項目=死亡数,死因年次推移分類=Hi16_自殺,344,,2026-09-07T07:39:43Z
vital_suicide_age_sex,0003411659,1960年,人口動態統計確定数（日本における日本人）,人,1960,男,75～79歳,表章項目=死亡数,死因年次推移分類=Hi16_自殺,325,,2026-09-07T07:39:43Z
vital_suicide_age_sex,0003411659,1955年,人口動態統計確定数（日本における日本人）,人,1955,男,75～79歳,表章項目=死亡数,死因年次推移分類=Hi16_自殺,380,,2026-09-07T07:39:43Z
vital_suicide_age_sex,0003411659,1950年,人口動態統計確定数（日本における日本人）,人,1950,男,75～79歳,表章項目=死亡数,死因年次推移分類=Hi16_自殺,324,,2026-09-07T07:39:43Z
vital_suicide_age_sex,0003411659,2024年,人口動態統計確定数（日本における日本人）,人,2024,女,75～79歳,表章項目=死亡数,死因年次推移分類=Hi16_自殺,410,,2026-09-07T07:39:43Z
vital_suicide_age_sex,0003411659,2023年,人口動態統計確定数（日本における日本人）,人,2023,女,75～79歳,表章項目=死亡数,死因年次推移分類=Hi16_自殺,461,,2026-09-07T07:39:43Z
vital_suicide_age_sex,0003411659,2022年,人口動態統計確定数（日本における日本人）,人,2022,女,75～79歳,表章項目=死亡数,死因年次推移分類=Hi16_自殺,477,,2026-09-07T07:39:43Z
vital_suicide_age_sex,0003411659,2021年,人口動態統計確定数（日本における日本人）,人,2021,女,75～79歳,表章項目=死亡数,死因年次推移分類=Hi16_自殺,448,,2026-09-07T07:39:43Z
vital_suicide_age_sex,0003411659,2020年,人口動態統計確定数（日本における日本人）,人,2020,女,75～79歳,表章項目=死亡数,死因年次推移分類=Hi16_自殺,508,,2026-09-07T07:39:43Z
vital_suicide_age_sex,0003411659,2019年,人口動態統計確定数（日本における日本人）,人,2019,女,75～79歳,表章項目=死亡数,死因年次推移分類=Hi16_自殺,447,,2026-09-07T07:39:43Z
vital_suicide_age_sex,0003411659,2018年,人口動態統計確定数（日本における日本人）,人,2018,女,75～79歳,表章項目=死亡数,死因年次推移分類=Hi16_自殺,477,,2026-09-07T07:39:43Z
vital_suicide_age_sex,0003411659,2017年,人口動態統計確定数（日本における日本人）,人,2017,女,75～79歳,表章項目=死亡数,死因年次推移分類=Hi16_自殺,463,,2026-09-07T07:39:43Z
vital_suicide_age_sex,0003411659,2016年,人口動態統計確定数（日本における日本人）,人,2016,女,75～79歳,表章項目=死亡数,死因年次推移分類=Hi16_自殺,487,,2026-09-07T07:39:43Z
vital_suicide_age_sex,0003411659,2015年,人口動態統計確定数（日本における日本人）,人,2015,女,75～79歳,表章項目=死亡数,死因年次推移分類=Hi16_自殺,532,,2026-09-07T07:39:43Z
vital_suicide_age_sex,0003411659,2014年,人口動態統計確定数（日本における日本人）,人,2014,女,75～79歳,表章項目=死亡数,死因年次推移分類=Hi16_自殺,571,,2026-09-07T07:39:43Z
vital_suicide_age_sex,0003411659,2013年,人口動態統計確定数（日本における日本人）,人,2013,女,75～79歳,表章項目=死亡数,死因年次推移分類=Hi16_自殺,634,,2026-09-07T07:39:43Z
vital_suicide_age_sex,0003411659,2010年,人口動態統計確定数（日本における日本人）,人,2010,女,75～79歳,表章項目=死亡数,死因年次推移分類=Hi16_自殺,619,,2026-09-07T07:39:43Z
vital_suicide_age_sex,0003411659,2005年,人口動態統計確定数（日本における日本人）,人,2005,女,75～79歳,表章項目=死亡数,死因年次推移分類=Hi16_自殺,590,,2026-09-07T07:39:43Z
vital_suicide_age_sex,0003411659,2000年,人口動態統計確定数（日本における日本人）,人,2000,女,75～79歳,表章項目=死亡数,死因年次推移分類=Hi16_自殺,661,,2026-09-07T07:39:43Z
vital_suicide_age_sex,0003411659,1995年,人口動態統計確定数（日本における日本人）,人,1995,女,75～79歳,表章項目=死亡数,死因年次推移分類=Hi16_自殺,567,,2026-09-07T07:39:43Z
vital_suicide_age_sex,0003411659,1990年,人口動態統計確定数（日本における日本人）,人,1990,女,75～79歳,表章項目=死亡数,死因年次推移分類=Hi16_自殺,769,,2026-09-07T07:39:43Z
vital_suicide_age_sex,0003411659,1985年,人口動態統計確定数（日本における日本人）,人,1985,女,75～79歳,表章項目=死亡数,死因年次推移分類=Hi16_自殺,688,,2026-09-07T07:39:43Z
vital_suicide_age_sex,0003411659,1980年,人口動態統計確定数（日本における日本人）,人,1980,女,75～79歳,表章項目=死亡数,死因年次推移分類=Hi16_自殺,659,,2026-09-07T07:39:43Z
vital_suicide_age_sex,0003411659,1975年,人口動態統計確定数（日本における日本人）,人,1975,女,75～79歳,表章項目=死亡数,死因年次推移分類=Hi16_自殺,642,,2026-09-07T07:39:43Z
vital_suicide_age_sex,0003411659,1970年,人口動態統計確定数（日本における日本人）,人,1970,女,75～79歳,表章項目=死亡数,死因年次推移分類=Hi16_自殺,452,,2026-09-07T07:39:43Z
vital_suicide_age_sex,0003411659,1965年,人口動態統計確定数（日本における日本人）,人,1965,女,75～79歳,表章項目=死亡数,死因年次推移分類=Hi16_自殺,383,,2026-09-07T07:39:43Z
vital_suicide_age_sex,0003411659,1960年,人口動態統計確定数（日本における日本人）,人,1960,女,75～79歳,表章項目=死亡数,死因年次推移分類=Hi16_自殺,363,,2026-09-07T07:39:43Z
vital_suicide_age_sex,0003411659,1955年,人口動態統計確定数（日本における日本人）,人,1955,女,75～79歳,表章項目=死亡数,死因年次推移分類=Hi16_自殺,350,,2026-09-07T07:39:43Z
vital_suicide_age_sex,0003411659,1950年,人口動態統計確定数（日本における日本人）,人,1950,女,75～79歳,表章項目=死亡数,死因年次推移分類=Hi16_自殺,348,,2026-09-07T07:39:43Z
vital_suicide_age_sex,0003411659,2024年,人口動態統計確定数（日本における日本人）,人,2024,総数,80～84歳,表章項目=死亡数,死因年次推移分類=Hi16_自殺,1064,,2026-09-07T07:39:43Z
vital_suicide_age_sex,0003411659,2023年,人口動態統計確定数（日本における日本人）,人,2023,総数,80～84歳,表章項目=死亡数,死因年次推移分類=Hi16_自殺,1086,,2026-09-07T07:39:43Z
vital_suicide_age_sex,0003411659,2022年,人口動態統計確定数（日本における日本人）,人,2022,総数,80～84歳,表章項目=死亡数,死因年次推移分類=Hi16_自殺,1148,,2026-09-07T07:39:43Z
vital_suicide_age_sex,0003411659,2021年,人口動態統計確定数（日本における日本人）,人,2021,総数,80～84歳,表章項目=死亡数,死因年次推移分類=Hi16_自殺,990,,2026-09-07T07:39:43Z
vital_suicide_age_sex,0003411659,2020年,人口動態統計確定数（日本における日本人）,人,2020,総数,80～84歳,表章項目=死亡数,死因年次推移分類=Hi16_自殺,1055,,2026-09-07T07:39:43Z
vital_suicide_age_sex,0003411659,2019年,人口動態統計確定数（日本における日本人）,人,2019,総数,80～84歳,表章項目=死亡数,死因年次推移分類=Hi16_自殺,1042,,2026-09-07T07:39:43Z
vital_suicide_age_sex,0003411659,2018年,人口動態統計確定数（日本における日本人）,人,2018,総数,80～84歳,表章項目=死亡数,死因年次推移分類=Hi16_自殺,1102,,2026-09-07T07:39:43Z
vital_suicide_age_sex,0003411659,2017年,人口動態統計確定数（日本における日本人）,人,2017,総数,80～84歳,表章項目=死亡数,死因年次推移分類=Hi16_自殺,1107,,2026-09-07T07:39:43Z
vital_suicide_age_sex,0003411659,2016年,人口動態統計確定数（日本における日本人）,人,2016,総数,80～84歳,表章項目=死亡数,死因年次推移分類=Hi16_自殺,1085,,2026-09-07T07:39:43Z
vital_suicide_age_sex,0003411659,2015年,人口動態統計確定数（日本における日本人）,人,2015,総数,80～84歳,表章項目=死亡数,死因年次推移分類=Hi16_自殺,1232,,2026-09-07T07:39:43Z
vital_suicide_age_sex,0003411659,2014年,人口動態統計確定数（日本における日本人）,人,2014,総数,80～84歳,表章項目=死亡数,死因年次推移分類=Hi16_自殺,1207,,2026-09-07T07:39:43Z
vital_suicide_age_sex,0003411659,2013年,人口動態統計確定数（日本における日本人）,人,2013,総数,80～84歳,表章項目=死亡数,死因年次推移分類=Hi16_自殺,1211,,2026-09-07T07:39:43Z
vital_suicide_age_sex,0003411659,2010年,人口動態統計確定数（日本における日本人）,人,2010,総数,80～84歳,表章項目=死亡数,死因年次推移分類=Hi16_自殺,1143,,2026-09-07T07:39:43Z
vital_suicide_age_sex,0003411659,2005年,人口動態統計確定数（日本における日本人）,人,2005,総数,80～84歳,表章項目=死亡数,死因年次推移分類=Hi16_自殺,1039,,2026-09-07T07:39:43Z
vital_suicide_age_sex,0003411659,2000年,人口動態統計確定数（日本における日本人）,人,2000,総数,80～84歳,表章項目=死亡数,死因年次推移分類=Hi16_自殺,1063,,2026-09-07T07:39:43Z
vital_suicide_age_sex,0003411659,1995年,人口動態統計確定数（日本における日本人）,人,1995,総数,80～84歳,表章項目=死亡数,死因年次推移分類=Hi16_自殺,1000,,2026-09-07T07:39:43Z
vital_suicide_age_sex,0003411659,1990年,人口動態統計確定数（日本における日本人）,人,1990,総数,80～84歳,表章項目=死亡数,死因年次推移分類=Hi16_自殺,1074,,2026-09-07T07:39:43Z
vital_suicide_age_sex,0003411659,1985年,人口動態統計確定数（日本における日本人）,人,1985,総数,80～84歳,表章項目=死亡数,死因年次推移分類=Hi16_自殺,974,,2026-09-07T07:39:43Z
vital_suicide_age_sex,0003411659,1980年,人口動態統計確定数（日本における日本人）,人,1980,総数,80～84歳,表章項目=死亡数,死因年次推移分類=Hi16_自殺,777,,2026-09-07T07:39:43Z
vital_suicide_age_sex,0003411659,1975年,人口動態統計確定数（日本における日本人）,人,1975,総数,80～84歳,表章項目=死亡数,死因年次推移分類=Hi16_自殺,711,,2026-09-07T07:39:43Z
vital_suicide_age_sex,0003411659,1970年,人口動態統計確定数（日本における日本人）,人,1970,総数,80～84歳,表章項目=死亡数,死因年次推移分類=Hi16_自殺,474,,2026-09-07T07:39:43Z
vital_suicide_age_sex,0003411659,1965年,人口動態統計確定数（日本における日本人）,人,1965,総数,80～84歳,表章項目=死亡数,死因年次推移分類=Hi16_自殺,480,,2026-09-07T07:39:43Z
vital_suicide_age_sex,0003411659,1960年,人口動態統計確定数（日本における日本人）,人,1960,総数,80～84歳,表章項目=死亡数,死因年次推移分類=Hi16_自殺,398,,2026-09-07T07:39:43Z
vital_suicide_age_sex,0003411659,1955年,人口動態統計確定数（日本における日本人）,人,1955,総数,80～84歳,表章項目=死亡数,死因年次推移分類=Hi16_自殺,350,,2026-09-07T07:39:43Z
vital_suicide_age_sex,0003411659,1950年,人口動態統計確定数（日本における日本人）,人,1950,総数,80～84歳,表章項目=死亡数,死因年次推移分類=Hi16_自殺,297,,2026-09-07T07:39:43Z
vital_suicide_age_sex,0003411659,2024年,人口動態統計確定数（日本における日本人）,人,2024,男,80～84歳,表章項目=死亡数,死因年次推移分類=Hi16_自殺,681,,2026-09-07T07:39:43Z
vital_suicide_age_sex,0003411659,2023年,人口動態統計確定数（日本における日本人）,人,2023,男,80～84歳,表章項目=死亡数,死因年次推移分類=Hi16_自殺,690,,2026-09-07T07:39:43Z
vital_suicide_age_sex,0003411659,2022年,人口動態統計確定数（日本における日本人）,人,2022,男,80～84歳,表章項目=死亡数,死因年次推移分類=Hi16_自殺,749,,2026-09-07T07:39:43Z
vital_suicide_age_sex,0003411659,2021年,人口動態統計確定数（日本における日本人）,人,2021,男,80～84歳,表章項目=死亡数,死因年次推移分類=Hi16_自殺,614,,2026-09-07T07:39:43Z
vital_suicide_age_sex,0003411659,2020年,人口動態統計確定数（日本における日本人）,人,2020,男,80～84歳,表章項目=死亡数,死因年次推移分類=Hi16_自殺,665,,2026-09-07T07:39:43Z
vital_suicide_age_sex,0003411659,2019年,人口動態統計確定数（日本における日本人）,人,2019,男,80～84歳,表章項目=死亡数,死因年次推移分類=Hi16_自殺,637,,2026-09-07T07:39:43Z
vital_suicide_age_sex,0003411659,2018年,人口動態統計確定数（日本における日本人）,人,2018,男,80～84歳,表章項目=死亡数,死因年次推移分類=Hi16_自殺,693,,2026-09-07T07:39:43Z
vital_suicide_age_sex,0003411659,2017年,人口動態統計確定数（日本における日本人）,人,2017,男,80～84歳,表章項目=死亡数,死因年次推移分類=Hi16_自殺,682,,2026-09-07T07:39:43Z
vital_suicide_age_sex,0003411659,2016年,人口動態統計確定数（日本における日本人）,人,2016,男,80～84歳,表章項目=死亡数,死因年次推移分類=Hi16_自殺,657,,2026-09-07T07:39:43Z
vital_suicide_age_sex,0003411659,2015年,人口動態統計確定数（日本における日本人）,人,2015,男,80～84歳,表章項目=死亡数,死因年次推移分類=Hi16_自殺,758,,2026-09-07T07:39:43Z
vital_suicide_age_sex,0003411659,2014年,人口動態統計確定数（日本における日本人）,人,2014,男,80～84歳,表章項目=死亡数,死因年次推移分類=Hi16_自殺,705,,2026-09-07T07:39:43Z
vital_suicide_age_sex,0003411659,2013年,人口動態統計確定数（日本における日本人）,人,2013,男,80～84歳,表章項目=死亡数,死因年次推移分類=Hi16_自殺,696,,2026-09-07T07:39:43Z
vital_suicide_age_sex,0003411659,2010年,人口動態統計確定数（日本における日本人）,人,2010,男,80～84歳,表章項目=死亡数,死因年次推移分類=Hi16_自殺,640,,2026-09-07T07:39:43Z
vital_suicide_age_sex,0003411659,2005年,人口動態統計確定数（日本における日本人）,人,2005,男,80～84歳,表章項目=死亡数,死因年次推移分類=Hi16_自殺,549,,2026-09-07T07:39:43Z
vital_suicide_age_sex,0003411659,2000年,人口動態統計確定数（日本における日本人）,人,2000,男,80～84歳,表章項目=死亡数,死因年次推移分類=Hi16_自殺,506,,2026-09-07T07:39:43Z
vital_suicide_age_sex,0003411659,1995年,人口動態統計確定数（日本における日本人）,人,1995,男,80～84歳,表章項目=死亡数,死因年次推移分類=Hi16_自殺,447,,2026-09-07T07:39:43Z
vital_suicide_age_sex,0003411659,1990年,人口動態統計確定数（日本における日本人）,人,1990,男,80～84歳,表章項目=死亡数,死因年次推移分類=Hi16_自殺,474,,2026-09-07T07:39:43Z
vital_suicide_age_sex,0003411659,1985年,人口動態統計確定数（日本における日本人）,人,1985,男,80～84歳,表章項目=死亡数,死因年次推移分類=Hi16_自殺,435,,2026-09-07T07:39:43Z
vital_suicide_age_sex,0003411659,1980年,人口動態統計確定数（日本における日本人）,人,1980,男,80～84歳,表章項目=死亡数,死因年次推移分類=Hi16_自殺,336,,2026-09-07T07:39:43Z
vital_suicide_age_sex,0003411659,1975年,人口動態統計確定数（日本における日本人）,人,1975,男,80～84歳,表章項目=死亡数,死因年次推移分類=Hi16_自殺,321,,2026-09-07T07:39:43Z
vital_suicide_age_sex,0003411659,1970年,人口動態統計確定数（日本における日本人）,人,1970,男,80～84歳,表章項目=死亡数,死因年次推移分類=Hi16_自殺,205,,2026-09-07T07:39:43Z
vital_suicide_age_sex,0003411659,1965年,人口動態統計確定数（日本における日本人）,人,1965,男,80～84歳,表章項目=死亡数,死因年次推移分類=Hi16_自殺,206,,2026-09-07T07:39:43Z
vital_suicide_age_sex,0003411659,1960年,人口動態統計確定数（日本における日本人）,人,1960,男,80～84歳,表章項目=死亡数,死因年次推移分類=Hi16_自殺,165,,2026-09-07T07:39:43Z
vital_suicide_age_sex,0003411659,1955年,人口動態統計確定数（日本における日本人）,人,1955,男,80～84歳,表章項目=死亡数,死因年次推移分類=Hi16_自殺,163,,2026-09-07T07:39:43Z
vital_suicide_age_sex,0003411659,1950年,人口動態統計確定数（日本における日本人）,人,1950,男,80～84歳,表章項目=死亡数,死因年次推移分類=Hi16_自殺,117,,2026-09-07T07:39:43Z
vital_suicide_age_sex,0003411659,2024年,人口動態統計確定数（日本における日本人）,人,2024,女,80～84歳,表章項目=死亡数,死因年次推移分類=Hi16_自殺,383,,2026-09-07T07:39:43Z
vital_suicide_age_sex,0003411659,2023年,人口動態統計確定数（日本における日本人）,人,2023,女,80～84歳,表章項目=死亡数,死因年次推移分類=Hi16_自殺,396,,2026-09-07T07:39:43Z
vital_suicide_age_sex,0003411659,2022年,人口動態統計確定数（日本における日本人）,人,2022,女,80～84歳,表章項目=死亡数,死因年次推移分類=Hi16_自殺,399,,2026-09-07T07:39:43Z
vital_suicide_age_sex,0003411659,2021年,人口動態統計確定数（日本における日本人）,人,2021,女,80～84歳,表章項目=死亡数,死因年次推移分類=Hi16_自殺,376,,2026-09-07T07:39:43Z
vital_suicide_age_sex,0003411659,2020年,人口動態統計確定数（日本における日本人）,人,2020,女,80～84歳,表章項目=死亡数,死因年次推移分類=Hi16_自殺,390,,2026-09-07T07:39:43Z
vital_suicide_age_sex,0003411659,2019年,人口動態統計確定数（日本における日本人）,人,2019,女,80～84歳,表章項目=死亡数,死因年次推移分類=Hi16_自殺,405,,2026-09-07T07:39:43Z
vital_suicide_age_sex,0003411659,2018年,人口動態統計確定数（日本における日本人）,人,2018,女,80～84歳,表章項目=死亡数,死因年次推移分類=Hi16_自殺,409,,2026-09-07T07:39:43Z
vital_suicide_age_sex,0003411659,2017年,人口動態統計確定数（日本における日本人）,人,2017,女,80～84歳,表章項目=死亡数,死因年次推移分類=Hi16_自殺,425,,2026-09-07T07:39:43Z
vital_suicide_age_sex,0003411659,2016年,人口動態統計確定数（日本における日本人）,人,2016,女,80～84歳,表章項目=死亡数,死因年次推移分類=Hi16_自殺,428,,2026-09-07T07:39:43Z
vital_suicide_age_sex,0003411659,2015年,人口動態統計確定数（日本における日本人）,人,2015,女,80～84歳,表章項目=死亡数,死因年次推移分類=Hi16_自殺,474,,2026-09-07T07:39:43Z
vital_suicide_age_sex,0003411659,2014年,人口動態統計確定数（日本における日本人）,人,2014,女,80～84歳,表章項目=死亡数,死因年次推移分類=Hi16_自殺,502,,2026-09-07T07:39:43Z
vital_suicide_age_sex,0003411659,2013年,人口動態統計確定数（日本における日本人）,人,2013,女,80～84歳,表章項目=死亡数,死因年次推移分類=Hi16_自殺,515,,2026-09-07T07:39:43Z
vital_suicide_age_sex,0003411659,2010年,人口動態統計確定数（日本における日本人）,人,2010,女,80～84歳,表章項目=死亡数,死因年次推移分類=Hi16_自殺,503,,2026-09-07T07:39:43Z
vital_suicide_age_sex,0003411659,2005年,人口動態統計確定数（日本における日本人）,人,2005,女,80～84歳,表章項目=死亡数,死因年次推移分類=Hi16_自殺,490,,2026-09-07T07:39:43Z
vital_suicide_age_sex,0003411659,2000年,人口動態統計確定数（日本における日本人）,人,2000,女,80～84歳,表章項目=死亡数,死因年次推移分類=Hi16_自殺,557,,2026-09-07T07:39:43Z
vital_suicide_age_sex,0003411659,1995年,人口動態統計確定数（日本における日本人）,人,1995,女,80～84歳,表章項目=死亡数,死因年次推移分類=Hi16_自殺,553,,2026-09-07T07:39:43Z
vital_suicide_age_sex,0003411659,1990年,人口動態統計確定数（日本における日本人）,人,1990,女,80～84歳,表章項目=死亡数,死因年次推移分類=Hi16_自殺,600,,2026-09-07T07:39:43Z
vital_suicide_age_sex,0003411659,1985年,人口動態統計確定数（日本における日本人）,人,1985,女,80～84歳,表章項目=死亡数,死因年次推移分類=Hi16_自殺,539,,2026-09-07T07:39:43Z
vital_suicide_age_sex,0003411659,1980年,人口動態統計確定数（日本における日本人）,人,1980,女,80～84歳,表章項目=死亡数,死因年次推移分類=Hi16_自殺,441,,2026-09-07T07:39:43Z
vital_suicide_age_sex,0003411659,1975年,人口動態統計確定数（日本における日本人）,人,1975,女,80～84歳,表章項目=死亡数,死因年次推移分類=Hi16_自殺,390,,2026-09-07T07:39:43Z
vital_suicide_age_sex,0003411659,1970年,人口動態統計確定数（日本における日本人）,人,1970,女,80～84歳,表章項目=死亡数,死因年次推移分類=Hi16_自殺,269,,2026-09-07T07:39:43Z
vital_suicide_age_sex,0003411659,1965年,人口動態統計確定数（日本における日本人）,人,1965,女,80～84歳,表章項目=死亡数,死因年次推移分類=Hi16_自殺,274,,2026-09-07T07:39:43Z
vital_suicide_age_sex,0003411659,1960年,人口動態統計確定数（日本における日本人）,人,1960,女,80～84歳,表章項目=死亡数,死因年次推移分類=Hi16_自殺,233,,2026-09-07T07:39:43Z
vital_suicide_age_sex,0003411659,1955年,人口動態統計確定数（日本における日本人）,人,1955,女,80～84歳,表章項目=死亡数,死因年次推移分類=Hi16_自殺,187,,2026-09-07T07:39:43Z
vital_suicide_age_sex,0003411659,1950年,人口動態統計確定数（日本における日本人）,人,1950,女,80～84歳,表章項目=死亡数,死因年次推移分類=Hi16_自殺,180,,2026-09-07T07:39:43Z
vital_suicide_age_sex,0003411659,2024年,人口動態統計確定数（日本における日本人）,人,2024,総数,85～89歳,表章項目=死亡数,死因年次推移分類=Hi16_自殺,715,,2026-09-07T07:39:43Z
vital_suicide_age_sex,0003411659,2023年,人口動態統計確定数（日本における日本人）,人,2023,総数,85～89歳,表章項目=死亡数,死因年次推移分類=Hi16_自殺,758,,2026-09-07T07:39:43Z
vital_suicide_age_sex,0003411659,2022年,人口動態統計確定数（日本における日本人）,人,2022,総数,85～89歳,表章項目=死亡数,死因年次推移分類=Hi16_自殺,822,,2026-09-07T07:39:43Z
vital_suicide_age_sex,0003411659,2021年,人口動態統計確定数（日本における日本人）,人,2021,総数,85～89歳,表章項目=死亡数,死因年次推移分類=Hi16_自殺,751,,2026-09-07T07:39:43Z
vital_suicide_age_sex,0003411659,2020年,人口動態統計確定数（日本における日本人）,人,2020,総数,85～89歳,表章項目=死亡数,死因年次推移分類=Hi16_自殺,720,,2026-09-07T07:39:43Z
vital_suicide_age_sex,0003411659,2019年,人口動態統計確定数（日本における日本人）,人,2019,総数,85～89歳,表章項目=死亡数,死因年次推移分類=Hi16_自殺,671,,2026-09-07T07:39:43Z
vital_suicide_age_sex,0003411659,2018年,人口動態統計確定数（日本における日本人）,人,2018,総数,85～89歳,表章項目=死亡数,死因年次推移分類=Hi16_自殺,708,,2026-09-07T07:39:43Z
vital_suicide_age_sex,0003411659,2017年,人口動態統計確定数（日本における日本人）,人,2017,総数,85～89歳,表章項目=死亡数,死因年次推移分類=Hi16_自殺,661,,2026-09-07T07:39:43Z
vital_suicide_age_sex,0003411659,2016年,人口動態統計確定数（日本における日本人）,人,2016,総数,85～89歳,表章項目=死亡数,死因年次推移分類=Hi16_自殺,694,,2026-09-07T07:39:43Z
vital_suicide_age_sex,0003411659,2015年,人口動態統計確定数（日本における日本人）,人,2015,総数,85～89歳,表章項目=死亡数,死因年次推移分類=Hi16_自殺,727,,2026-09-07T07:39:43Z
vital_suicide_age_sex,0003411659,2014年,人口動態統計確定数（日本における日本人）,人,2014,総数,85～89歳,表章項目=死亡数,死因年次推移分類=Hi16_自殺,740,,2026-09-07T07:39:43Z
vital_suicide_age_sex,0003411659,2013年,人口動態統計確定数（日本における日本人）,人,2013,総数,85～89歳,表章項目=死亡数,死因年次推移分類=Hi16_自殺,787,,2026-09-07T07:39:43Z
vital_suicide_age_sex,0003411659,2010年,人口動態統計確定数（日本における日本人）,人,2010,総数,85～89歳,表章項目=死亡数,死因年次推移分類=Hi16_自殺,712,,2026-09-07T07:39:43Z
vital_suicide_age_sex,0003411659,2005年,人口動態統計確定数（日本における日本人）,人,2005,総数,85～89歳,表章項目=死亡数,死因年次推移分類=Hi16_自殺,625,,2026-09-07T07:39:43Z
vital_suicide_age_sex,0003411659,2000年,人口動態統計確定数（日本における日本人）,人,2000,総数,85～89歳,表章項目=死亡数,死因年次推移分類=Hi16_自殺,721,,2026-09-07T07:39:43Z
vital_suicide_age_sex,0003411659,1995年,人口動態統計確定数（日本における日本人）,人,1995,総数,85～89歳,表章項目=死亡数,死因年次推移分類=Hi16_自殺,581,,2026-09-07T07:39:43Z
vital_suicide_age_sex,0003411659,1990年,人口動態統計確定数（日本における日本人）,人,1990,総数,85～89歳,表章項目=死亡数,死因年次推移分類=Hi16_自殺,584,,2026-09-07T07:39:43Z
vital_suicide_age_sex,0003411659,1985年,人口動態統計確定数（日本における日本人）,人,1985,総数,85～89歳,表章項目=死亡数,死因年次推移分類=Hi16_自殺,458,,2026-09-07T07:39:43Z
vital_suicide_age_sex,0003411659,1980年,人口動態統計確定数（日本における日本人）,人,1980,総数,85～89歳,表章項目=死亡数,死因年次推移分類=Hi16_自殺,324,,2026-09-07T07:39:43Z
vital_suicide_age_sex,0003411659,1975年,人口動態統計確定数（日本における日本人）,人,1975,総数,85～89歳,表章項目=死亡数,死因年次推移分類=Hi16_自殺,271,,2026-09-07T07:39:43Z
vital_suicide_age_sex,0003411659,1970年,人口動態統計確定数（日本における日本人）,人,1970,総数,85～89歳,表章項目=死亡数,死因年次推移分類=Hi16_自殺,228,,2026-09-07T07:39:43Z
vital_suicide_age_sex,0003411659,1965年,人口動態統計確定数（日本における日本人）,人,1965,総数,85～89歳,表章項目=死亡数,死因年次推移分類=Hi16_自殺,159,,2026-09-07T07:39:43Z
vital_suicide_age_sex,0003411659,1960年,人口動態統計確定数（日本における日本人）,人,1960,総数,85～89歳,表章項目=死亡数,死因年次推移分類=Hi16_自殺,124,,2026-09-07T07:39:43Z
vital_suicide_age_sex,0003411659,1955年,人口動態統計確定数（日本における日本人）,人,1955,総数,85～89歳,表章項目=死亡数,死因年次推移分類=Hi16_自殺,140,,2026-09-07T07:39:43Z
vital_suicide_age_sex,0003411659,1950年,人口動態統計確定数（日本における日本人）,人,1950,総数,85～89歳,表章項目=死亡数,死因年次推移分類=Hi16_自殺,110,,2026-09-07T07:39:43Z
vital_suicide_age_sex,0003411659,2024年,人口動態統計確定数（日本における日本人）,人,2024,男,85～89歳,表章項目=死亡数,死因年次推移分類=Hi16_自殺,465,,2026-09-07T07:39:43Z
vital_suicide_age_sex,0003411659,2023年,人口動態統計確定数（日本における日本人）,人,2023,男,85～89歳,表章項目=死亡数,死因年次推移分類=Hi16_自殺,482,,2026-09-07T07:39:43Z
vital_suicide_age_sex,0003411659,2022年,人口動態統計確定数（日本における日本人）,人,2022,男,85～89歳,表章項目=死亡数,死因年次推移分類=Hi16_自殺,503,,2026-09-07T07:39:43Z
vital_suicide_age_sex,0003411659,2021年,人口動態統計確定数（日本における日本人）,人,2021,男,85～89歳,表章項目=死亡数,死因年次推移分類=Hi16_自殺,456,,2026-09-07T07:39:43Z
vital_suicide_age_sex,0003411659,2020年,人口動態統計確定数（日本における日本人）,人,2020,男,85～89歳,表章項目=死亡数,死因年次推移分類=Hi16_自殺,449,,2026-09-07T07:39:43Z
vital_suicide_age_sex,0003411659,2019年,人口動態統計確定数（日本における日本人）,人,2019,男,85～89歳,表章項目=死亡数,死因年次推移分類=Hi16_自殺,413,,2026-09-07T07:39:43Z
vital_suicide_age_sex,0003411659,2018年,人口動態統計確定数（日本における日本人）,人,2018,男,85～89歳,表章項目=死亡数,死因年次推移分類=Hi16_自殺,421,,2026-09-07T07:39:43Z
vital_suicide_age_sex,0003411659,2017年,人口動態統計確定数（日本における日本人）,人,2017,男,85～89歳,表章項目=死亡数,死因年次推移分類=Hi16_自殺,407,,2026-09-07T07:39:43Z
vital_suicide_age_sex,0003411659,2016年,人口動態統計確定数（日本における日本人）,人,2016,男,85～89歳,表章項目=死亡数,死因年次推移分類=Hi16_自殺,387,,2026-09-07T07:39:43Z
vital_suicide_age_sex,0003411659,2015年,人口動態統計確定数（日本における日本人）,人,2015,男,85～89歳,表章項目=死亡数,死因年次推移分類=Hi16_自殺,424,,2026-09-07T07:39:43Z
vital_suicide_age_sex,0003411659,2014年,人口動態統計確定数（日本における日本人）,人,2014,男,85～89歳,表章項目=死亡数,死因年次推移分類=Hi16_自殺,423,,2026-09-07T07:39:43Z
vital_suicide_age_sex,0003411659,2013年,人口動態統計確定数（日本における日本人）,人,2013,男,85～89歳,表章項目=死亡数,死因年次推移分類=Hi16_自殺,438,,2026-09-07T07:39:43Z
vital_suicide_age_sex,0003411659,2010年,人口動態統計確定数（日本における日本人）,人,2010,男,85～89歳,表章項目=死亡数,死因年次推移分類=Hi16_自殺,354,,2026-09-07T07:39:43Z
vital_suicide_age_sex,0003411659,2005年,人口動態統計確定数（日本における日本人）,人,2005,男,85～89歳,表章項目=死亡数,死因年次推移分類=Hi16_自殺,306,,2026-09-07T07:39:43Z
vital_suicide_age_sex,0003411659,2000年,人口動態統計確定数（日本における日本人）,人,2000,男,85～89歳,表章項目=死亡数,死因年次推移分類=Hi16_自殺,339,,2026-09-07T07:39:43Z
vital_suicide_age_sex,0003411659,1995年,人口動態統計確定数（日本における日本人）,人,1995,男,85～89歳,表章項目=死亡数,死因年次推移分類=Hi16_自殺,264,,2026-09-07T07:39:43Z
vital_suicide_age_sex,0003411659,1990年,人口動態統計確定数（日本における日本人）,人,1990,男,85～89歳,表章項目=死亡数,死因年次推移分類=Hi16_自殺,248,,2026-09-07T07:39:43Z
vital_suicide_age_sex,0003411659,1985年,人口動態統計確定数（日本における日本人）,人,1985,男,85～89歳,表章項目=死亡数,死因年次推移分類=Hi16_自殺,196,,2026-09-07T07:39:43Z
vital_suicide_age_sex,0003411659,1980年,人口動態統計確定数（日本における日本人）,人,1980,男,85～89歳,表章項目=死亡数,死因年次推移分類=Hi16_自殺,150,,2026-09-07T07:39:43Z
vital_suicide_age_sex,0003411659,1975年,人口動態統計確定数（日本における日本人）,人,1975,男,85～89歳,表章項目=死亡数,死因年次推移分類=Hi16_自殺,97,,2026-09-07T07:39:43Z
vital_suicide_age_sex,0003411659,1970年,人口動態統計確定数（日本における日本人）,人,1970,男,85～89歳,表章項目=死亡数,死因年次推移分類=Hi16_自殺,91,,2026-09-07T07:39:43Z
vital_suicide_age_sex,0003411659,1965年,人口動態統計確定数（日本における日本人）,人,1965,男,85～89歳,表章項目=死亡数,死因年次推移分類=Hi16_自殺,54,,2026-09-07T07:39:43Z
vital_suicide_age_sex,0003411659,1960年,人口動態統計確定数（日本における日本人）,人,1960,男,85～89歳,表章項目=死亡数,死因年次推移分類=Hi16_自殺,44,,2026-09-07T07:39:43Z
vital_suicide_age_sex,0003411659,1955年,人口動態統計確定数（日本における日本人）,人,1955,男,85～89歳,表章項目=死亡数,死因年次推移分類=Hi16_自殺,44,,2026-09-07T07:39:43Z
vital_suicide_age_sex,0003411659,1950年,人口動態統計確定数（日本における日本人）,人,1950,男,85～89歳,表章項目=死亡数,死因年次推移分類=Hi16_自殺,43,,2026-09-07T07:39:43Z
vital_suicide_age_sex,0003411659,2024年,人口動態統計確定数（日本における日本人）,人,2024,女,85～89歳,表章項目=死亡数,死因年次推移分類=Hi16_自殺,250,,2026-09-07T07:39:43Z
vital_suicide_age_sex,0003411659,2023年,人口動態統計確定数（日本における日本人）,人,2023,女,85～89歳,表章項目=死亡数,死因年次推移分類=Hi16_自殺,276,,2026-09-07T07:39:43Z
vital_suicide_age_sex,0003411659,2022年,人口動態統計確定数（日本における日本人）,人,2022,女,85～89歳,表章項目=死亡数,死因年次推移分類=Hi16_自殺,319,,2026-09-07T07:39:43Z
vital_suicide_age_sex,0003411659,2021年,人口動態統計確定数（日本における日本人）,人,2021,女,85～89歳,表章項目=死亡数,死因年次推移分類=Hi16_自殺,295,,2026-09-07T07:39:43Z
vital_suicide_age_sex,0003411659,2020年,人口動態統計確定数（日本における日本人）,人,2020,女,85～89歳,表章項目=死亡数,死因年次推移分類=Hi16_自殺,271,,2026-09-07T07:39:43Z
vital_suicide_age_sex,0003411659,2019年,人口動態統計確定数（日本における日本人）,人,2019,女,85～89歳,表章項目=死亡数,死因年次推移分類=Hi16_自殺,258,,2026-09-07T07:39:43Z
vital_suicide_age_sex,0003411659,2018年,人口動態統計確定数（日本における日本人）,人,2018,女,85～89歳,表章項目=死亡数,死因年次推移分類=Hi16_自殺,287,,2026-09-07T07:39:43Z
vital_suicide_age_sex,0003411659,2017年,人口動態統計確定数（日本における日本人）,人,2017,女,85～89歳,表章項目=死亡数,死因年次推移分類=Hi16_自殺,254,,2026-09-07T07:39:43Z
vital_suicide_age_sex,0003411659,2016年,人口動態統計確定数（日本における日本人）,人,2016,女,85～89歳,表章項目=死亡数,死因年次推移分類=Hi16_自殺,307,,2026-09-07T07:39:43Z
vital_suicide_age_sex,0003411659,2015年,人口動態統計確定数（日本における日本人）,人,2015,女,85～89歳,表章項目=死亡数,死因年次推移分類=Hi16_自殺,303,,2026-09-07T07:39:43Z
vital_suicide_age_sex,0003411659,2014年,人口動態統計確定数（日本における日本人）,人,2014,女,85～89歳,表章項目=死亡数,死因年次推移分類=Hi16_自殺,317,,2026-09-07T07:39:43Z
vital_suicide_age_sex,0003411659,2013年,人口動態統計確定数（日本における日本人）,人,2013,女,85～89歳,表章項目=死亡数,死因年次推移分類=Hi16_自殺,349,,2026-09-07T07:39:43Z
vital_suicide_age_sex,0003411659,2010年,人口動態統計確定数（日本における日本人）,人,2010,女,85～89歳,表章項目=死亡数,死因年次推移分類=Hi16_自殺,358,,2026-09-07T07:39:43Z
vital_suicide_age_sex,0003411659,2005年,人口動態統計確定数（日本における日本人）,人,2005,女,85～89歳,表章項目=死亡数,死因年次推移分類=Hi16_自殺,319,,2026-09-07T07:39:43Z
vital_suicide_age_sex,0003411659,2000年,人口動態統計確定数（日本における日本人）,人,2000,女,85～89歳,表章項目=死亡数,死因年次推移分類=Hi16_自殺,382,,2026-09-07T07:39:43Z
vital_suicide_age_sex,0003411659,1995年,人口動態統計確定数（日本における日本人）,人,1995,女,85～89歳,表章項目=死亡数,死因年次推移分類=Hi16_自殺,317,,2026-09-07T07:39:43Z
vital_suicide_age_sex,0003411659,1990年,人口動態統計確定数（日本における日本人）,人,1990,女,85～89歳,表章項目=死亡数,死因年次推移分類=Hi16_自殺,336,,2026-09-07T07:39:43Z
vital_suicide_age_sex,0003411659,1985年,人口動態統計確定数（日本における日本人）,人,1985,女,85～89歳,表章項目=死亡数,死因年次推移分類=Hi16_自殺,262,,2026-09-07T07:39:43Z
vital_suicide_age_sex,0003411659,1980年,人口動態統計確定数（日本における日本人）,人,1980,女,85～89歳,表章項目=死亡数,死因年次推移分類=Hi16_自殺,174,,2026-09-07T07:39:43Z
vital_suicide_age_sex,0003411659,1975年,人口動態統計確定数（日本における日本人）,人,1975,女,85～89歳,表章項目=死亡数,死因年次推移分類=Hi16_自殺,174,,2026-09-07T07:39:43Z
vital_suicide_age_sex,0003411659,1970年,人口動態統計確定数（日本における日本人）,人,1970,女,85～89歳,表章項目=死亡数,死因年次推移分類=Hi16_自殺,137,,2026-09-07T07:39:43Z
vital_suicide_age_sex,0003411659,1965年,人口動態統計確定数（日本における日本人）,人,1965,女,85～89歳,表章項目=死亡数,死因年次推移分類=Hi16_自殺,105,,2026-09-07T07:39:43Z
vital_suicide_age_sex,0003411659,1960年,人口動態統計確定数（日本における日本人）,人,1960,女,85～89歳,表章項目=死亡数,死因年次推移分類=Hi16_自殺,80,,2026-09-07T07:39:43Z
vital_suicide_age_sex,0003411659,1955年,人口動態統計確定数（日本における日本人）,人,1955,女,85～89歳,表章項目=死亡数,死因年次推移分類=Hi16_自殺,96,,2026-09-07T07:39:43Z
vital_suicide_age_sex,0003411659,1950年,人口動態統計確定数（日本における日本人）,人,1950,女,85～89歳,表章項目=死亡数,死因年次推移分類=Hi16_自殺,67,,2026-09-07T07:39:43Z
vital_suicide_age_sex,0003411659,2024年,人口動態統計確定数（日本における日本人）,人,2024,総数,90～94歳,表章項目=死亡数,死因年次推移分類=Hi16_自殺,369,,2026-09-07T07:39:43Z
vital_suicide_age_sex,0003411659,2023年,人口動態統計確定数（日本における日本人）,人,2023,総数,90～94歳,表章項目=死亡数,死因年次推移分類=Hi16_自殺,366,,2026-09-07T07:39:43Z
vital_suicide_age_sex,0003411659,2022年,人口動態統計確定数（日本における日本人）,人,2022,総数,90～94歳,表章項目=死亡数,死因年次推移分類=Hi16_自殺,341,,2026-09-07T07:39:43Z
vital_suicide_age_sex,0003411659,2021年,人口動態統計確定数（日本における日本人）,人,2021,総数,90～94歳,表章項目=死亡数,死因年次推移分類=Hi16_自殺,296,,2026-09-07T07:39:43Z
vital_suicide_age_sex,0003411659,2020年,人口動態統計確定数（日本における日本人）,人,2020,総数,90～94歳,表章項目=死亡数,死因年次推移分類=Hi16_自殺,344,,2026-09-07T07:39:43Z
vital_suicide_age_sex,0003411659,2019年,人口動態統計確定数（日本における日本人）,人,2019,総数,90～94歳,表章項目=死亡数,死因年次推移分類=Hi16_自殺,291,,2026-09-07T07:39:43Z
vital_suicide_age_sex,0003411659,2018年,人口動態統計確定数（日本における日本人）,人,2018,総数,90～94歳,表章項目=死亡数,死因年次推移分類=Hi16_自殺,292,,2026-09-07T07:39:43Z
vital_suicide_age_sex,0003411659,2017年,人口動態統計確定数（日本における日本人）,人,2017,総数,90～94歳,表章項目=死亡数,死因年次推移分類=Hi16_自殺,305,,2026-09-07T07:39:43Z
vital_suicide_age_sex,0003411659,2016年,人口動態統計確定数（日本における日本人）,人,2016,総数,90～94歳,表章項目=死亡数,死因年次推移分類=Hi16_自殺,304,,2026-09-07T07:39:43Z
vital_suicide_age_sex,0003411659,2015年,人口動態統計確定数（日本における日本人）,人,2015,総数,90～94歳,表章項目=死亡数,死因年次推移分類=Hi16_自殺,311,,2026-09-07T07:39:43Z
vital_suicide_age_sex,0003411659,2014年,人口動態統計確定数（日本における日本人）,人,2014,総数,90～94歳,表章項目=死亡数,死因年次推移分類=Hi16_自殺,304,,2026-09-07T07:39:43Z
vital_suicide_age_sex,0003411659,2013年,人口動態統計確定数（日本における日本人）,人,2013,総数,90～94歳,表章項目=死亡数,死因年次推移分類=Hi16_自殺,342,,2026-09-07T07:39:43Z
vital_suicide_age_sex,0003411659,2010年,人口動態統計確定数（日本における日本人）,人,2010,総数,90～94歳,表章項目=死亡数,死因年次推移分類=Hi16_自殺,323,,2026-09-07T07:39:43Z
vital_suicide_age_sex,0003411659,2005年,人口動態統計確定数（日本における日本人）,人,2005,総数,90～94歳,表章項目=死亡数,死因年次推移分類=Hi16_自殺,316,,2026-09-07T07:39:43Z
vital_suicide_age_sex,0003411659,2000年,人口動態統計確定数（日本における日本人）,人,2000,総数,90～94歳,表章項目=死亡数,死因年次推移分類=Hi16_自殺,271,,2026-09-07T07:39:43Z
vital_suicide_age_sex,0003411659,1995年,人口動態統計確定数（日本における日本人）,人,1995,総数,90～94歳,表章項目=死亡数,死因年次推移分類=Hi16_自殺,225,,2026-09-07T07:39:43Z
vital_suicide_age_sex,0003411659,1990年,人口動態統計確定数（日本における日本人）,人,1990,総数,90～94歳,表章項目=死亡数,死因年次推移分類=Hi16_自殺,171,,2026-09-07T07:39:43Z
vital_suicide_age_sex,0003411659,1985年,人口動態統計確定数（日本における日本人）,人,1985,総数,90～94歳,表章項目=死亡数,死因年次推移分類=Hi16_自殺,104,,2026-09-07T07:39:43Z
vital_suicide_age_sex,0003411659,1980年,人口動態統計確定数（日本における日本人）,人,1980,総数,90～94歳,表章項目=死亡数,死因年次推移分類=Hi16_自殺,80,,2026-09-07T07:39:43Z
vital_suicide_age_sex,0003411659,1975年,人口動態統計確定数（日本における日本人）,人,1975,総数,90～94歳,表章項目=死亡数,死因年次推移分類=Hi16_自殺,59,,2026-09-07T07:39:43Z
vital_suicide_age_sex,0003411659,1970年,人口動態統計確定数（日本における日本人）,人,1970,総数,90～94歳,表章項目=死亡数,死因年次推移分類=Hi16_自殺,50,,2026-09-07T07:39:43Z
vital_suicide_age_sex,0003411659,1965年,人口動態統計確定数（日本における日本人）,人,1965,総数,90～94歳,表章項目=死亡数,死因年次推移分類=Hi16_自殺,38,,2026-09-07T07:39:43Z
vital_suicide_age_sex,0003411659,1960年,人口動態統計確定数（日本における日本人）,人,1960,総数,90～94歳,表章項目=死亡数,死因年次推移分類=Hi16_自殺,17,,2026-09-07T07:39:43Z
vital_suicide_age_sex,0003411659,1955年,人口動態統計確定数（日本における日本人）,人,1955,総数,90～94歳,表章項目=死亡数,死因年次推移分類=Hi16_自殺,25,,2026-09-07T07:39:43Z
vital_suicide_age_sex,0003411659,1950年,人口動態統計確定数（日本における日本人）,人,1950,総数,90～94歳,表章項目=死亡数,死因年次推移分類=Hi16_自殺,20,,2026-09-07T07:39:43Z
vital_suicide_age_sex,0003411659,2024年,人口動態統計確定数（日本における日本人）,人,2024,男,90～94歳,表章項目=死亡数,死因年次推移分類=Hi16_自殺,225,,2026-09-07T07:39:43Z
vital_suicide_age_sex,0003411659,2023年,人口動態統計確定数（日本における日本人）,人,2023,男,90～94歳,表章項目=死亡数,死因年次推移分類=Hi16_自殺,224,,2026-09-07T07:39:43Z
vital_suicide_age_sex,0003411659,2022年,人口動態統計確定数（日本における日本人）,人,2022,男,90～94歳,表章項目=死亡数,死因年次推移分類=Hi16_自殺,204,,2026-09-07T07:39:43Z
vital_suicide_age_sex,0003411659,2021年,人口動態統計確定数（日本における日本人）,人,2021,男,90～94歳,表章項目=死亡数,死因年次推移分類=Hi16_自殺,170,,2026-09-07T07:39:43Z
vital_suicide_age_sex,0003411659,2020年,人口動態統計確定数（日本における日本人）,人,2020,男,90～94歳,表章項目=死亡数,死因年次推移分類=Hi16_自殺,196,,2026-09-07T07:39:43Z
vital_suicide_age_sex,0003411659,2019年,人口動態統計確定数（日本における日本人）,人,2019,男,90～94歳,表章項目=死亡数,死因年次推移分類=Hi16_自殺,183,,2026-09-07T07:39:43Z
vital_suicide_age_sex,0003411659,2018年,人口動態統計確定数（日本における日本人）,人,2018,男,90～94歳,表章項目=死亡数,死因年次推移分類=Hi16_自殺,145,,2026-09-07T07:39:43Z
vital_suicide_age_sex,0003411659,2017年,人口動態統計確定数（日本における日本人）,人,2017,男,90～94歳,表章項目=死亡数,死因年次推移分類=Hi16_自殺,157,,2026-09-07T07:39:43Z
vital_suicide_age_sex,0003411659,2016年,人口動態統計確定数（日本における日本人）,人,2016,男,90～94歳,表章項目=死亡数,死因年次推移分類=Hi16_自殺,163,,2026-09-07T07:39:43Z
vital_suicide_age_sex,0003411659,2015年,人口動態統計確定数（日本における日本人）,人,2015,男,90～94歳,表章項目=死亡数,死因年次推移分類=Hi16_自殺,157,,2026-09-07T07:39:43Z
vital_suicide_age_sex,0003411659,2014年,人口動態統計確定数（日本における日本人）,人,2014,男,90～94歳,表章項目=死亡数,死因年次推移分類=Hi16_自殺,158,,2026-09-07T07:39:43Z
vital_suicide_age_sex,0003411659,2013年,人口動態統計確定数（日本における日本人）,人,2013,男,90～94歳,表章項目=死亡数,死因年次推移分類=Hi16_自殺,172,,2026-09-07T07:39:43Z
vital_suicide_age_sex,0003411659,2010年,人口動態統計確定数（日本における日本人）,人,2010,男,90～94歳,表章項目=死亡数,死因年次推移分類=Hi16_自殺,159,,2026-09-07T07:39:43Z
vital_suicide_age_sex,0003411659,2005年,人口動態統計確定数（日本における日本人）,人,2005,男,90～94歳,表章項目=死亡数,死因年次推移分類=Hi16_自殺,146,,2026-09-07T07:39:43Z
vital_suicide_age_sex,0003411659,2000年,人口動態統計確定数（日本における日本人）,人,2000,男,90～94歳,表章項目=死亡数,死因年次推移分類=Hi16_自殺,117,,2026-09-07T07:39:43Z
vital_suicide_age_sex,0003411659,1995年,人口動態統計確定数（日本における日本人）,人,1995,男,90～94歳,表章項目=死亡数,死因年次推移分類=Hi16_自殺,98,,2026-09-07T07:39:43Z
vital_suicide_age_sex,0003411659,1990年,人口動態統計確定数（日本における日本人）,人,1990,男,90～94歳,表章項目=死亡数,死因年次推移分類=Hi16_自殺,72,,2026-09-07T07:39:43Z
vital_suicide_age_sex,0003411659,1985年,人口動態統計確定数（日本における日本人）,人,1985,男,90～94歳,表章項目=死亡数,死因年次推移分類=Hi16_自殺,50,,2026-09-07T07:39:43Z
vital_suicide_age_sex,0003411659,1980年,人口動態統計確定数（日本における日本人）,人,1980,男,90～94歳,表章項目=死亡数,死因年次推移分類=Hi16_自殺,30,,2026-09-07T07:39:43Z
vital_suicide_age_sex,0003411659,1975年,人口動態統計確定数（日本における日本人）,人,1975,男,90～94歳,表章項目=死亡数,死因年次推移分類=Hi16_自殺,20,,2026-09-07T07:39:43Z
vital_suicide_age_sex,0003411659,1970年,人口動態統計確定数（日本における日本人）,人,1970,男,90～94歳,表章項目=死亡数,死因年次推移分類=Hi16_自殺,16,,2026-09-07T07:39:43Z
vital_suicide_age_sex,0003411659,1965年,人口動態統計確定数（日本における日本人）,人,1965,男,90～94歳,表章項目=死亡数,死因年次推移分類=Hi16_自殺,11,,2026-09-07T07:39:43Z
vital_suicide_age_sex,0003411659,1960年,人口動態統計確定数（日本における日本人）,人,1960,男,90～94歳,表章項目=死亡数,死因年次推移分類=Hi16_自殺,4,,2026-09-07T07:39:43Z
vital_suicide_age_sex,0003411659,1955年,人口動態統計確定数（日本における日本人）,人,1955,男,90～94歳,表章項目=死亡数,死因年次推移分類=Hi16_自殺,6,,2026-09-07T07:39:43Z
vital_suicide_age_sex,0003411659,1950年,人口動態統計確定数（日本における日本人）,人,1950,男,90～94歳,表章項目=死亡数,死因年次推移分類=Hi16_自殺,8,,2026-09-07T07:39:43Z
vital_suicide_age_sex,0003411659,2024年,人口動態統計確定数（日本における日本人）,人,2024,女,90～94歳,表章項目=死亡数,死因年次推移分類=Hi16_自殺,144,,2026-09-07T07:39:43Z
vital_suicide_age_sex,0003411659,2023年,人口動態統計確定数（日本における日本人）,人,2023,女,90～94歳,表章項目=死亡数,死因年次推移分類=Hi16_自殺,142,,2026-09-07T07:39:43Z
vital_suicide_age_sex,0003411659,2022年,人口動態統計確定数（日本における日本人）,人,2022,女,90～94歳,表章項目=死亡数,死因年次推移分類=Hi16_自殺,137,,2026-09-07T07:39:43Z
vital_suicide_age_sex,0003411659,2021年,人口動態統計確定数（日本における日本人）,人,2021,女,90～94歳,表章項目=死亡数,死因年次推移分類=Hi16_自殺,126,,2026-09-07T07:39:43Z
vital_suicide_age_sex,0003411659,2020年,人口動態統計確定数（日本における日本人）,人,2020,女,90～94歳,表章項目=死亡数,死因年次推移分類=Hi16_自殺,148,,2026-09-07T07:39:43Z
vital_suicide_age_sex,0003411659,2019年,人口動態統計確定数（日本における日本人）,人,2019,女,90～94歳,表章項目=死亡数,死因年次推移分類=Hi16_自殺,108,,2026-09-07T07:39:43Z
vital_suicide_age_sex,0003411659,2018年,人口動態統計確定数（日本における日本人）,人,2018,女,90～94歳,表章項目=死亡数,死因年次推移分類=Hi16_自殺,147,,2026-09-07T07:39:43Z
vital_suicide_age_sex,0003411659,2017年,人口動態統計確定数（日本における日本人）,人,2017,女,90～94歳,表章項目=死亡数,死因年次推移分類=Hi16_自殺,148,,2026-09-07T07:39:43Z
vital_suicide_age_sex,0003411659,2016年,人口動態統計確定数（日本における日本人）,人,2016,女,90～94歳,表章項目=死亡数,死因年次推移分類=Hi16_自殺,141,,2026-09-07T07:39:43Z
vital_suicide_age_sex,0003411659,2015年,人口動態統計確定数（日本における日本人）,人,2015,女,90～94歳,表章項目=死亡数,死因年次推移分類=Hi16_自殺,154,,2026-09-07T07:39:43Z
vital_suicide_age_sex,0003411659,2014年,人口動態統計確定数（日本における日本人）,人,2014,女,90～94歳,表章項目=死亡数,死因年次推移分類=Hi16_自殺,146,,2026-09-07T07:39:43Z
vital_suicide_age_sex,0003411659,2013年,人口動態統計確定数（日本における日本人）,人,2013,女,90～94歳,表章項目=死亡数,死因年次推移分類=Hi16_自殺,170,,2026-09-07T07:39:43Z
vital_suicide_age_sex,0003411659,2010年,人口動態統計確定数（日本における日本人）,人,2010,女,90～94歳,表章項目=死亡数,死因年次推移分類=Hi16_自殺,164,,2026-09-07T07:39:43Z
vital_suicide_age_sex,0003411659,2005年,人口動態統計確定数（日本における日本人）,人,2005,女,90～94歳,表章項目=死亡数,死因年次推移分類=Hi16_自殺,170,,2026-09-07T07:39:43Z
vital_suicide_age_sex,0003411659,2000年,人口動態統計確定数（日本における日本人）,人,2000,女,90～94歳,表章項目=死亡数,死因年次推移分類=Hi16_自殺,154,,2026-09-07T07:39:43Z
vital_suicide_age_sex,0003411659,1995年,人口動態統計確定数（日本における日本人）,人,1995,女,90～94歳,表章項目=死亡数,死因年次推移分類=Hi16_自殺,127,,2026-09-07T07:39:43Z
vital_suicide_age_sex,0003411659,1990年,人口動態統計確定数（日本における日本人）,人,1990,女,90～94歳,表章項目=死亡数,死因年次推移分類=Hi16_自殺,99,,2026-09-07T07:39:43Z
vital_suicide_age_sex,0003411659,1985年,人口動態統計確定数（日本における日本人）,人,1985,女,90～94歳,表章項目=死亡数,死因年次推移分類=Hi16_自殺,54,,2026-09-07T07:39:43Z
vital_suicide_age_sex,0003411659,1980年,人口動態統計確定数（日本における日本人）,人,1980,女,90～94歳,表章項目=死亡数,死因年次推移分類=Hi16_自殺,50,,2026-09-07T07:39:43Z
vital_suicide_age_sex,0003411659,1975年,人口動態統計確定数（日本における日本人）,人,1975,女,90～94歳,表章項目=死亡数,死因年次推移分類=Hi16_自殺,39,,2026-09-07T07:39:43Z
vital_suicide_age_sex,0003411659,1970年,人口動態統計確定数（日本における日本人）,人,1970,女,90～94歳,表章項目=死亡数,死因年次推移分類=Hi16_自殺,34,,2026-09-07T07:39:43Z
vital_suicide_age_sex,0003411659,1965年,人口動態統計確定数（日本における日本人）,人,1965,女,90～94歳,表章項目=死亡数,死因年次推移分類=Hi16_自殺,27,,2026-09-07T07:39:43Z
vital_suicide_age_sex,0003411659,1960年,人口動態統計確定数（日本における日本人）,人,1960,女,90～94歳,表章項目=死亡数,死因年次推移分類=Hi16_自殺,13,,2026-09-07T07:39:43Z
vital_suicide_age_sex,0003411659,1955年,人口動態統計確定数（日本における日本人）,人,1955,女,90～94歳,表章項目=死亡数,死因年次推移分類=Hi16_自殺,19,,2026-09-07T07:39:43Z
vital_suicide_age_sex,0003411659,1950年,人口動態統計確定数（日本における日本人）,人,1950,女,90～94歳,表章項目=死亡数,死因年次推移分類=Hi16_自殺,12,,2026-09-07T07:39:43Z
vital_suicide_age_sex,0003411659,2024年,人口動態統計確定数（日本における日本人）,人,2024,総数,95～99歳,表章項目=死亡数,死因年次推移分類=Hi16_自殺,91,,2026-09-07T07:39:43Z
vital_suicide_age_sex,0003411659,2023年,人口動態統計確定数（日本における日本人）,人,2023,総数,95～99歳,表章項目=死亡数,死因年次推移分類=Hi16_自殺,84,,2026-09-07T07:39:43Z
vital_suicide_age_sex,0003411659,2022年,人口動態統計確定数（日本における日本人）,人,2022,総数,95～99歳,表章項目=死亡数,死因年次推移分類=Hi16_自殺,97,,2026-09-07T07:39:43Z
vital_suicide_age_sex,0003411659,2021年,人口動態統計確定数（日本における日本人）,人,2021,総数,95～99歳,表章項目=死亡数,死因年次推移分類=Hi16_自殺,94,,2026-09-07T07:39:43Z
vital_suicide_age_sex,0003411659,2020年,人口動態統計確定数（日本における日本人）,人,2020,総数,95～99歳,表章項目=死亡数,死因年次推移分類=Hi16_自殺,66,,2026-09-07T07:39:43Z
vital_suicide_age_sex,0003411659,2019年,人口動態統計確定数（日本における日本人）,人,2019,総数,95～99歳,表章項目=死亡数,死因年次推移分類=Hi16_自殺,50,,2026-09-07T07:39:43Z
vital_suicide_age_sex,0003411659,2018年,人口動態統計確定数（日本における日本人）,人,2018,総数,95～99歳,表章項目=死亡数,死因年次推移分類=Hi16_自殺,61,,2026-09-07T07:39:43Z
vital_suicide_age_sex,0003411659,2017年,人口動態統計確定数（日本における日本人）,人,2017,総数,95～99歳,表章項目=死亡数,死因年次推移分類=Hi16_自殺,80,,2026-09-07T07:39:43Z
vital_suicide_age_sex,0003411659,2016年,人口動態統計確定数（日本における日本人）,人,2016,総数,95～99歳,表章項目=死亡数,死因年次推移分類=Hi16_自殺,53,,2026-09-07T07:39:43Z
vital_suicide_age_sex,0003411659,2015年,人口動態統計確定数（日本における日本人）,人,2015,総数,95～99歳,表章項目=死亡数,死因年次推移分類=Hi16_自殺,73,,2026-09-07T07:39:43Z
vital_suicide_age_sex,0003411659,2014年,人口動態統計確定数（日本における日本人）,人,2014,総数,95～99歳,表章項目=死亡数,死因年次推移分類=Hi16_自殺,77,,2026-09-07T07:39:43Z
vital_suicide_age_sex,0003411659,2013年,人口動態統計確定数（日本における日本人）,人,2013,総数,95～99歳,表章項目=死亡数,死因年次推移分類=Hi16_自殺,81,,2026-09-07T07:39:43Z
vital_suicide_age_sex,0003411659,2010年,人口動態統計確定数（日本における日本人）,人,2010,総数,95～99歳,表章項目=死亡数,死因年次推移分類=Hi16_自殺,83,,2026-09-07T07:39:43Z
vital_suicide_age_sex,0003411659,2005年,人口動態統計確定数（日本における日本人）,人,2005,総数,95～99歳,表章項目=死亡数,死因年次推移分類=Hi16_自殺,66,,2026-09-07T07:39:43Z
vital_suicide_age_sex,0003411659,2000年,人口動態統計確定数（日本における日本人）,人,2000,総数,95～99歳,表章項目=死亡数,死因年次推移分類=Hi16_自殺,59,,2026-09-07T07:39:43Z
vital_suicide_age_sex,0003411659,1995年,人口動態統計確定数（日本における日本人）,人,1995,総数,95～99歳,表章項目=死亡数,死因年次推移分類=Hi16_自殺,32,,2026-09-07T07:39:43Z
vital_suicide_age_sex,0003411659,1990年,人口動態統計確定数（日本における日本人）,人,1990,総数,95～99歳,表章項目=死亡数,死因年次推移分類=Hi16_自殺,17,,2026-09-07T07:39:43Z
vital_suicide_age_sex,0003411659,1985年,人口動態統計確定数（日本における日本人）,人,1985,総数,95～99歳,表章項目=死亡数,死因年次推移分類=Hi16_自殺,14,,2026-09-07T07:39:43Z
vital_suicide_age_sex,0003411659,1980年,人口動態統計確定数（日本における日本人）,人,1980,総数,95～99歳,表章項目=死亡数,死因年次推移分類=Hi16_自殺,14,,2026-09-07T07:39:43Z
vital_suicide_age_sex,0003411659,1975年,人口動態統計確定数（日本における日本人）,人,1975,総数,95～99歳,表章項目=死亡数,死因年次推移分類=Hi16_自殺,4,,2026-09-07T07:39:43Z
vital_suicide_age_sex,0003411659,1970年,人口動態統計確定数（日本における日本人）,人,1970,総数,95～99歳,表章項目=死亡数,死因年次推移分類=Hi16_自殺,6,,2026-09-07T07:39:43Z
vital_suicide_age_sex,0003411659,1965年,人口動態統計確定数（日本における日本人）,人,1965,総数,95～99歳,表章項目=死亡数,死因年次推移分類=Hi16_自殺,4,,2026-09-07T07:39:43Z
vital_suicide_age_sex,0003411659,1960年,人口動態統計確定数（日本における日本人）,人,1960,総数,95～99歳,表章項目=死亡数,死因年次推移分類=Hi16_自殺,,-,2026-09-07T07:39:43Z
vital_suicide_age_sex,0003411659,1955年,人口動態統計確定数（日本における日本人）,人,1955,総数,95～99歳,表章項目=死亡数,死因年次推移分類=Hi16_自殺,2,,2026-09-07T07:39:43Z
vital_suicide_age_sex,0003411659,1950年,人口動態統計確定数（日本における日本人）,人,1950,総数,95～99歳,表章項目=死亡数,死因年次推移分類=Hi16_自殺,4,,2026-09-07T07:39:43Z
vital_suicide_age_sex,0003411659,2024年,人口動態統計確定数（日本における日本人）,人,2024,男,95～99歳,表章項目=死亡数,死因年次推移分類=Hi16_自殺,57,,2026-09-07T07:39:43Z
vital_suicide_age_sex,0003411659,2023年,人口動態統計確定数（日本における日本人）,人,2023,男,95～99歳,表章項目=死亡数,死因年次推移分類=Hi16_自殺,49,,2026-09-07T07:39:43Z
vital_suicide_age_sex,0003411659,2022年,人口動態統計確定数（日本における日本人）,人,2022,男,95～99歳,表章項目=死亡数,死因年次推移分類=Hi16_自殺,56,,2026-09-07T07:39:43Z
vital_suicide_age_sex,0003411659,2021年,人口動態統計確定数（日本における日本人）,人,2021,男,95～99歳,表章項目=死亡数,死因年次推移分類=Hi16_自殺,47,,2026-09-07T07:39:43Z
vital_suicide_age_sex,0003411659,2020年,人口動態統計確定数（日本における日本人）,人,2020,男,95～99歳,表章項目=死亡数,死因年次推移分類=Hi16_自殺,34,,2026-09-07T07:39:43Z
vital_suicide_age_sex,0003411659,2019年,人口動態統計確定数（日本における日本人）,人,2019,男,95～99歳,表章項目=死亡数,死因年次推移分類=Hi16_自殺,25,,2026-09-07T07:39:43Z
vital_suicide_age_sex,0003411659,2018年,人口動態統計確定数（日本における日本人）,人,2018,男,95～99歳,表章項目=死亡数,死因年次推移分類=Hi16_自殺,25,,2026-09-07T07:39:43Z
vital_suicide_age_sex,0003411659,2017年,人口動態統計確定数（日本における日本人）,人,2017,男,95～99歳,表章項目=死亡数,死因年次推移分類=Hi16_自殺,35,,2026-09-07T07:39:43Z
vital_suicide_age_sex,0003411659,2016年,人口動態統計確定数（日本における日本人）,人,2016,男,95～99歳,表章項目=死亡数,死因年次推移分類=Hi16_自殺,26,,2026-09-07T07:39:43Z
vital_suicide_age_sex,0003411659,2015年,人口動態統計確定数（日本における日本人）,人,2015,男,95～99歳,表章項目=死亡数,死因年次推移分類=Hi16_自殺,34,,2026-09-07T07:39:43Z
vital_suicide_age_sex,0003411659,2014年,人口動態統計確定数（日本における日本人）,人,2014,男,95～99歳,表章項目=死亡数,死因年次推移分類=Hi16_自殺,31,,2026-09-07T07:39:43Z
vital_suicide_age_sex,0003411659,2013年,人口動態統計確定数（日本における日本人）,人,2013,男,95～99歳,表章項目=死亡数,死因年次推移分類=Hi16_自殺,39,,2026-09-07T07:39:43Z
vital_suicide_age_sex,0003411659,2010年,人口動態統計確定数（日本における日本人）,人,2010,男,95～99歳,表章項目=死亡数,死因年次推移分類=Hi16_自殺,46,,2026-09-07T07:39:43Z
vital_suicide_age_sex,0003411659,2005年,人口動態統計確定数（日本における日本人）,人,2005,男,95～99歳,表章項目=死亡数,死因年次推移分類=Hi16_自殺,36,,2026-09-07T07:39:43Z
vital_suicide_age_sex,0003411659,2000年,人口動態統計確定数（日本における日本人）,人,2000,男,95～99歳,表章項目=死亡数,死因年次推移分類=Hi16_自殺,18,,2026-09-07T07:39:43Z
vital_suicide_age_sex,0003411659,1995年,人口動態統計確定数（日本における日本人）,人,1995,男,95～99歳,表章項目=死亡数,死因年次推移分類=Hi16_自殺,15,,2026-09-07T07:39:43Z
vital_suicide_age_sex,0003411659,1990年,人口動態統計確定数（日本における日本人）,人,1990,男,95～99歳,表章項目=死亡数,死因年次推移分類=Hi16_自殺,7,,2026-09-07T07:39:43Z
vital_suicide_age_sex,0003411659,1985年,人口動態統計確定数（日本における日本人）,人,1985,男,95～99歳,表章項目=死亡数,死因年次推移分類=Hi16_自殺,5,,2026-09-07T07:39:43Z
vital_suicide_age_sex,0003411659,1980年,人口動態統計確定数（日本における日本人）,人,1980,男,95～99歳,表章項目=死亡数,死因年次推移分類=Hi16_自殺,6,,2026-09-07T07:39:43Z
vital_suicide_age_sex,0003411659,1975年,人口動態統計確定数（日本における日本人）,人,1975,男,95～99歳,表章項目=死亡数,死因年次推移分類=Hi16_自殺,3,,2026-09-07T07:39:43Z
vital_suicide_age_sex,0003411659,1970年,人口動態統計確定数（日本における日本人）,人,1970,男,95～99歳,表章項目=死亡数,死因年次推移分類=Hi16_自殺,2,,2026-09-07T07:39:43Z
vital_suicide_age_sex,0003411659,1965年,人口動態統計確定数（日本における日本人）,人,1965,男,95～99歳,表章項目=死亡数,死因年次推移分類=Hi16_自殺,,-,2026-09-07T07:39:43Z
vital_suicide_age_sex,0003411659,1960年,人口動態統計確定数（日本における日本人）,人,1960,男,95～99歳,表章項目=死亡数,死因年次推移分類=Hi16_自殺,,-,2026-09-07T07:39:43Z
vital_suicide_age_sex,0003411659,1955年,人口動態統計確定数（日本における日本人）,人,1955,男,95～99歳,表章項目=死亡数,死因年次推移分類=Hi16_自殺,1,,2026-09-07T07:39:43Z
vital_suicide_age_sex,0003411659,1950年,人口動態統計確定数（日本における日本人）,人,1950,男,95～99歳,表章項目=死亡数,死因年次推移分類=Hi16_自殺,2,,2026-09-07T07:39:43Z
vital_suicide_age_sex,0003411659,2024年,人口動態統計確定数（日本における日本人）,人,2024,女,95～99歳,表章項目=死亡数,死因年次推移分類=Hi16_自殺,34,,2026-09-07T07:39:43Z
vital_suicide_age_sex,0003411659,2023年,人口動態統計確定数（日本における日本人）,人,2023,女,95～99歳,表章項目=死亡数,死因年次推移分類=Hi16_自殺,35,,2026-09-07T07:39:43Z
vital_suicide_age_sex,0003411659,2022年,人口動態統計確定数（日本における日本人）,人,2022,女,95～99歳,表章項目=死亡数,死因年次推移分類=Hi16_自殺,41,,2026-09-07T07:39:43Z
vital_suicide_age_sex,0003411659,2021年,人口動態統計確定数（日本における日本人）,人,2021,女,95～99歳,表章項目=死亡数,死因年次推移分類=Hi16_自殺,47,,2026-09-07T07:39:43Z
vital_suicide_age_sex,0003411659,2020年,人口動態統計確定数（日本における日本人）,人,2020,女,95～99歳,表章項目=死亡数,死因年次推移分類=Hi16_自殺,32,,2026-09-07T07:39:43Z
vital_suicide_age_sex,0003411659,2019年,人口動態統計確定数（日本における日本人）,人,2019,女,95～99歳,表章項目=死亡数,死因年次推移分類=Hi16_自殺,25,,2026-09-07T07:39:43Z
vital_suicide_age_sex,0003411659,2018年,人口動態統計確定数（日本における日本人）,人,2018,女,95～99歳,表章項目=死亡数,死因年次推移分類=Hi16_自殺,36,,2026-09-07T07:39:43Z
vital_suicide_age_sex,0003411659,2017年,人口動態統計確定数（日本における日本人）,人,2017,女,95～99歳,表章項目=死亡数,死因年次推移分類=Hi16_自殺,45,,2026-09-07T07:39:43Z
vital_suicide_age_sex,0003411659,2016年,人口動態統計確定数（日本における日本人）,人,2016,女,95～99歳,表章項目=死亡数,死因年次推移分類=Hi16_自殺,27,,2026-09-07T07:39:43Z
vital_suicide_age_sex,0003411659,2015年,人口動態統計確定数（日本における日本人）,人,2015,女,95～99歳,表章項目=死亡数,死因年次推移分類=Hi16_自殺,39,,2026-09-07T07:39:43Z
vital_suicide_age_sex,0003411659,2014年,人口動態統計確定数（日本における日本人）,人,2014,女,95～99歳,表章項目=死亡数,死因年次推移分類=Hi16_自殺,46,,2026-09-07T07:39:43Z
vital_suicide_age_sex,0003411659,2013年,人口動態統計確定数（日本における日本人）,人,2013,女,95～99歳,表章項目=死亡数,死因年次推移分類=Hi16_自殺,42,,2026-09-07T07:39:43Z
vital_suicide_age_sex,0003411659,2010年,人口動態統計確定数（日本における日本人）,人,2010,女,95～99歳,表章項目=死亡数,死因年次推移分類=Hi16_自殺,37,,2026-09-07T07:39:43Z
vital_suicide_age_sex,0003411659,2005年,人口動態統計確定数（日本における日本人）,人,2005,女,95～99歳,表章項目=死亡数,死因年次推移分類=Hi16_自殺,30,,2026-09-07T07:39:43Z
vital_suicide_age_sex,0003411659,2000年,人口動態統計確定数（日本における日本人）,人,2000,女,95～99歳,表章項目=死亡数,死因年次推移分類=Hi16_自殺,41,,2026-09-07T07:39:43Z
vital_suicide_age_sex,0003411659,1995年,人口動態統計確定数（日本における日本人）,人,1995,女,95～99歳,表章項目=死亡数,死因年次推移分類=Hi16_自殺,17,,2026-09-07T07:39:43Z
vital_suicide_age_sex,0003411659,1990年,人口動態統計確定数（日本における日本人）,人,1990,女,95～99歳,表章項目=死亡数,死因年次推移分類=Hi16_自殺,10,,2026-09-07T07:39:43Z
vital_suicide_age_sex,0003411659,1985年,人口動態統計確定数（日本における日本人）,人,1985,女,95～99歳,表章項目=死亡数,死因年次推移分類=Hi16_自殺,9,,2026-09-07T07:39:43Z
vital_suicide_age_sex,0003411659,1980年,人口動態統計確定数（日本における日本人）,人,1980,女,95～99歳,表章項目=死亡数,死因年次推移分類=Hi16_自殺,8,,2026-09-07T07:39:43Z
vital_suicide_age_sex,0003411659,1975年,人口動態統計確定数（日本における日本人）,人,1975,女,95～99歳,表章項目=死亡数,死因年次推移分類=Hi16_自殺,1,,2026-09-07T07:39:43Z
vital_suicide_age_sex,0003411659,1970年,人口動態統計確定数（日本における日本人）,人,1970,女,95～99歳,表章項目=死亡数,死因年次推移分類=Hi16_自殺,4,,2026-09-07T07:39:43Z
vital_suicide_age_sex,0003411659,1965年,人口動態統計確定数（日本における日本人）,人,1965,女,95～99歳,表章項目=死亡数,死因年次推移分類=Hi16_自殺,4,,2026-09-07T07:39:43Z
vital_suicide_age_sex,0003411659,1960年,人口動態統計確定数（日本における日本人）,人,1960,女,95～99歳,表章項目=死亡数,死因年次推移分類=Hi16_自殺,,-,2026-09-07T07:39:43Z
vital_suicide_age_sex,0003411659,1955年,人口動態統計確定数（日本における日本人）,人,1955,女,95～99歳,表章項目=死亡数,死因年次推移分類=Hi16_自殺,1,,2026-09-07T07:39:43Z
vital_suicide_age_sex,0003411659,1950年,人口動態統計確定数（日本における日本人）,人,1950,女,95～99歳,表章項目=死亡数,死因年次推移分類=Hi16_自殺,2,,2026-09-07T07:39:43Z
vital_suicide_age_sex,0003411659,2024年,人口動態統計確定数（日本における日本人）,人,2024,総数,100歳以上,表章項目=死亡数,死因年次推移分類=Hi16_自殺,8,,2026-09-07T07:39:43Z
vital_suicide_age_sex,0003411659,2023年,人口動態統計確定数（日本における日本人）,人,2023,総数,100歳以上,表章項目=死亡数,死因年次推移分類=Hi16_自殺,9,,2026-09-07T07:39:43Z
vital_suicide_age_sex,0003411659,2022年,人口動態統計確定数（日本における日本人）,人,2022,総数,100歳以上,表章項目=死亡数,死因年次推移分類=Hi16_自殺,11,,2026-09-07T07:39:43Z
vital_suicide_age_sex,0003411659,2021年,人口動態統計確定数（日本における日本人）,人,2021,総数,100歳以上,表章項目=死亡数,死因年次推移分類=Hi16_自殺,15,,2026-09-07T07:39:43Z
vital_suicide_age_sex,0003411659,2020年,人口動態統計確定数（日本における日本人）,人,2020,総数,100歳以上,表章項目=死亡数,死因年次推移分類=Hi16_自殺,11,,2026-09-07T07:39:43Z
vital_suicide_age_sex,0003411659,2019年,人口動態統計確定数（日本における日本人）,人,2019,総数,100歳以上,表章項目=死亡数,死因年次推移分類=Hi16_自殺,3,,2026-09-07T07:39:43Z
vital_suicide_age_sex,0003411659,2018年,人口動態統計確定数（日本における日本人）,人,2018,総数,100歳以上,表章項目=死亡数,死因年次推移分類=Hi16_自殺,12,,2026-09-07T07:39:43Z
vital_suicide_age_sex,0003411659,2017年,人口動態統計確定数（日本における日本人）,人,2017,総数,100歳以上,表章項目=死亡数,死因年次推移分類=Hi16_自殺,12,,2026-09-07T07:39:43Z
vital_suicide_age_sex,0003411659,2016年,人口動態統計確定数（日本における日本人）,人,2016,総数,100歳以上,表章項目=死亡数,死因年次推移分類=Hi16_自殺,9,,2026-09-07T07:39:43Z
vital_suicide_age_sex,0003411659,2015年,人口動態統計確定数（日本における日本人）,人,2015,総数,100歳以上,表章項目=死亡数,死因年次推移分類=Hi16_自殺,13,,2026-09-07T07:39:43Z
vital_suicide_age_sex,0003411659,2014年,人口動態統計確定数（日本における日本人）,人,2014,総数,100歳以上,表章項目=死亡数,死因年次推移分類=Hi16_自殺,7,,2026-09-07T07:39:43Z
vital_suicide_age_sex,0003411659,2013年,人口動態統計確定数（日本における日本人）,人,2013,総数,100歳以上,表章項目=死亡数,死因年次推移分類=Hi16_自殺,4,,2026-09-07T07:39:43Z
vital_suicide_age_sex,0003411659,2010年,人口動態統計確定数（日本における日本人）,人,2010,総数,100歳以上,表章項目=死亡数,死因年次推移分類=Hi16_自殺,5,,2026-09-07T07:39:43Z
vital_suicide_age_sex,0003411659,2005年,人口動態統計確定数（日本における日本人）,人,2005,総数,100歳以上,表章項目=死亡数,死因年次推移分類=Hi16_自殺,8,,2026-09-07T07:39:43Z
vital_suicide_age_sex,0003411659,2000年,人口動態統計確定数（日本における日本人）,人,2000,総数,100歳以上,表章項目=死亡数,死因年次推移分類=Hi16_自殺,5,,2026-09-07T07:39:43Z
vital_suicide_age_sex,0003411659,1995年,人口動態統計確定数（日本における日本人）,人,1995,総数,100歳以上,表章項目=死亡数,死因年次推移分類=Hi16_自殺,2,,2026-09-07T07:39:43Z
vital_suicide_age_sex,0003411659,1990年,人口動態統計確定数（日本における日本人）,人,1990,総数,100歳以上,表章項目=死亡数,死因年次推移分類=Hi16_自殺,,-,2026-09-07T07:39:43Z
vital_suicide_age_sex,0003411659,1985年,人口動態統計確定数（日本における日本人）,人,1985,総数,100歳以上,表章項目=死亡数,死因年次推移分類=Hi16_自殺,2,,2026-09-07T07:39:43Z
vital_suicide_age_sex,0003411659,1980年,人口動態統計確定数（日本における日本人）,人,1980,総数,100歳以上,表章項目=死亡数,死因年次推移分類=Hi16_自殺,,-,2026-09-07T07:39:43Z
vital_suicide_age_sex,0003411659,1975年,人口動態統計確定数（日本における日本人）,人,1975,総数,100歳以上,表章項目=死亡数,死因年次推移分類=Hi16_自殺,1,,2026-09-07T07:39:43Z
vital_suicide_age_sex,0003411659,1970年,人口動態統計確定数（日本における日本人）,人,1970,総数,100歳以上,表章項目=死亡数,死因年次推移分類=Hi16_自殺,,-,2026-09-07T07:39:43Z
vital_suicide_age_sex,0003411659,1965年,人口動態統計確定数（日本における日本人）,人,1965,総数,100歳以上,表章項目=死亡数,死因年次推移分類=Hi16_自殺,,-,2026-09-07T07:39:43Z
vital_suicide_age_sex,0003411659,1960年,人口動態統計確定数（日本における日本人）,人,1960,総数,100歳以上,表章項目=死亡数,死因年次推移分類=Hi16_自殺,,-,2026-09-07T07:39:43Z
vital_suicide_age_sex,0003411659,1955年,人口動態統計確定数（日本における日本人）,人,1955,総数,100歳以上,表章項目=死亡数,死因年次推移分類=Hi16_自殺,,-,2026-09-07T07:39:43Z
vital_suicide_age_sex,0003411659,1950年,人口動態統計確定数（日本における日本人）,人,1950,総数,100歳以上,表章項目=死亡数,死因年次推移分類=Hi16_自殺,,-,2026-09-07T07:39:43Z
vital_suicide_age_sex,0003411659,2024年,人口動態統計確定数（日本における日本人）,人,2024,男,100歳以上,表章項目=死亡数,死因年次推移分類=Hi16_自殺,3,,2026-09-07T07:39:43Z
vital_suicide_age_sex,0003411659,2023年,人口動態統計確定数（日本における日本人）,人,2023,男,100歳以上,表章項目=死亡数,死因年次推移分類=Hi16_自殺,2,,2026-09-07T07:39:43Z
vital_suicide_age_sex,0003411659,2022年,人口動態統計確定数（日本における日本人）,人,2022,男,100歳以上,表章項目=死亡数,死因年次推移分類=Hi16_自殺,6,,2026-09-07T07:39:43Z
vital_suicide_age_sex,0003411659,2021年,人口動態統計確定数（日本における日本人）,人,2021,男,100歳以上,表章項目=死亡数,死因年次推移分類=Hi16_自殺,8,,2026-09-07T07:39:43Z
vital_suicide_age_sex,0003411659,2020年,人口動態統計確定数（日本における日本人）,人,2020,男,100歳以上,表章項目=死亡数,死因年次推移分類=Hi16_自殺,6,,2026-09-07T07:39:43Z
vital_suicide_age_sex,0003411659,2019年,人口動態統計確定数（日本における日本人）,人,2019,男,100歳以上,表章項目=死亡数,死因年次推移分類=Hi16_自殺,,-,2026-09-07T07:39:43Z
vital_suicide_age_sex,0003411659,2018年,人口動態統計確定数（日本における日本人）,人,2018,男,100歳以上,表章項目=死亡数,死因年次推移分類=Hi16_自殺,5,,2026-09-07T07:39:43Z
vital_suicide_age_sex,0003411659,2017年,人口動態統計確定数（日本における日本人）,人,2017,男,100歳以上,表章項目=死亡数,死因年次推移分類=Hi16_自殺,4,,2026-09-07T07:39:43Z
vital_suicide_age_sex,0003411659,2016年,人口動態統計確定数（日本における日本人）,人,2016,男,100歳以上,表章項目=死亡数,死因年次推移分類=Hi16_自殺,5,,2026-09-07T07:39:43Z
vital_suicide_age_sex,0003411659,2015年,人口動態統計確定数（日本における日本人）,人,2015,男,100歳以上,表章項目=死亡数,死因年次推移分類=Hi16_自殺,8,,2026-09-07T07:39:43Z
vital_suicide_age_sex,0003411659,2014年,人口動態統計確定数（日本における日本人）,人,2014,男,100歳以上,表章項目=死亡数,死因年次推移分類=Hi16_自殺,3,,2026-09-07T07:39:43Z
vital_suicide_age_sex,0003411659,2013年,人口動態統計確定数（日本における日本人）,人,2013,男,100歳以上,表章項目=死亡数,死因年次推移分類=Hi16_自殺,1,,2026-09-07T07:39:43Z
vital_suicide_age_sex,0003411659,2010年,人口動態統計確定数（日本における日本人）,人,2010,男,100歳以上,表章項目=死亡数,死因年次推移分類=Hi16_自殺,1,,2026-09-07T07:39:43Z
vital_suicide_age_sex,0003411659,2005年,人口動態統計確定数（日本における日本人）,人,2005,男,100歳以上,表章項目=死亡数,死因年次推移分類=Hi16_自殺,7,,2026-09-07T07:39:43Z
vital_suicide_age_sex,0003411659,2000年,人口動態統計確定数（日本における日本人）,人,2000,男,100歳以上,表章項目=死亡数,死因年次推移分類=Hi16_自殺,4,,2026-09-07T07:39:43Z
vital_suicide_age_sex,0003411659,1995年,人口動態統計確定数（日本における日本人）,人,1995,男,100歳以上,表章項目=死亡数,死因年次推移分類=Hi16_自殺,1,,2026-09-07T07:39:43Z
vital_suicide_age_sex,0003411659,1990年,人口動態統計確定数（日本における日本人）,人,1990,男,100歳以上,表章項目=死亡数,死因年次推移分類=Hi16_自殺,,-,2026-09-07T07:39:43Z
vital_suicide_age_sex,0003411659,1985年,人口動態統計確定数（日本における日本人）,人,1985,男,100歳以上,表章項目=死亡数,死因年次推移分類=Hi16_自殺,1,,2026-09-07T07:39:43Z
vital_suicide_age_sex,0003411659,1980年,人口動態統計確定数（日本における日本人）,人,1980,男,100歳以上,表章項目=死亡数,死因年次推移分類=Hi16_自殺,,-,2026-09-07T07:39:43Z
vital_suicide_age_sex,0003411659,1975年,人口動態統計確定数（日本における日本人）,人,1975,男,100歳以上,表章項目=死亡数,死因年次推移分類=Hi16_自殺,1,,2026-09-07T07:39:43Z
vital_suicide_age_sex,0003411659,1970年,人口動態統計確定数（日本における日本人）,人,1970,男,100歳以上,表章項目=死亡数,死因年次推移分類=Hi16_自殺,,-,2026-09-07T07:39:43Z
vital_suicide_age_sex,0003411659,1965年,人口動態統計確定数（日本における日本人）,人,1965,男,100歳以上,表章項目=死亡数,死因年次推移分類=Hi16_自殺,,-,2026-09-07T07:39:43Z
vital_suicide_age_sex,0003411659,1960年,人口動態統計確定数（日本における日本人）,人,1960,男,100歳以上,表章項目=死亡数,死因年次推移分類=Hi16_自殺,,-,2026-09-07T07:39:43Z
vital_suicide_age_sex,0003411659,1955年,人口動態統計確定数（日本における日本人）,人,1955,男,100歳以上,表章項目=死亡数,死因年次推移分類=Hi16_自殺,,-,2026-09-07T07:39:43Z
vital_suicide_age_sex,0003411659,1950年,人口動態統計確定数（日本における日本人）,人,1950,男,100歳以上,表章項目=死亡数,死因年次推移分類=Hi16_自殺,,-,2026-09-07T07:39:43Z
vital_suicide_age_sex,0003411659,2024年,人口動態統計確定数（日本における日本人）,人,2024,女,100歳以上,表章項目=死亡数,死因年次推移分類=Hi16_自殺,5,,2026-09-07T07:39:43Z
vital_suicide_age_sex,0003411659,2023年,人口動態統計確定数（日本における日本人）,人,2023,女,100歳以上,表章項目=死亡数,死因年次推移分類=Hi16_自殺,7,,2026-09-07T07:39:43Z
vital_suicide_age_sex,0003411659,2022年,人口動態統計確定数（日本における日本人）,人,2022,女,100歳以上,表章項目=死亡数,死因年次推移分類=Hi16_自殺,5,,2026-09-07T07:39:43Z
vital_suicide_age_sex,0003411659,2021年,人口動態統計確定数（日本における日本人）,人,2021,女,100歳以上,表章項目=死亡数,死因年次推移分類=Hi16_自殺,7,,2026-09-07T07:39:43Z
vital_suicide_age_sex,0003411659,2020年,人口動態統計確定数（日本における日本人）,人,2020,女,100歳以上,表章項目=死亡数,死因年次推移分類=Hi16_自殺,5,,2026-09-07T07:39:43Z
vital_suicide_age_sex,0003411659,2019年,人口動態統計確定数（日本における日本人）,人,2019,女,100歳以上,表章項目=死亡数,死因年次推移分類=Hi16_自殺,3,,2026-09-07T07:39:43Z
vital_suicide_age_sex,0003411659,2018年,人口動態統計確定数（日本における日本人）,人,2018,女,100歳以上,表章項目=死亡数,死因年次推移分類=Hi16_自殺,7,,2026-09-07T07:39:43Z
vital_suicide_age_sex,0003411659,2017年,人口動態統計確定数（日本における日本人）,人,2017,女,100歳以上,表章項目=死亡数,死因年次推移分類=Hi16_自殺,8,,2026-09-07T07:39:43Z
vital_suicide_age_sex,0003411659,2016年,人口動態統計確定数（日本における日本人）,人,2016,女,100歳以上,表章項目=死亡数,死因年次推移分類=Hi16_自殺,4,,2026-09-07T07:39:43Z
vital_suicide_age_sex,0003411659,2015年,人口動態統計確定数（日本における日本人）,人,2015,女,100歳以上,表章項目=死亡数,死因年次推移分類=Hi16_自殺,5,,2026-09-07T07:39:43Z
vital_suicide_age_sex,0003411659,2014年,人口動態統計確定数（日本における日本人）,人,2014,女,100歳以上,表章項目=死亡数,死因年次推移分類=Hi16_自殺,4,,2026-09-07T07:39:43Z
vital_suicide_age_sex,0003411659,2013年,人口動態統計確定数（日本における日本人）,人,2013,女,100歳以上,表章項目=死亡数,死因年次推移分類=Hi16_自殺,3,,2026-09-07T07:39:43Z
vital_suicide_age_sex,0003411659,2010年,人口動態統計確定数（日本における日本人）,人,2010,女,100歳以上,表章項目=死亡数,死因年次推移分類=Hi16_自殺,4,,2026-09-07T07:39:43Z
vital_suicide_age_sex,0003411659,2005年,人口動態統計確定数（日本における日本人）,人,2005,女,100歳以上,表章項目=死亡数,死因年次推移分類=Hi16_自殺,1,,2026-09-07T07:39:43Z
vital_suicide_age_sex,0003411659,2000年,人口動態統計確定数（日本における日本人）,人,2000,女,100歳以上,表章項目=死亡数,死因年次推移分類=Hi16_自殺,1,,2026-09-07T07:39:43Z
vital_suicide_age_sex,0003411659,1995年,人口動態統計確定数（日本における日本人）,人,1995,女,100歳以上,表章項目=死亡数,死因年次推移分類=Hi16_自殺,1,,2026-09-07T07:39:43Z
vital_suicide_age_sex,0003411659,1990年,人口動態統計確定数（日本における日本人）,人,1990,女,100歳以上,表章項目=死亡数,死因年次推移分類=Hi16_自殺,,-,2026-09-07T07:39:43Z
vital_suicide_age_sex,0003411659,1985年,人口動態統計確定数（日本における日本人）,人,1985,女,100歳以上,表章項目=死亡数,死因年次推移分類=Hi16_自殺,1,,2026-09-07T07:39:43Z
vital_suicide_age_sex,0003411659,1980年,人口動態統計確定数（日本における日本人）,人,1980,女,100歳以上,表章項目=死亡数,死因年次推移分類=Hi16_自殺,,-,2026-09-07T07:39:43Z
vital_suicide_age_sex,0003411659,1975年,人口動態統計確定数（日本における日本人）,人,1975,女,100歳以上,表章項目=死亡数,死因年次推移分類=Hi16_自殺,,-,2026-09-07T07:39:43Z
vital_suicide_age_sex,0003411659,1970年,人口動態統計確定数（日本における日本人）,人,1970,女,100歳以上,表章項目=死亡数,死因年次推移分類=Hi16_自殺,,-,2026-09-07T07:39:43Z
vital_suicide_age_sex,0003411659,1965年,人口動態統計確定数（日本における日本人）,人,1965,女,100歳以上,表章項目=死亡数,死因年次推移分類=Hi16_自殺,,-,2026-09-07T07:39:43Z
vital_suicide_age_sex,0003411659,1960年,人口動態統計確定数（日本における日本人）,人,1960,女,100歳以上,表章項目=死亡数,死因年次推移分類=Hi16_自殺,,-,2026-09-07T07:39:43Z
vital_suicide_age_sex,0003411659,1955年,人口動態統計確定数（日本における日本人）,人,1955,女,100歳以上,表章項目=死亡数,死因年次推移分類=Hi16_自殺,,-,2026-09-07T07:39:43Z
vital_suicide_age_sex,0003411659,1950年,人口動態統計確定数（日本における日本人）,人,1950,女,100歳以上,表章項目=死亡数,死因年次推移分類=Hi16_自殺,,-,2026-09-07T07:39:43Z
vital_suicide_age_sex,0003411659,2024年,人口動態統計確定数（日本における日本人）,人,2024,総数,不詳,表章項目=死亡数,死因年次推移分類=Hi16_自殺,25,,2026-09-07T07:39:43Z
vital_suicide_age_sex,0003411659,2023年,人口動態統計確定数（日本における日本人）,人,2023,総数,不詳,表章項目=死亡数,死因年次推移分類=Hi16_自殺,35,,2026-09-07T07:39:43Z
vital_suicide_age_sex,0003411659,2022年,人口動態統計確定数（日本における日本人）,人,2022,総数,不詳,表章項目=死亡数,死因年次推移分類=Hi16_自殺,40,,2026-09-07T07:39:43Z
vital_suicide_age_sex,0003411659,2021年,人口動態統計確定数（日本における日本人）,人,2021,総数,不詳,表章項目=死亡数,死因年次推移分類=Hi16_自殺,37,,2026-09-07T07:39:43Z
vital_suicide_age_sex,0003411659,2020年,人口動態統計確定数（日本における日本人）,人,2020,総数,不詳,表章項目=死亡数,死因年次推移分類=Hi16_自殺,40,,2026-09-07T07:39:43Z
vital_suicide_age_sex,0003411659,2019年,人口動態統計確定数（日本における日本人）,人,2019,総数,不詳,表章項目=死亡数,死因年次推移分類=Hi16_自殺,36,,2026-09-07T07:39:43Z
vital_suicide_age_sex,0003411659,2018年,人口動態統計確定数（日本における日本人）,人,2018,総数,不詳,表章項目=死亡数,死因年次推移分類=Hi16_自殺,47,,2026-09-07T07:39:43Z
vital_suicide_age_sex,0003411659,2017年,人口動態統計確定数（日本における日本人）,人,2017,総数,不詳,表章項目=死亡数,死因年次推移分類=Hi16_自殺,48,,2026-09-07T07:39:43Z
vital_suicide_age_sex,0003411659,2016年,人口動態統計確定数（日本における日本人）,人,2016,総数,不詳,表章項目=死亡数,死因年次推移分類=Hi16_自殺,60,,2026-09-07T07:39:43Z
vital_suicide_age_sex,0003411659,2015年,人口動態統計確定数（日本における日本人）,人,2015,総数,不詳,表章項目=死亡数,死因年次推移分類=Hi16_自殺,68,,2026-09-07T07:39:43Z
vital_suicide_age_sex,0003411659,2014年,人口動態統計確定数（日本における日本人）,人,2014,総数,不詳,表章項目=死亡数,死因年次推移分類=Hi16_自殺,72,,2026-09-07T07:39:43Z
vital_suicide_age_sex,0003411659,2013年,人口動態統計確定数（日本における日本人）,人,2013,総数,不詳,表章項目=死亡数,死因年次推移分類=Hi16_自殺,89,,2026-09-07T07:39:43Z
vital_suicide_age_sex,0003411659,2010年,人口動態統計確定数（日本における日本人）,人,2010,総数,不詳,表章項目=死亡数,死因年次推移分類=Hi16_自殺,153,,2026-09-07T07:39:43Z
vital_suicide_age_sex,0003411659,2005年,人口動態統計確定数（日本における日本人）,人,2005,総数,不詳,表章項目=死亡数,死因年次推移分類=Hi16_自殺,188,,2026-09-07T07:39:43Z
vital_suicide_age_sex,0003411659,2000年,人口動態統計確定数（日本における日本人）,人,2000,総数,不詳,表章項目=死亡数,死因年次推移分類=Hi16_自殺,267,,2026-09-07T07:39:43Z
vital_suicide_age_sex,0003411659,1995年,人口動態統計確定数（日本における日本人）,人,1995,総数,不詳,表章項目=死亡数,死因年次推移分類=Hi16_自殺,177,,2026-09-07T07:39:43Z
vital_suicide_age_sex,0003411659,1990年,人口動態統計確定数（日本における日本人）,人,1990,総数,不詳,表章項目=死亡数,死因年次推移分類=Hi16_自殺,86,,2026-09-07T07:39:43Z
vital_suicide_age_sex,0003411659,1985年,人口動態統計確定数（日本における日本人）,人,1985,総数,不詳,表章項目=死亡数,死因年次推移分類=Hi16_自殺,126,,2026-09-07T07:39:43Z
vital_suicide_age_sex,0003411659,1980年,人口動態統計確定数（日本における日本人）,人,1980,総数,不詳,表章項目=死亡数,死因年次推移分類=Hi16_自殺,126,,2026-09-07T07:39:43Z
vital_suicide_age_sex,0003411659,1975年,人口動態統計確定数（日本における日本人）,人,1975,総数,不詳,表章項目=死亡数,死因年次推移分類=Hi16_自殺,136,,2026-09-07T07:39:43Z
vital_suicide_age_sex,0003411659,1970年,人口動態統計確定数（日本における日本人）,人,1970,総数,不詳,表章項目=死亡数,死因年次推移分類=Hi16_自殺,126,,2026-09-07T07:39:43Z
vital_suicide_age_sex,0003411659,1965年,人口動態統計確定数（日本における日本人）,人,1965,総数,不詳,表章項目=死亡数,死因年次推移分類=Hi16_自殺,8,,2026-09-07T07:39:43Z
vital_suicide_age_sex,0003411659,1960年,人口動態統計確定数（日本における日本人）,人,1960,総数,不詳,表章項目=死亡数,死因年次推移分類=Hi16_自殺,11,,2026-09-07T07:39:43Z
vital_suicide_age_sex,0003411659,1955年,人口動態統計確定数（日本における日本人）,人,1955,総数,不詳,表章項目=死亡数,死因年次推移分類=Hi16_自殺,15,,2026-09-07T07:39:43Z
vital_suicide_age_sex,0003411659,1950年,人口動態統計確定数（日本における日本人）,人,1950,総数,不詳,表章項目=死亡数,死因年次推移分類=Hi16_自殺,110,,2026-09-07T07:39:43Z
vital_suicide_age_sex,0003411659,2024年,人口動態統計確定数（日本における日本人）,人,2024,男,不詳,表章項目=死亡数,死因年次推移分類=Hi16_自殺,22,,2026-09-07T07:39:43Z
vital_suicide_age_sex,0003411659,2023年,人口動態統計確定数（日本における日本人）,人,2023,男,不詳,表章項目=死亡数,死因年次推移分類=Hi16_自殺,28,,2026-09-07T07:39:43Z
vital_suicide_age_sex,0003411659,2022年,人口動態統計確定数（日本における日本人）,人,2022,男,不詳,表章項目=死亡数,死因年次推移分類=Hi16_自殺,36,,2026-09-07T07:39:43Z
vital_suicide_age_sex,0003411659,2021年,人口動態統計確定数（日本における日本人）,人,2021,男,不詳,表章項目=死亡数,死因年次推移分類=Hi16_自殺,33,,2026-09-07T07:39:43Z
vital_suicide_age_sex,0003411659,2020年,人口動態統計確定数（日本における日本人）,人,2020,男,不詳,表章項目=死亡数,死因年次推移分類=Hi16_自殺,36,,2026-09-07T07:39:43Z
vital_suicide_age_sex,0003411659,2019年,人口動態統計確定数（日本における日本人）,人,2019,男,不詳,表章項目=死亡数,死因年次推移分類=Hi16_自殺,31,,2026-09-07T07:39:43Z
vital_suicide_age_sex,0003411659,2018年,人口動態統計確定数（日本における日本人）,人,2018,男,不詳,表章項目=死亡数,死因年次推移分類=Hi16_自殺,43,,2026-09-07T07:39:43Z
vital_suicide_age_sex,0003411659,2017年,人口動態統計確定数（日本における日本人）,人,2017,男,不詳,表章項目=死亡数,死因年次推移分類=Hi16_自殺,42,,2026-09-07T07:39:43Z
vital_suicide_age_sex,0003411659,2016年,人口動態統計確定数（日本における日本人）,人,2016,男,不詳,表章項目=死亡数,死因年次推移分類=Hi16_自殺,56,,2026-09-07T07:39:43Z
vital_suicide_age_sex,0003411659,2015年,人口動態統計確定数（日本における日本人）,人,2015,男,不詳,表章項目=死亡数,死因年次推移分類=Hi16_自殺,60,,2026-09-07T07:39:43Z
vital_suicide_age_sex,0003411659,2014年,人口動態統計確定数（日本における日本人）,人,2014,男,不詳,表章項目=死亡数,死因年次推移分類=Hi16_自殺,61,,2026-09-07T07:39:43Z
vital_suicide_age_sex,0003411659,2013年,人口動態統計確定数（日本における日本人）,人,2013,男,不詳,表章項目=死亡数,死因年次推移分類=Hi16_自殺,84,,2026-09-07T07:39:43Z
vital_suicide_age_sex,0003411659,2010年,人口動態統計確定数（日本における日本人）,人,2010,男,不詳,表章項目=死亡数,死因年次推移分類=Hi16_自殺,130,,2026-09-07T07:39:43Z
vital_suicide_age_sex,0003411659,2005年,人口動態統計確定数（日本における日本人）,人,2005,男,不詳,表章項目=死亡数,死因年次推移分類=Hi16_自殺,169,,2026-09-07T07:39:43Z
vital_suicide_age_sex,0003411659,2000年,人口動態統計確定数（日本における日本人）,人,2000,男,不詳,表章項目=死亡数,死因年次推移分類=Hi16_自殺,244,,2026-09-07T07:39:43Z
vital_suicide_age_sex,0003411659,1995年,人口動態統計確定数（日本における日本人）,人,1995,男,不詳,表章項目=死亡数,死因年次推移分類=Hi16_自殺,157,,2026-09-07T07:39:43Z
vital_suicide_age_sex,0003411659,1990年,人口動態統計確定数（日本における日本人）,人,1990,男,不詳,表章項目=死亡数,死因年次推移分類=Hi16_自殺,68,,2026-09-07T07:39:43Z
vital_suicide_age_sex,0003411659,1985年,人口動態統計確定数（日本における日本人）,人,1985,男,不詳,表章項目=死亡数,死因年次推移分類=Hi16_自殺,111,,2026-09-07T07:39:43Z
vital_suicide_age_sex,0003411659,1980年,人口動態統計確定数（日本における日本人）,人,1980,男,不詳,表章項目=死亡数,死因年次推移分類=Hi16_自殺,112,,2026-09-07T07:39:43Z
vital_suicide_age_sex,0003411659,1975年,人口動態統計確定数（日本における日本人）,人,1975,男,不詳,表章項目=死亡数,死因年次推移分類=Hi16_自殺,118,,2026-09-07T07:39:43Z
vital_suicide_age_sex,0003411659,1970年,人口動態統計確定数（日本における日本人）,人,1970,男,不詳,表章項目=死亡数,死因年次推移分類=Hi16_自殺,97,,2026-09-07T07:39:43Z
vital_suicide_age_sex,0003411659,1965年,人口動態統計確定数（日本における日本人）,人,1965,男,不詳,表章項目=死亡数,死因年次推移分類=Hi16_自殺,7,,2026-09-07T07:39:43Z
vital_suicide_age_sex,0003411659,1960年,人口動態統計確定数（日本における日本人）,人,1960,男,不詳,表章項目=死亡数,死因年次推移分類=Hi16_自殺,10,,2026-09-07T07:39:43Z
vital_suicide_age_sex,0003411659,1955年,人口動態統計確定数（日本における日本人）,人,1955,男,不詳,表章項目=死亡数,死因年次推移分類=Hi16_自殺,13,,2026-09-07T07:39:43Z
vital_suicide_age_sex,0003411659,1950年,人口動態統計確定数（日本における日本人）,人,1950,男,不詳,表章項目=死亡数,死因年次推移分類=Hi16_自殺,79,,2026-09-07T07:39:43Z
vital_suicide_age_sex,0003411659,2024年,人口動態統計確定数（日本における日本人）,人,2024,女,不詳,表章項目=死亡数,死因年次推移分類=Hi16_自殺,3,,2026-09-07T07:39:43Z
vital_suicide_age_sex,0003411659,2023年,人口動態統計確定数（日本における日本人）,人,2023,女,不詳,表章項目=死亡数,死因年次推移分類=Hi16_自殺,7,,2026-09-07T07:39:43Z
vital_suicide_age_sex,0003411659,2022年,人口動態統計確定数（日本における日本人）,人,2022,女,不詳,表章項目=死亡数,死因年次推移分類=Hi16_自殺,4,,2026-09-07T07:39:43Z
vital_suicide_age_sex,0003411659,2021年,人口動態統計確定数（日本における日本人）,人,2021,女,不詳,表章項目=死亡数,死因年次推移分類=Hi16_自殺,4,,2026-09-07T07:39:43Z
vital_suicide_age_sex,0003411659,2020年,人口動態統計確定数（日本における日本人）,人,2020,女,不詳,表章項目=死亡数,死因年次推移分類=Hi16_自殺,4,,2026-09-07T07:39:43Z
vital_suicide_age_sex,0003411659,2019年,人口動態統計確定数（日本における日本人）,人,2019,女,不詳,表章項目=死亡数,死因年次推移分類=Hi16_自殺,5,,2026-09-07T07:39:43Z
vital_suicide_age_sex,0003411659,2018年,人口動態統計確定数（日本における日本人）,人,2018,女,不詳,表章項目=死亡数,死因年次推移分類=Hi16_自殺,4,,2026-09-07T07:39:43Z
vital_suicide_age_sex,0003411659,2017年,人口動態統計確定数（日本における日本人）,人,2017,女,不詳,表章項目=死亡数,死因年次推移分類=Hi16_自殺,6,,2026-09-07T07:39:43Z
vital_suicide_age_sex,0003411659,2016年,人口動態統計確定数（日本における日本人）,人,2016,女,不詳,表章項目=死亡数,死因年次推移分類=Hi16_自殺,4,,2026-09-07T07:39:43Z
vital_suicide_age_sex,0003411659,2015年,人口動態統計確定数（日本における日本人）,人,2015,女,不詳,表章項目=死亡数,死因年次推移分類=Hi16_自殺,8,,2026-09-07T07:39:43Z
vital_suicide_age_sex,0003411659,2014年,人口動態統計確定数（日本における日本人）,人,2014,女,不詳,表章項目=死亡数,死因年次推移分類=Hi16_自殺,11,,2026-09-07T07:39:43Z
vital_suicide_age_sex,0003411659,2013年,人口動態統計確定数（日本における日本人）,人,2013,女,不詳,表章項目=死亡数,死因年次推移分類=Hi16_自殺,5,,2026-09-07T07:39:43Z
vital_suicide_age_sex,0003411659,2010年,人口動態統計確定数（日本における日本人）,人,2010,女,不詳,表章項目=死亡数,死因年次推移分類=Hi16_自殺,23,,2026-09-07T07:39:43Z
vital_suicide_age_sex,0003411659,2005年,人口動態統計確定数（日本における日本人）,人,2005,女,不詳,表章項目=死亡数,死因年次推移分類=Hi16_自殺,19,,2026-09-07T07:39:43Z
vital_suicide_age_sex,0003411659,2000年,人口動態統計確定数（日本における日本人）,人,2000,女,不詳,表章項目=死亡数,死因年次推移分類=Hi16_自殺,23,,2026-09-07T07:39:43Z
vital_suicide_age_sex,0003411659,1995年,人口動態統計確定数（日本における日本人）,人,1995,女,不詳,表章項目=死亡数,死因年次推移分類=Hi16_自殺,20,,2026-09-07T07:39:43Z
vital_suicide_age_sex,0003411659,1990年,人口動態統計確定数（日本における日本人）,人,1990,女,不詳,表章項目=死亡数,死因年次推移分類=Hi16_自殺,18,,2026-09-07T07:39:43Z
vital_suicide_age_sex,0003411659,1985年,人口動態統計確定数（日本における日本人）,人,1985,女,不詳,表章項目=死亡数,死因年次推移分類=Hi16_自殺,15,,2026-09-07T07:39:43Z
vital_suicide_age_sex,0003411659,1980年,人口動態統計確定数（日本における日本人）,人,1980,女,不詳,表章項目=死亡数,死因年次推移分類=Hi16_自殺,14,,2026-09-07T07:39:43Z
vital_suicide_age_sex,0003411659,1975年,人口動態統計確定数（日本における日本人）,人,1975,女,不詳,表章項目=死亡数,死因年次推移分類=Hi16_自殺,18,,2026-09-07T07:39:43Z
vital_suicide_age_sex,0003411659,1970年,人口動態統計確定数（日本における日本人）,人,1970,女,不詳,表章項目=死亡数,死因年次推移分類=Hi16_自殺,29,,2026-09-07T07:39:43Z
vital_suicide_age_sex,0003411659,1965年,人口動態統計確定数（日本における日本人）,人,1965,女,不詳,表章項目=死亡数,死因年次推移分類=Hi16_自殺,1,,2026-09-07T07:39:43Z
vital_suicide_age_sex,0003411659,1960年,人口動態統計確定数（日本における日本人）,人,1960,女,不詳,表章項目=死亡数,死因年次推移分類=Hi16_自殺,1,,2026-09-07T07:39:43Z
vital_suicide_age_sex,0003411659,1955年,人口動態統計確定数（日本における日本人）,人,1955,女,不詳,表章項目=死亡数,死因年次推移分類=Hi16_自殺,2,,2026-09-07T07:39:43Z
vital_suicide_age_sex,0003411659,1950年,人口動態統計確定数（日本における日本人）,人,1950,女,不詳,表章項目=死亡数,死因年次推移分類=Hi16_自殺,31,,2026-09-07T07:39:43Z
